measurement_id,oligo_id,subject_class,source_ref,legacy_redistribution,rights_tier,declared_licence,licence_class,regulator,licence_basis,journal,extracted_data_release,proposed_hold,hold_reason
TMSR511,TOLG056,human_clinical,"PMID 30732140 / PMC6380863 / doi:10.1097/MD.0000000000014254 (Liu C, Li K. Medicine (Baltimore). 2019;98(6):e14254)",summary_stat,B_cc_licensed,cc by-nc-nd,cc_nd_derivatives_restricted,,,Medicine,permitted,no,
TMSR512,TOLG057,human_clinical,"PMC10472096 / PMID 37364001 / doi:10.1158/1078-0432.CCR-22-2483 (Roschewski M et al., Clin Cancer Res 2023;29:3301-3312)",summary_stat,B_cc_licensed,cc by-nc-nd,cc_nd_derivatives_restricted,,,Clinical cancer research : an official journal of the American Association for Cancer Research,permitted,no,
TMSR513,TOLG057,human_clinical,"PMC10472096 / PMID 37364001 / doi:10.1158/1078-0432.CCR-22-2483 (Roschewski M et al., Clin Cancer Res 2023;29:3301-3312)",summary_stat,B_cc_licensed,cc by-nc-nd,cc_nd_derivatives_restricted,,,Clinical cancer research : an official journal of the American Association for Cancer Research,permitted,no,
TMSR514,TOLG057,human_clinical,"PMC10472096 / PMID 37364001 / doi:10.1158/1078-0432.CCR-22-2483 (Roschewski M et al., Clin Cancer Res 2023;29:3301-3312)",summary_stat,B_cc_licensed,cc by-nc-nd,cc_nd_derivatives_restricted,,,Clinical cancer research : an official journal of the American Association for Cancer Research,permitted,no,
TMSR515,TOLG057,human_clinical,"PMC10472096 / PMID 37364001 / doi:10.1158/1078-0432.CCR-22-2483 (Roschewski M et al., Clin Cancer Res 2023;29:3301-3312)",summary_stat,B_cc_licensed,cc by-nc-nd,cc_nd_derivatives_restricted,,,Clinical cancer research : an official journal of the American Association for Cancer Research,permitted,no,
TMSR516,TOLG057,human_clinical,"PMC10472096 / PMID 37364001 / doi:10.1158/1078-0432.CCR-22-2483 (Roschewski M et al., Clin Cancer Res 2023;29:3301-3312)",summary_stat,B_cc_licensed,cc by-nc-nd,cc_nd_derivatives_restricted,,,Clinical cancer research : an official journal of the American Association for Cancer Research,permitted,no,
TMSR517,TOLG057,human_clinical,"PMC10472096 / PMID 37364001 / doi:10.1158/1078-0432.CCR-22-2483 (Roschewski M et al., Clin Cancer Res 2023;29:3301-3312)",summary_stat,B_cc_licensed,cc by-nc-nd,cc_nd_derivatives_restricted,,,Clinical cancer research : an official journal of the American Association for Cancer Research,permitted,no,
TMSR1286,TOLG199,human_clinical,"PMC8246029 / PMID 34222719 / doi:10.1016/j.jacbts.2021.04.004 (Morgan ES et al., JACC Basic Transl Sci 2021;6:485-)",summary_stat,B_cc_licensed,cc by-nc-nd,cc_nd_derivatives_restricted,,,JACC. Basic to translational science,permitted,no,
TMSR1287,TOLG199,human_clinical,"PMC8246029 / PMID 34222719 / doi:10.1016/j.jacbts.2021.04.004 (Morgan ES et al., JACC Basic Transl Sci 2021;6:485-)",summary_stat,B_cc_licensed,cc by-nc-nd,cc_nd_derivatives_restricted,,,JACC. Basic to translational science,permitted,no,
TMSR1288,TOLG199,human_clinical,"PMC8246029 / PMID 34222719 / doi:10.1016/j.jacbts.2021.04.004 (Morgan ES et al., JACC Basic Transl Sci 2021;6:485-)",summary_stat,B_cc_licensed,cc by-nc-nd,cc_nd_derivatives_restricted,,,JACC. Basic to translational science,permitted,no,
TMSR1289,TOLG199,human_clinical,"PMC8246029 / PMID 34222719 / doi:10.1016/j.jacbts.2021.04.004 (Morgan ES et al., JACC Basic Transl Sci 2021;6:485-)",summary_stat,B_cc_licensed,cc by-nc-nd,cc_nd_derivatives_restricted,,,JACC. Basic to translational science,permitted,no,
