measurement_id,oligo_id,subject_class,source_ref,legacy_redistribution,rights_tier,declared_licence,licence_class,journal,extracted_data_release,proposed_hold,hold_reason
TMSR100,TOLG011,human_in_vitro,doi:10.1182/blood-2013-01-478966 (PMC3709655 / PMID 23673861),summary_stat,C_closed_access,,closed_no_open_licence,Blood,DECISION_REQUIRED,PROPOSED_HOLD,"no open licence declared by the publisher; extracted values are facts rather than expression, but the release of facts from a closed-access source is Oscar's call, not this pipeline's"
TMSR101,TOLG012,human_in_vitro,doi:10.1182/blood-2013-01-478966 (PMC3709655 / PMID 23673861),summary_stat,C_closed_access,,closed_no_open_licence,Blood,DECISION_REQUIRED,PROPOSED_HOLD,"no open licence declared by the publisher; extracted values are facts rather than expression, but the release of facts from a closed-access source is Oscar's call, not this pipeline's"
TMSR102,TOLG012,human_in_vitro,doi:10.1182/blood-2013-01-478966 (PMC3709655 / PMID 23673861),summary_stat,C_closed_access,,closed_no_open_licence,Blood,DECISION_REQUIRED,PROPOSED_HOLD,"no open licence declared by the publisher; extracted values are facts rather than expression, but the release of facts from a closed-access source is Oscar's call, not this pipeline's"
TMSR103,TOLG012,human_in_vitro,doi:10.1182/blood-2013-01-478966 (PMC3709655 / PMID 23673861),summary_stat,C_closed_access,,closed_no_open_licence,Blood,DECISION_REQUIRED,PROPOSED_HOLD,"no open licence declared by the publisher; extracted values are facts rather than expression, but the release of facts from a closed-access source is Oscar's call, not this pipeline's"
TMSR104,TOLG012,human_in_vitro,doi:10.1182/blood-2013-01-478966 (PMC3709655 / PMID 23673861),summary_stat,C_closed_access,,closed_no_open_licence,Blood,DECISION_REQUIRED,PROPOSED_HOLD,"no open licence declared by the publisher; extracted values are facts rather than expression, but the release of facts from a closed-access source is Oscar's call, not this pipeline's"
TMSR105,TOLG013,animal_in_vivo,"PMID 28541820 / doi:10.1089/nat.2017.0666 (Henry et al. 2017, Nucleic Acid Ther 27:197-208)",summary_stat,C_closed_access,,closed_no_open_licence,Nucleic acid therapeutics,DECISION_REQUIRED,PROPOSED_HOLD,"no open licence declared by the publisher; extracted values are facts rather than expression, but the release of facts from a closed-access source is Oscar's call, not this pipeline's"
TMSR106,TOLG013,animal_in_vivo,"PMID 28541820 / doi:10.1089/nat.2017.0666 (Henry et al. 2017, Nucleic Acid Ther 27:197-208)",summary_stat,C_closed_access,,closed_no_open_licence,Nucleic acid therapeutics,DECISION_REQUIRED,PROPOSED_HOLD,"no open licence declared by the publisher; extracted values are facts rather than expression, but the release of facts from a closed-access source is Oscar's call, not this pipeline's"
TMSR374,TOLG015,multi_species,"doi:10.1177/0192623314551840 — Frazier KS (2015) ""Antisense oligonucleotide therapies: the promise and the cha",summary_stat,C_closed_access,,closed_no_open_licence,Toxicologic pathology,DECISION_REQUIRED,PROPOSED_HOLD,"no open licence declared by the publisher; extracted values are facts rather than expression, but the release of facts from a closed-access source is Oscar's call, not this pipeline's"
TMSR375,TOLG015,animal_in_vivo,"doi:10.1177/0192623314551840 — Frazier KS (2015) ""Antisense oligonucleotide therapies: the promise and the cha",summary_stat,C_closed_access,,closed_no_open_licence,Toxicologic pathology,DECISION_REQUIRED,PROPOSED_HOLD,"no open licence declared by the publisher; extracted values are facts rather than expression, but the release of facts from a closed-access source is Oscar's call, not this pipeline's"
TMSR376,TOLG015,animal_in_vivo,"doi:10.1177/0192623314551840 — Frazier KS (2015) ""Antisense oligonucleotide therapies: the promise and the cha",summary_stat,C_closed_access,,closed_no_open_licence,Toxicologic pathology,DECISION_REQUIRED,PROPOSED_HOLD,"no open licence declared by the publisher; extracted values are facts rather than expression, but the release of facts from a closed-access source is Oscar's call, not this pipeline's"
TMSR425,TOLG021,human_in_vitro,doi:10.1182/blood-2013-01-478966 (PMC3709655 / PMID 23673861),summary_stat,C_closed_access,,closed_no_open_licence,Blood,DECISION_REQUIRED,PROPOSED_HOLD,"no open licence declared by the publisher; extracted values are facts rather than expression, but the release of facts from a closed-access source is Oscar's call, not this pipeline's"
TMSR426,TOLG021,human_in_vitro,doi:10.1182/blood-2013-01-478966 (PMC3709655 / PMID 23673861),summary_stat,C_closed_access,,closed_no_open_licence,Blood,DECISION_REQUIRED,PROPOSED_HOLD,"no open licence declared by the publisher; extracted values are facts rather than expression, but the release of facts from a closed-access source is Oscar's call, not this pipeline's"
TMSR427,TOLG022,human_in_vitro,doi:10.1182/blood-2013-01-478966 (PMC3709655 / PMID 23673861),summary_stat,C_closed_access,,closed_no_open_licence,Blood,DECISION_REQUIRED,PROPOSED_HOLD,"no open licence declared by the publisher; extracted values are facts rather than expression, but the release of facts from a closed-access source is Oscar's call, not this pipeline's"
TMSR428,TOLG022,human_in_vitro,doi:10.1182/blood-2013-01-478966 (PMC3709655 / PMID 23673861),summary_stat,C_closed_access,,closed_no_open_licence,Blood,DECISION_REQUIRED,PROPOSED_HOLD,"no open licence declared by the publisher; extracted values are facts rather than expression, but the release of facts from a closed-access source is Oscar's call, not this pipeline's"
TMSR429,TOLG023,human_in_vitro,doi:10.1182/blood-2013-01-478966 (PMC3709655 / PMID 23673861),summary_stat,C_closed_access,,closed_no_open_licence,Blood,DECISION_REQUIRED,PROPOSED_HOLD,"no open licence declared by the publisher; extracted values are facts rather than expression, but the release of facts from a closed-access source is Oscar's call, not this pipeline's"
TMSR430,TOLG024,human_in_vitro,doi:10.1182/blood-2013-01-478966 (PMC3709655 / PMID 23673861),summary_stat,C_closed_access,,closed_no_open_licence,Blood,DECISION_REQUIRED,PROPOSED_HOLD,"no open licence declared by the publisher; extracted values are facts rather than expression, but the release of facts from a closed-access source is Oscar's call, not this pipeline's"
TMSR431,TOLG025,human_in_vitro,doi:10.1182/blood-2013-01-478966 (PMC3709655 / PMID 23673861),summary_stat,C_closed_access,,closed_no_open_licence,Blood,DECISION_REQUIRED,PROPOSED_HOLD,"no open licence declared by the publisher; extracted values are facts rather than expression, but the release of facts from a closed-access source is Oscar's call, not this pipeline's"
TMSR432,TOLG025,unspecified,doi:10.1182/blood-2013-01-478966 (PMC3709655 / PMID 23673861),summary_stat,C_closed_access,,closed_no_open_licence,Blood,DECISION_REQUIRED,PROPOSED_HOLD,"no open licence declared by the publisher; extracted values are facts rather than expression, but the release of facts from a closed-access source is Oscar's call, not this pipeline's"
TMSR433,TOLG025,human_in_vitro,doi:10.1182/blood-2013-01-478966 (PMC3709655 / PMID 23673861),summary_stat,C_closed_access,,closed_no_open_licence,Blood,DECISION_REQUIRED,PROPOSED_HOLD,"no open licence declared by the publisher; extracted values are facts rather than expression, but the release of facts from a closed-access source is Oscar's call, not this pipeline's"
TMSR434,TOLG025,human_in_vitro,doi:10.1182/blood-2013-01-478966 (PMC3709655 / PMID 23673861),summary_stat,C_closed_access,,closed_no_open_licence,Blood,DECISION_REQUIRED,PROPOSED_HOLD,"no open licence declared by the publisher; extracted values are facts rather than expression, but the release of facts from a closed-access source is Oscar's call, not this pipeline's"
TMSR435,TOLG025,human_in_vitro,doi:10.1182/blood-2013-01-478966 (PMC3709655 / PMID 23673861),summary_stat,C_closed_access,,closed_no_open_licence,Blood,DECISION_REQUIRED,PROPOSED_HOLD,"no open licence declared by the publisher; extracted values are facts rather than expression, but the release of facts from a closed-access source is Oscar's call, not this pipeline's"
TMSR436,TOLG025,animal_in_vivo,doi:10.1182/blood-2013-01-478966 (PMC3709655 / PMID 23673861),summary_stat,C_closed_access,,closed_no_open_licence,Blood,DECISION_REQUIRED,PROPOSED_HOLD,"no open licence declared by the publisher; extracted values are facts rather than expression, but the release of facts from a closed-access source is Oscar's call, not this pipeline's"
TMSR437,TOLG025,animal_in_vivo,doi:10.1182/blood-2013-01-478966 (PMC3709655 / PMID 23673861),summary_stat,C_closed_access,,closed_no_open_licence,Blood,DECISION_REQUIRED,PROPOSED_HOLD,"no open licence declared by the publisher; extracted values are facts rather than expression, but the release of facts from a closed-access source is Oscar's call, not this pipeline's"
TMSR438,TOLG025,animal_in_vivo,doi:10.1182/blood-2013-01-478966 (PMC3709655 / PMID 23673861),summary_stat,C_closed_access,,closed_no_open_licence,Blood,DECISION_REQUIRED,PROPOSED_HOLD,"no open licence declared by the publisher; extracted values are facts rather than expression, but the release of facts from a closed-access source is Oscar's call, not this pipeline's"
TMSR439,TOLG026,human_in_vitro,doi:10.1182/blood-2013-01-478966 (PMC3709655 / PMID 23673861),summary_stat,C_closed_access,,closed_no_open_licence,Blood,DECISION_REQUIRED,PROPOSED_HOLD,"no open licence declared by the publisher; extracted values are facts rather than expression, but the release of facts from a closed-access source is Oscar's call, not this pipeline's"
TMSR440,TOLG027,human_in_vitro,doi:10.1182/blood-2013-01-478966 (PMC3709655 / PMID 23673861),summary_stat,C_closed_access,,closed_no_open_licence,Blood,DECISION_REQUIRED,PROPOSED_HOLD,"no open licence declared by the publisher; extracted values are facts rather than expression, but the release of facts from a closed-access source is Oscar's call, not this pipeline's"
TMSR441,TOLG028,human_in_vitro,doi:10.1182/blood-2013-01-478966 (PMC3709655 / PMID 23673861),summary_stat,C_closed_access,,closed_no_open_licence,Blood,DECISION_REQUIRED,PROPOSED_HOLD,"no open licence declared by the publisher; extracted values are facts rather than expression, but the release of facts from a closed-access source is Oscar's call, not this pipeline's"
TMSR442,TOLG029,human_in_vitro,doi:10.1182/blood-2013-01-478966 (PMC3709655 / PMID 23673861),summary_stat,C_closed_access,,closed_no_open_licence,Blood,DECISION_REQUIRED,PROPOSED_HOLD,"no open licence declared by the publisher; extracted values are facts rather than expression, but the release of facts from a closed-access source is Oscar's call, not this pipeline's"
TMSR443,TOLG030,human_in_vitro,doi:10.1182/blood-2013-01-478966 (PMC3709655 / PMID 23673861),summary_stat,C_closed_access,,closed_no_open_licence,Blood,DECISION_REQUIRED,PROPOSED_HOLD,"no open licence declared by the publisher; extracted values are facts rather than expression, but the release of facts from a closed-access source is Oscar's call, not this pipeline's"
TMSR444,TOLG031,human_in_vitro,doi:10.1182/blood-2013-01-478966 (PMC3709655 / PMID 23673861),summary_stat,C_closed_access,,closed_no_open_licence,Blood,DECISION_REQUIRED,PROPOSED_HOLD,"no open licence declared by the publisher; extracted values are facts rather than expression, but the release of facts from a closed-access source is Oscar's call, not this pipeline's"
TMSR445,TOLG031,human_in_vitro,doi:10.1182/blood-2013-01-478966 (PMC3709655 / PMID 23673861),summary_stat,C_closed_access,,closed_no_open_licence,Blood,DECISION_REQUIRED,PROPOSED_HOLD,"no open licence declared by the publisher; extracted values are facts rather than expression, but the release of facts from a closed-access source is Oscar's call, not this pipeline's"
TMSR446,TOLG031,human_in_vitro,doi:10.1182/blood-2013-01-478966 (PMC3709655 / PMID 23673861),summary_stat,C_closed_access,,closed_no_open_licence,Blood,DECISION_REQUIRED,PROPOSED_HOLD,"no open licence declared by the publisher; extracted values are facts rather than expression, but the release of facts from a closed-access source is Oscar's call, not this pipeline's"
TMSR447,TOLG032,human_in_vitro,doi:10.1182/blood-2013-01-478966 (PMC3709655 / PMID 23673861),summary_stat,C_closed_access,,closed_no_open_licence,Blood,DECISION_REQUIRED,PROPOSED_HOLD,"no open licence declared by the publisher; extracted values are facts rather than expression, but the release of facts from a closed-access source is Oscar's call, not this pipeline's"
TMSR448,TOLG032,human_in_vitro,doi:10.1182/blood-2013-01-478966 (PMC3709655 / PMID 23673861),summary_stat,C_closed_access,,closed_no_open_licence,Blood,DECISION_REQUIRED,PROPOSED_HOLD,"no open licence declared by the publisher; extracted values are facts rather than expression, but the release of facts from a closed-access source is Oscar's call, not this pipeline's"
TMSR449,TOLG032,human_in_vitro,doi:10.1182/blood-2013-01-478966 (PMC3709655 / PMID 23673861),summary_stat,C_closed_access,,closed_no_open_licence,Blood,DECISION_REQUIRED,PROPOSED_HOLD,"no open licence declared by the publisher; extracted values are facts rather than expression, but the release of facts from a closed-access source is Oscar's call, not this pipeline's"
TMSR450,TOLG033,human_in_vitro,PMC8264460; PMID 33540294; doi:10.1016/j.thromres.2021.01.006,summary_stat,C_closed_access,,closed_no_open_licence,Thrombosis research,DECISION_REQUIRED,PROPOSED_HOLD,"no open licence declared by the publisher; extracted values are facts rather than expression, but the release of facts from a closed-access source is Oscar's call, not this pipeline's"
TMSR452,TOLG035,human_clinical,"PMID 12269969 / doi:10.1046/j.1365-2036.2002.01341.x (Yacyshyn et al. 2002, Aliment Pharmacol Ther 16:1761-177",summary_stat,C_closed_access,,closed_no_open_licence,Alimentary pharmacology & therapeutics,DECISION_REQUIRED,PROPOSED_HOLD,"no open licence declared by the publisher; extracted values are facts rather than expression, but the release of facts from a closed-access source is Oscar's call, not this pipeline's"
TMSR453,TOLG035,human_clinical,"PMID 12269969 / doi:10.1046/j.1365-2036.2002.01341.x (Yacyshyn et al. 2002, Aliment Pharmacol Ther 16:1761-177",summary_stat,C_closed_access,,closed_no_open_licence,Alimentary pharmacology & therapeutics,DECISION_REQUIRED,PROPOSED_HOLD,"no open licence declared by the publisher; extracted values are facts rather than expression, but the release of facts from a closed-access source is Oscar's call, not this pipeline's"
TMSR454,TOLG035,human_clinical,"PMID 12269969 / doi:10.1046/j.1365-2036.2002.01341.x (Yacyshyn et al. 2002, Aliment Pharmacol Ther 16:1761-177",summary_stat,C_closed_access,,closed_no_open_licence,Alimentary pharmacology & therapeutics,DECISION_REQUIRED,PROPOSED_HOLD,"no open licence declared by the publisher; extracted values are facts rather than expression, but the release of facts from a closed-access source is Oscar's call, not this pipeline's"
TMSR455,TOLG035,animal_in_vivo,PMID 9152389 / doi:10.1016/s0022-3565(24)36667-4,summary_stat,C_closed_access,,closed_no_open_licence,The Journal of pharmacology and experimental therapeutics,DECISION_REQUIRED,PROPOSED_HOLD,"no open licence declared by the publisher; extracted values are facts rather than expression, but the release of facts from a closed-access source is Oscar's call, not this pipeline's"
TMSR456,TOLG035,animal_in_vivo,PMID 9152389 / doi:10.1016/s0022-3565(24)36667-4,summary_stat,C_closed_access,,closed_no_open_licence,The Journal of pharmacology and experimental therapeutics,DECISION_REQUIRED,PROPOSED_HOLD,"no open licence declared by the publisher; extracted values are facts rather than expression, but the release of facts from a closed-access source is Oscar's call, not this pipeline's"
TMSR457,TOLG035,animal_in_vivo,PMID 9152389 / doi:10.1016/s0022-3565(24)36667-4,summary_stat,C_closed_access,,closed_no_open_licence,The Journal of pharmacology and experimental therapeutics,DECISION_REQUIRED,PROPOSED_HOLD,"no open licence declared by the publisher; extracted values are facts rather than expression, but the release of facts from a closed-access source is Oscar's call, not this pipeline's"
TMSR458,TOLG035,animal_in_vivo,PMID 9152389 / doi:10.1016/s0022-3565(24)36667-4,summary_stat,C_closed_access,,closed_no_open_licence,The Journal of pharmacology and experimental therapeutics,DECISION_REQUIRED,PROPOSED_HOLD,"no open licence declared by the publisher; extracted values are facts rather than expression, but the release of facts from a closed-access source is Oscar's call, not this pipeline's"
TMSR459,TOLG035,animal_in_vivo,PMID 9152389 / doi:10.1016/s0022-3565(24)36667-4,summary_stat,C_closed_access,,closed_no_open_licence,The Journal of pharmacology and experimental therapeutics,DECISION_REQUIRED,PROPOSED_HOLD,"no open licence declared by the publisher; extracted values are facts rather than expression, but the release of facts from a closed-access source is Oscar's call, not this pipeline's"
TMSR460,TOLG035,unspecified,PMID 9152389 / doi:10.1016/s0022-3565(24)36667-4,summary_stat,C_closed_access,,closed_no_open_licence,The Journal of pharmacology and experimental therapeutics,DECISION_REQUIRED,PROPOSED_HOLD,"no open licence declared by the publisher; extracted values are facts rather than expression, but the release of facts from a closed-access source is Oscar's call, not this pipeline's"
TMSR461,TOLG035,animal_in_vivo,PMID:9184201; doi:10.1016/s0300-483x(97)03661-5,summary_stat,C_closed_access,,closed_no_open_licence,Toxicology,DECISION_REQUIRED,PROPOSED_HOLD,"no open licence declared by the publisher; extracted values are facts rather than expression, but the release of facts from a closed-access source is Oscar's call, not this pipeline's"
TMSR462,TOLG035,animal_in_vivo,PMID:9184201; doi:10.1016/s0300-483x(97)03661-5,summary_stat,C_closed_access,,closed_no_open_licence,Toxicology,DECISION_REQUIRED,PROPOSED_HOLD,"no open licence declared by the publisher; extracted values are facts rather than expression, but the release of facts from a closed-access source is Oscar's call, not this pipeline's"
TMSR463,TOLG035,animal_in_vivo,PMID:9184201; doi:10.1016/s0300-483x(97)03661-5,summary_stat,C_closed_access,,closed_no_open_licence,Toxicology,DECISION_REQUIRED,PROPOSED_HOLD,"no open licence declared by the publisher; extracted values are facts rather than expression, but the release of facts from a closed-access source is Oscar's call, not this pipeline's"
TMSR464,TOLG035,animal_in_vivo,PMID:9184201; doi:10.1016/s0300-483x(97)03661-5,summary_stat,C_closed_access,,closed_no_open_licence,Toxicology,DECISION_REQUIRED,PROPOSED_HOLD,"no open licence declared by the publisher; extracted values are facts rather than expression, but the release of facts from a closed-access source is Oscar's call, not this pipeline's"
TMSR465,TOLG035,animal_in_vivo,PMID:9184201; doi:10.1016/s0300-483x(97)03661-5,summary_stat,C_closed_access,,closed_no_open_licence,Toxicology,DECISION_REQUIRED,PROPOSED_HOLD,"no open licence declared by the publisher; extracted values are facts rather than expression, but the release of facts from a closed-access source is Oscar's call, not this pipeline's"
TMSR466,TOLG037,human_clinical,PMID:18025536; doi:10.1161/CIRCULATIONAHA.107.724864,summary_stat,C_closed_access,,closed_no_open_licence,Circulation,DECISION_REQUIRED,PROPOSED_HOLD,"no open licence declared by the publisher; extracted values are facts rather than expression, but the release of facts from a closed-access source is Oscar's call, not this pipeline's"
TMSR467,TOLG037,human_clinical,PMID:22740102; DOI:10.1160/TH11-12-0889,summary_stat,C_closed_access,,closed_no_open_licence,Thrombosis and haemostasis,DECISION_REQUIRED,PROPOSED_HOLD,"no open licence declared by the publisher; extracted values are facts rather than expression, but the release of facts from a closed-access source is Oscar's call, not this pipeline's"
TMSR468,TOLG037,human_clinical,PMID:22740102; DOI:10.1160/TH11-12-0889,summary_stat,C_closed_access,,closed_no_open_licence,Thrombosis and haemostasis,DECISION_REQUIRED,PROPOSED_HOLD,"no open licence declared by the publisher; extracted values are facts rather than expression, but the release of facts from a closed-access source is Oscar's call, not this pipeline's"
TMSR469,TOLG037,human_clinical,PMID:22740102; DOI:10.1160/TH11-12-0889,summary_stat,C_closed_access,,closed_no_open_licence,Thrombosis and haemostasis,DECISION_REQUIRED,PROPOSED_HOLD,"no open licence declared by the publisher; extracted values are facts rather than expression, but the release of facts from a closed-access source is Oscar's call, not this pipeline's"
TMSR498,TOLG054,animal_in_vitro,doi:10.1182/blood-2013-01-478966 (PMC3709655 / PMID 23673861),summary_stat,C_closed_access,,closed_no_open_licence,Blood,DECISION_REQUIRED,PROPOSED_HOLD,"no open licence declared by the publisher; extracted values are facts rather than expression, but the release of facts from a closed-access source is Oscar's call, not this pipeline's"
TMSR499,TOLG055,animal_in_vitro,doi:10.1182/blood-2013-01-478966 (PMC3709655 / PMID 23673861),summary_stat,C_closed_access,,closed_no_open_licence,Blood,DECISION_REQUIRED,PROPOSED_HOLD,"no open licence declared by the publisher; extracted values are facts rather than expression, but the release of facts from a closed-access source is Oscar's call, not this pipeline's"
TMSR500,TOLG055,human_in_vitro,doi:10.1182/blood-2013-01-478966 (PMC3709655 / PMID 23673861),summary_stat,C_closed_access,,closed_no_open_licence,Blood,DECISION_REQUIRED,PROPOSED_HOLD,"no open licence declared by the publisher; extracted values are facts rather than expression, but the release of facts from a closed-access source is Oscar's call, not this pipeline's"
TMSR501,TOLG055,human_in_vitro,doi:10.1182/blood-2013-01-478966 (PMC3709655 / PMID 23673861),summary_stat,C_closed_access,,closed_no_open_licence,Blood,DECISION_REQUIRED,PROPOSED_HOLD,"no open licence declared by the publisher; extracted values are facts rather than expression, but the release of facts from a closed-access source is Oscar's call, not this pipeline's"
TMSR502,TOLG055,human_in_vitro,doi:10.1182/blood-2013-01-478966 (PMC3709655 / PMID 23673861),summary_stat,C_closed_access,,closed_no_open_licence,Blood,DECISION_REQUIRED,PROPOSED_HOLD,"no open licence declared by the publisher; extracted values are facts rather than expression, but the release of facts from a closed-access source is Oscar's call, not this pipeline's"
TMSR510,TOLG056,human_clinical,"PMID 25782535 / PMC4574829 / doi:10.1111/bcp.12633 (Rabinovich-Guilatt L et al., Br J Clin Pharmacol 2015;80:4",summary_stat,C_closed_access,,closed_no_open_licence,British journal of clinical pharmacology,DECISION_REQUIRED,PROPOSED_HOLD,"no open licence declared by the publisher; extracted values are facts rather than expression, but the release of facts from a closed-access source is Oscar's call, not this pipeline's"
TMSR523,TOLG058,human_in_vitro,doi:10.1182/blood-2013-01-478966 (PMC3709655 / PMID 23673861),summary_stat,C_closed_access,,closed_no_open_licence,Blood,DECISION_REQUIRED,PROPOSED_HOLD,"no open licence declared by the publisher; extracted values are facts rather than expression, but the release of facts from a closed-access source is Oscar's call, not this pipeline's"
TMSR524,TOLG058,human_in_vitro,doi:10.1182/blood-2013-01-478966 (PMC3709655 / PMID 23673861),summary_stat,C_closed_access,,closed_no_open_licence,Blood,DECISION_REQUIRED,PROPOSED_HOLD,"no open licence declared by the publisher; extracted values are facts rather than expression, but the release of facts from a closed-access source is Oscar's call, not this pipeline's"
TMSR695,TOLG071,human_clinical,PMID:32243492; DOI:10.1093/cvr/cvaa077,summary_stat,C_closed_access,,closed_no_open_licence,Cardiovascular research,DECISION_REQUIRED,PROPOSED_HOLD,"no open licence declared by the publisher; extracted values are facts rather than expression, but the release of facts from a closed-access source is Oscar's call, not this pipeline's"
TMSR696,TOLG071,human_clinical,PMID:32243492; DOI:10.1093/cvr/cvaa077,summary_stat,C_closed_access,,closed_no_open_licence,Cardiovascular research,DECISION_REQUIRED,PROPOSED_HOLD,"no open licence declared by the publisher; extracted values are facts rather than expression, but the release of facts from a closed-access source is Oscar's call, not this pipeline's"
TMSR697,TOLG071,human_clinical,PMID:32243492; DOI:10.1093/cvr/cvaa077,summary_stat,C_closed_access,,closed_no_open_licence,Cardiovascular research,DECISION_REQUIRED,PROPOSED_HOLD,"no open licence declared by the publisher; extracted values are facts rather than expression, but the release of facts from a closed-access source is Oscar's call, not this pipeline's"
TMSR698,TOLG071,human_clinical,PMID:32243492; DOI:10.1093/cvr/cvaa077,summary_stat,C_closed_access,,closed_no_open_licence,Cardiovascular research,DECISION_REQUIRED,PROPOSED_HOLD,"no open licence declared by the publisher; extracted values are facts rather than expression, but the release of facts from a closed-access source is Oscar's call, not this pipeline's"
TMSR699,TOLG071,human_clinical,PMID:32243492; DOI:10.1093/cvr/cvaa077,summary_stat,C_closed_access,,closed_no_open_licence,Cardiovascular research,DECISION_REQUIRED,PROPOSED_HOLD,"no open licence declared by the publisher; extracted values are facts rather than expression, but the release of facts from a closed-access source is Oscar's call, not this pipeline's"
TMSR700,TOLG071,human_clinical,PMID:32243492; DOI:10.1093/cvr/cvaa077,summary_stat,C_closed_access,,closed_no_open_licence,Cardiovascular research,DECISION_REQUIRED,PROPOSED_HOLD,"no open licence declared by the publisher; extracted values are facts rather than expression, but the release of facts from a closed-access source is Oscar's call, not this pipeline's"
TMSR701,TOLG071,human_clinical,PMID:32243492; DOI:10.1093/cvr/cvaa077,summary_stat,C_closed_access,,closed_no_open_licence,Cardiovascular research,DECISION_REQUIRED,PROPOSED_HOLD,"no open licence declared by the publisher; extracted values are facts rather than expression, but the release of facts from a closed-access source is Oscar's call, not this pipeline's"
TMSR702,TOLG071,human_clinical,PMID:32243492; DOI:10.1093/cvr/cvaa077,summary_stat,C_closed_access,,closed_no_open_licence,Cardiovascular research,DECISION_REQUIRED,PROPOSED_HOLD,"no open licence declared by the publisher; extracted values are facts rather than expression, but the release of facts from a closed-access source is Oscar's call, not this pipeline's"
TMSR703,TOLG071,human_clinical,PMID:32243492; DOI:10.1093/cvr/cvaa077,summary_stat,C_closed_access,,closed_no_open_licence,Cardiovascular research,DECISION_REQUIRED,PROPOSED_HOLD,"no open licence declared by the publisher; extracted values are facts rather than expression, but the release of facts from a closed-access source is Oscar's call, not this pipeline's"
TMSR704,TOLG071,human_clinical,PMID:32243492; DOI:10.1093/cvr/cvaa077,summary_stat,C_closed_access,,closed_no_open_licence,Cardiovascular research,DECISION_REQUIRED,PROPOSED_HOLD,"no open licence declared by the publisher; extracted values are facts rather than expression, but the release of facts from a closed-access source is Oscar's call, not this pipeline's"
TMSR705,TOLG071,human_clinical,PMID:32243492; DOI:10.1093/cvr/cvaa077,summary_stat,C_closed_access,,closed_no_open_licence,Cardiovascular research,DECISION_REQUIRED,PROPOSED_HOLD,"no open licence declared by the publisher; extracted values are facts rather than expression, but the release of facts from a closed-access source is Oscar's call, not this pipeline's"
TMSR706,TOLG071,human_clinical,PMID:32243492; DOI:10.1093/cvr/cvaa077,summary_stat,C_closed_access,,closed_no_open_licence,Cardiovascular research,DECISION_REQUIRED,PROPOSED_HOLD,"no open licence declared by the publisher; extracted values are facts rather than expression, but the release of facts from a closed-access source is Oscar's call, not this pipeline's"
TMSR707,TOLG071,human_clinical,PMID:32243492; DOI:10.1093/cvr/cvaa077,summary_stat,C_closed_access,,closed_no_open_licence,Cardiovascular research,DECISION_REQUIRED,PROPOSED_HOLD,"no open licence declared by the publisher; extracted values are facts rather than expression, but the release of facts from a closed-access source is Oscar's call, not this pipeline's"
TMSR708,TOLG071,human_clinical,PMID:32243492; DOI:10.1093/cvr/cvaa077,summary_stat,C_closed_access,,closed_no_open_licence,Cardiovascular research,DECISION_REQUIRED,PROPOSED_HOLD,"no open licence declared by the publisher; extracted values are facts rather than expression, but the release of facts from a closed-access source is Oscar's call, not this pipeline's"
TMSR709,TOLG071,human_clinical,PMID:32243492; DOI:10.1093/cvr/cvaa077,summary_stat,C_closed_access,,closed_no_open_licence,Cardiovascular research,DECISION_REQUIRED,PROPOSED_HOLD,"no open licence declared by the publisher; extracted values are facts rather than expression, but the release of facts from a closed-access source is Oscar's call, not this pipeline's"
TMSR710,TOLG071,human_clinical,PMID:32243492; DOI:10.1093/cvr/cvaa077,summary_stat,C_closed_access,,closed_no_open_licence,Cardiovascular research,DECISION_REQUIRED,PROPOSED_HOLD,"no open licence declared by the publisher; extracted values are facts rather than expression, but the release of facts from a closed-access source is Oscar's call, not this pipeline's"
TMSR711,TOLG071,human_clinical,PMID:32243492; DOI:10.1093/cvr/cvaa077,summary_stat,C_closed_access,,closed_no_open_licence,Cardiovascular research,DECISION_REQUIRED,PROPOSED_HOLD,"no open licence declared by the publisher; extracted values are facts rather than expression, but the release of facts from a closed-access source is Oscar's call, not this pipeline's"
TMSR712,TOLG071,human_clinical,PMID:32243492; DOI:10.1093/cvr/cvaa077,summary_stat,C_closed_access,,closed_no_open_licence,Cardiovascular research,DECISION_REQUIRED,PROPOSED_HOLD,"no open licence declared by the publisher; extracted values are facts rather than expression, but the release of facts from a closed-access source is Oscar's call, not this pipeline's"
TMSR912,TOLG072,human_clinical,PMID:29972757; DOI:10.1056/NEJMoa1716793; PMCID:PMC12611561,summary_stat,C_closed_access,,closed_no_open_licence,The New England journal of medicine,DECISION_REQUIRED,PROPOSED_HOLD,"no open licence declared by the publisher; extracted values are facts rather than expression, but the release of facts from a closed-access source is Oscar's call, not this pipeline's"
TMSR913,TOLG072,human_clinical,PMID:29972757; DOI:10.1056/NEJMoa1716793; PMCID:PMC12611561,summary_stat,C_closed_access,,closed_no_open_licence,The New England journal of medicine,DECISION_REQUIRED,PROPOSED_HOLD,"no open licence declared by the publisher; extracted values are facts rather than expression, but the release of facts from a closed-access source is Oscar's call, not this pipeline's"
TMSR914,TOLG072,human_clinical,PMID:29972757; DOI:10.1056/NEJMoa1716793; PMCID:PMC12611561,summary_stat,C_closed_access,,closed_no_open_licence,The New England journal of medicine,DECISION_REQUIRED,PROPOSED_HOLD,"no open licence declared by the publisher; extracted values are facts rather than expression, but the release of facts from a closed-access source is Oscar's call, not this pipeline's"
TMSR915,TOLG072,human_clinical,PMID:29972757; DOI:10.1056/NEJMoa1716793; PMCID:PMC12611561,summary_stat,C_closed_access,,closed_no_open_licence,The New England journal of medicine,DECISION_REQUIRED,PROPOSED_HOLD,"no open licence declared by the publisher; extracted values are facts rather than expression, but the release of facts from a closed-access source is Oscar's call, not this pipeline's"
TMSR916,TOLG072,human_clinical,PMID:29972757; DOI:10.1056/NEJMoa1716793; PMCID:PMC12611561,summary_stat,C_closed_access,,closed_no_open_licence,The New England journal of medicine,DECISION_REQUIRED,PROPOSED_HOLD,"no open licence declared by the publisher; extracted values are facts rather than expression, but the release of facts from a closed-access source is Oscar's call, not this pipeline's"
TMSR917,TOLG072,human_clinical,PMID:29972757; DOI:10.1056/NEJMoa1716793; PMCID:PMC12611561,summary_stat,C_closed_access,,closed_no_open_licence,The New England journal of medicine,DECISION_REQUIRED,PROPOSED_HOLD,"no open licence declared by the publisher; extracted values are facts rather than expression, but the release of facts from a closed-access source is Oscar's call, not this pipeline's"
TMSR918,TOLG072,human_clinical,PMID:29972757; DOI:10.1056/NEJMoa1716793; PMCID:PMC12611561,summary_stat,C_closed_access,,closed_no_open_licence,The New England journal of medicine,DECISION_REQUIRED,PROPOSED_HOLD,"no open licence declared by the publisher; extracted values are facts rather than expression, but the release of facts from a closed-access source is Oscar's call, not this pipeline's"
TMSR919,TOLG072,human_clinical,PMID:29972757; DOI:10.1056/NEJMoa1716793; PMCID:PMC12611561,summary_stat,C_closed_access,,closed_no_open_licence,The New England journal of medicine,DECISION_REQUIRED,PROPOSED_HOLD,"no open licence declared by the publisher; extracted values are facts rather than expression, but the release of facts from a closed-access source is Oscar's call, not this pipeline's"
TMSR920,TOLG072,human_clinical,PMID:29972757; DOI:10.1056/NEJMoa1716793; PMCID:PMC12611561,summary_stat,C_closed_access,,closed_no_open_licence,The New England journal of medicine,DECISION_REQUIRED,PROPOSED_HOLD,"no open licence declared by the publisher; extracted values are facts rather than expression, but the release of facts from a closed-access source is Oscar's call, not this pipeline's"
TMSR921,TOLG072,human_clinical,PMID:29972757; DOI:10.1056/NEJMoa1716793; PMCID:PMC12611561,summary_stat,C_closed_access,,closed_no_open_licence,The New England journal of medicine,DECISION_REQUIRED,PROPOSED_HOLD,"no open licence declared by the publisher; extracted values are facts rather than expression, but the release of facts from a closed-access source is Oscar's call, not this pipeline's"
TMSR922,TOLG072,human_clinical,PMID:29972757; DOI:10.1056/NEJMoa1716793; PMCID:PMC12611561,summary_stat,C_closed_access,,closed_no_open_licence,The New England journal of medicine,DECISION_REQUIRED,PROPOSED_HOLD,"no open licence declared by the publisher; extracted values are facts rather than expression, but the release of facts from a closed-access source is Oscar's call, not this pipeline's"
TMSR923,TOLG072,human_clinical,PMID:29972757; DOI:10.1056/NEJMoa1716793; PMCID:PMC12611561,summary_stat,C_closed_access,,closed_no_open_licence,The New England journal of medicine,DECISION_REQUIRED,PROPOSED_HOLD,"no open licence declared by the publisher; extracted values are facts rather than expression, but the release of facts from a closed-access source is Oscar's call, not this pipeline's"
TMSR924,TOLG072,human_clinical,PMID:29972757; DOI:10.1056/NEJMoa1716793; PMCID:PMC12611561,summary_stat,C_closed_access,,closed_no_open_licence,The New England journal of medicine,DECISION_REQUIRED,PROPOSED_HOLD,"no open licence declared by the publisher; extracted values are facts rather than expression, but the release of facts from a closed-access source is Oscar's call, not this pipeline's"
TMSR925,TOLG072,human_clinical,PMID:29972757; DOI:10.1056/NEJMoa1716793; PMCID:PMC12611561,summary_stat,C_closed_access,,closed_no_open_licence,The New England journal of medicine,DECISION_REQUIRED,PROPOSED_HOLD,"no open licence declared by the publisher; extracted values are facts rather than expression, but the release of facts from a closed-access source is Oscar's call, not this pipeline's"
TMSR926,TOLG072,human_clinical,PMID:29972757; DOI:10.1056/NEJMoa1716793; PMCID:PMC12611561,summary_stat,C_closed_access,,closed_no_open_licence,The New England journal of medicine,DECISION_REQUIRED,PROPOSED_HOLD,"no open licence declared by the publisher; extracted values are facts rather than expression, but the release of facts from a closed-access source is Oscar's call, not this pipeline's"
TMSR927,TOLG072,human_clinical,PMID:29972757; DOI:10.1056/NEJMoa1716793; PMCID:PMC12611561,summary_stat,C_closed_access,,closed_no_open_licence,The New England journal of medicine,DECISION_REQUIRED,PROPOSED_HOLD,"no open licence declared by the publisher; extracted values are facts rather than expression, but the release of facts from a closed-access source is Oscar's call, not this pipeline's"
TMSR928,TOLG072,human_clinical,PMID:29972757; DOI:10.1056/NEJMoa1716793; PMCID:PMC12611561,summary_stat,C_closed_access,,closed_no_open_licence,The New England journal of medicine,DECISION_REQUIRED,PROPOSED_HOLD,"no open licence declared by the publisher; extracted values are facts rather than expression, but the release of facts from a closed-access source is Oscar's call, not this pipeline's"
TMSR929,TOLG072,human_clinical,PMID:29972757; DOI:10.1056/NEJMoa1716793; PMCID:PMC12611561,summary_stat,C_closed_access,,closed_no_open_licence,The New England journal of medicine,DECISION_REQUIRED,PROPOSED_HOLD,"no open licence declared by the publisher; extracted values are facts rather than expression, but the release of facts from a closed-access source is Oscar's call, not this pipeline's"
TMSR930,TOLG072,human_clinical,PMID:29972757; DOI:10.1056/NEJMoa1716793; PMCID:PMC12611561,summary_stat,C_closed_access,,closed_no_open_licence,The New England journal of medicine,DECISION_REQUIRED,PROPOSED_HOLD,"no open licence declared by the publisher; extracted values are facts rather than expression, but the release of facts from a closed-access source is Oscar's call, not this pipeline's"
TMSR931,TOLG072,human_clinical,PMID:32243492; DOI:10.1093/cvr/cvaa077,summary_stat,C_closed_access,,closed_no_open_licence,Cardiovascular research,DECISION_REQUIRED,PROPOSED_HOLD,"no open licence declared by the publisher; extracted values are facts rather than expression, but the release of facts from a closed-access source is Oscar's call, not this pipeline's"
TMSR932,TOLG072,human_clinical,PMID:32243492; DOI:10.1093/cvr/cvaa077,summary_stat,C_closed_access,,closed_no_open_licence,Cardiovascular research,DECISION_REQUIRED,PROPOSED_HOLD,"no open licence declared by the publisher; extracted values are facts rather than expression, but the release of facts from a closed-access source is Oscar's call, not this pipeline's"
TMSR987,TOLG074,animal_in_vivo,"PMID 29846725 / doi:10.1093/toxsci/kfy119 (Narayanan et al. 2018, Toxicol Sci 164:613-626)",summary_stat,C_closed_access,,closed_no_open_licence,Toxicological sciences : an official journal of the Society of Toxicology,DECISION_REQUIRED,PROPOSED_HOLD,"no open licence declared by the publisher; extracted values are facts rather than expression, but the release of facts from a closed-access source is Oscar's call, not this pipeline's"
TMSR988,TOLG074,animal_in_vivo,"PMID 29846725 / doi:10.1093/toxsci/kfy119 (Narayanan et al. 2018, Toxicol Sci 164:613-626)",summary_stat,C_closed_access,,closed_no_open_licence,Toxicological sciences : an official journal of the Society of Toxicology,DECISION_REQUIRED,PROPOSED_HOLD,"no open licence declared by the publisher; extracted values are facts rather than expression, but the release of facts from a closed-access source is Oscar's call, not this pipeline's"
TMSR989,TOLG074,animal_in_vivo,"PMID 29846725 / doi:10.1093/toxsci/kfy119 (Narayanan et al. 2018, Toxicol Sci 164:613-626)",summary_stat,C_closed_access,,closed_no_open_licence,Toxicological sciences : an official journal of the Society of Toxicology,DECISION_REQUIRED,PROPOSED_HOLD,"no open licence declared by the publisher; extracted values are facts rather than expression, but the release of facts from a closed-access source is Oscar's call, not this pipeline's"
TMSR990,TOLG074,animal_in_vivo,"PMID 29846725 / doi:10.1093/toxsci/kfy119 (Narayanan et al. 2018, Toxicol Sci 164:613-626)",summary_stat,C_closed_access,,closed_no_open_licence,Toxicological sciences : an official journal of the Society of Toxicology,DECISION_REQUIRED,PROPOSED_HOLD,"no open licence declared by the publisher; extracted values are facts rather than expression, but the release of facts from a closed-access source is Oscar's call, not this pipeline's"
TMSR991,TOLG074,human_clinical,PMID:12438559; DOI:10.1124/jpet.102.036749,summary_stat,C_closed_access,,closed_no_open_licence,The Journal of pharmacology and experimental therapeutics,DECISION_REQUIRED,PROPOSED_HOLD,"no open licence declared by the publisher; extracted values are facts rather than expression, but the release of facts from a closed-access source is Oscar's call, not this pipeline's"
TMSR992,TOLG074,human_clinical,PMID:12438559; DOI:10.1124/jpet.102.036749,summary_stat,C_closed_access,,closed_no_open_licence,The Journal of pharmacology and experimental therapeutics,DECISION_REQUIRED,PROPOSED_HOLD,"no open licence declared by the publisher; extracted values are facts rather than expression, but the release of facts from a closed-access source is Oscar's call, not this pipeline's"
TMSR993,TOLG074,human_clinical,PMID:12438559; DOI:10.1124/jpet.102.036749,summary_stat,C_closed_access,,closed_no_open_licence,The Journal of pharmacology and experimental therapeutics,DECISION_REQUIRED,PROPOSED_HOLD,"no open licence declared by the publisher; extracted values are facts rather than expression, but the release of facts from a closed-access source is Oscar's call, not this pipeline's"
TMSR1040,TOLG085,human_clinical,"doi:10.1177/0192623314551840 — Frazier KS (2015) ""Antisense oligonucleotide therapies: the promise and the cha",summary_stat,C_closed_access,,closed_no_open_licence,Toxicologic pathology,DECISION_REQUIRED,PROPOSED_HOLD,"no open licence declared by the publisher; extracted values are facts rather than expression, but the release of facts from a closed-access source is Oscar's call, not this pipeline's"
TMSR1042,TOLG087,animal_in_vivo,"PMID 28541820 / doi:10.1089/nat.2017.0666 (Henry et al. 2017, Nucleic Acid Ther 27:197-208)",summary_stat,C_closed_access,,closed_no_open_licence,Nucleic acid therapeutics,DECISION_REQUIRED,PROPOSED_HOLD,"no open licence declared by the publisher; extracted values are facts rather than expression, but the release of facts from a closed-access source is Oscar's call, not this pipeline's"
TMSR1043,TOLG087,animal_in_vivo,"PMID 28541820 / doi:10.1089/nat.2017.0666 (Henry et al. 2017, Nucleic Acid Ther 27:197-208)",summary_stat,C_closed_access,,closed_no_open_licence,Nucleic acid therapeutics,DECISION_REQUIRED,PROPOSED_HOLD,"no open licence declared by the publisher; extracted values are facts rather than expression, but the release of facts from a closed-access source is Oscar's call, not this pipeline's"
TMSR1044,TOLG087,human_clinical,"PMID 28541820 / doi:10.1089/nat.2017.0666 (Henry et al. 2017, Nucleic Acid Ther 27:197-208)",summary_stat,C_closed_access,,closed_no_open_licence,Nucleic acid therapeutics,DECISION_REQUIRED,PROPOSED_HOLD,"no open licence declared by the publisher; extracted values are facts rather than expression, but the release of facts from a closed-access source is Oscar's call, not this pipeline's"
TMSR1045,TOLG087,animal_in_vivo,"PMID 28541820 / doi:10.1089/nat.2017.0666 (Henry et al. 2017, Nucleic Acid Ther 27:197-208)",summary_stat,C_closed_access,,closed_no_open_licence,Nucleic acid therapeutics,DECISION_REQUIRED,PROPOSED_HOLD,"no open licence declared by the publisher; extracted values are facts rather than expression, but the release of facts from a closed-access source is Oscar's call, not this pipeline's"
TMSR1046,TOLG088,animal_in_vivo,"PMID 37093125 / doi:10.1089/nat.2022.0042 (Shen et al. 2023, Nucleic Acid Ther 33:209-225)",summary_stat,C_closed_access,,closed_no_open_licence,Nucleic acid therapeutics,DECISION_REQUIRED,PROPOSED_HOLD,"no open licence declared by the publisher; extracted values are facts rather than expression, but the release of facts from a closed-access source is Oscar's call, not this pipeline's"
TMSR1047,TOLG088,animal_in_vivo,"PMID 37093125 / doi:10.1089/nat.2022.0042 (Shen et al. 2023, Nucleic Acid Ther 33:209-225)",summary_stat,C_closed_access,,closed_no_open_licence,Nucleic acid therapeutics,DECISION_REQUIRED,PROPOSED_HOLD,"no open licence declared by the publisher; extracted values are facts rather than expression, but the release of facts from a closed-access source is Oscar's call, not this pipeline's"
TMSR1048,TOLG088,animal_in_vivo,"PMID 37093125 / doi:10.1089/nat.2022.0042 (Shen et al. 2023, Nucleic Acid Ther 33:209-225)",summary_stat,C_closed_access,,closed_no_open_licence,Nucleic acid therapeutics,DECISION_REQUIRED,PROPOSED_HOLD,"no open licence declared by the publisher; extracted values are facts rather than expression, but the release of facts from a closed-access source is Oscar's call, not this pipeline's"
TMSR1049,TOLG088,animal_in_vivo,"PMID 37093125 / doi:10.1089/nat.2022.0042 (Shen et al. 2023, Nucleic Acid Ther 33:209-225)",summary_stat,C_closed_access,,closed_no_open_licence,Nucleic acid therapeutics,DECISION_REQUIRED,PROPOSED_HOLD,"no open licence declared by the publisher; extracted values are facts rather than expression, but the release of facts from a closed-access source is Oscar's call, not this pipeline's"
TMSR1356,TOLG236,multi_species,"doi:10.1177/0192623314551840 — Frazier KS (2015) ""Antisense oligonucleotide therapies: the promise and the cha",summary_stat,C_closed_access,,closed_no_open_licence,Toxicologic pathology,DECISION_REQUIRED,PROPOSED_HOLD,"no open licence declared by the publisher; extracted values are facts rather than expression, but the release of facts from a closed-access source is Oscar's call, not this pipeline's"
TMSR1504,TOLG238,human_in_vitro,PMC8264460; PMID 33540294; doi:10.1016/j.thromres.2021.01.006,summary_stat,C_closed_access,,closed_no_open_licence,Thrombosis research,DECISION_REQUIRED,PROPOSED_HOLD,"no open licence declared by the publisher; extracted values are facts rather than expression, but the release of facts from a closed-access source is Oscar's call, not this pipeline's"
TMSR1505,TOLG238,human_in_vitro,PMC8264460; PMID 33540294; doi:10.1016/j.thromres.2021.01.006,summary_stat,C_closed_access,,closed_no_open_licence,Thrombosis research,DECISION_REQUIRED,PROPOSED_HOLD,"no open licence declared by the publisher; extracted values are facts rather than expression, but the release of facts from a closed-access source is Oscar's call, not this pipeline's"
TMSR1506,TOLG238,human_in_vitro,PMC8264460; PMID 33540294; doi:10.1016/j.thromres.2021.01.006,summary_stat,C_closed_access,,closed_no_open_licence,Thrombosis research,DECISION_REQUIRED,PROPOSED_HOLD,"no open licence declared by the publisher; extracted values are facts rather than expression, but the release of facts from a closed-access source is Oscar's call, not this pipeline's"
TMSR1507,TOLG238,human_in_vitro,PMC8264460; PMID 33540294; doi:10.1016/j.thromres.2021.01.006,summary_stat,C_closed_access,,closed_no_open_licence,Thrombosis research,DECISION_REQUIRED,PROPOSED_HOLD,"no open licence declared by the publisher; extracted values are facts rather than expression, but the release of facts from a closed-access source is Oscar's call, not this pipeline's"
TMSR1508,TOLG238,human_in_vitro,PMC8264460; PMID 33540294; doi:10.1016/j.thromres.2021.01.006,summary_stat,C_closed_access,,closed_no_open_licence,Thrombosis research,DECISION_REQUIRED,PROPOSED_HOLD,"no open licence declared by the publisher; extracted values are facts rather than expression, but the release of facts from a closed-access source is Oscar's call, not this pipeline's"
TMSR1509,TOLG238,human_in_vitro,PMC8264460; PMID 33540294; doi:10.1016/j.thromres.2021.01.006,summary_stat,C_closed_access,,closed_no_open_licence,Thrombosis research,DECISION_REQUIRED,PROPOSED_HOLD,"no open licence declared by the publisher; extracted values are facts rather than expression, but the release of facts from a closed-access source is Oscar's call, not this pipeline's"
TMSR1510,TOLG238,human_in_vitro,PMC8264460; PMID 33540294; doi:10.1016/j.thromres.2021.01.006,summary_stat,C_closed_access,,closed_no_open_licence,Thrombosis research,DECISION_REQUIRED,PROPOSED_HOLD,"no open licence declared by the publisher; extracted values are facts rather than expression, but the release of facts from a closed-access source is Oscar's call, not this pipeline's"
TMSR1511,TOLG238,human_in_vitro,PMC8264460; PMID 33540294; doi:10.1016/j.thromres.2021.01.006,summary_stat,C_closed_access,,closed_no_open_licence,Thrombosis research,DECISION_REQUIRED,PROPOSED_HOLD,"no open licence declared by the publisher; extracted values are facts rather than expression, but the release of facts from a closed-access source is Oscar's call, not this pipeline's"
TMSR1512,TOLG238,animal_in_vivo,PMC8264460; PMID 33540294; doi:10.1016/j.thromres.2021.01.006,summary_stat,C_closed_access,,closed_no_open_licence,Thrombosis research,DECISION_REQUIRED,PROPOSED_HOLD,"no open licence declared by the publisher; extracted values are facts rather than expression, but the release of facts from a closed-access source is Oscar's call, not this pipeline's"
TMSR1513,TOLG238,animal_in_vivo,PMC8264460; PMID 33540294; doi:10.1016/j.thromres.2021.01.006,summary_stat,C_closed_access,,closed_no_open_licence,Thrombosis research,DECISION_REQUIRED,PROPOSED_HOLD,"no open licence declared by the publisher; extracted values are facts rather than expression, but the release of facts from a closed-access source is Oscar's call, not this pipeline's"
TMSR1514,TOLG238,animal_in_vivo,PMC8264460; PMID 33540294; doi:10.1016/j.thromres.2021.01.006,summary_stat,C_closed_access,,closed_no_open_licence,Thrombosis research,DECISION_REQUIRED,PROPOSED_HOLD,"no open licence declared by the publisher; extracted values are facts rather than expression, but the release of facts from a closed-access source is Oscar's call, not this pipeline's"
TMSR1515,TOLG238,human_in_vitro,PMC8264460; PMID 33540294; doi:10.1016/j.thromres.2021.01.006,summary_stat,C_closed_access,,closed_no_open_licence,Thrombosis research,DECISION_REQUIRED,PROPOSED_HOLD,"no open licence declared by the publisher; extracted values are facts rather than expression, but the release of facts from a closed-access source is Oscar's call, not this pipeline's"
TMSR1516,TOLG238,human_in_vitro,PMC8264460; PMID 33540294; doi:10.1016/j.thromres.2021.01.006,summary_stat,C_closed_access,,closed_no_open_licence,Thrombosis research,DECISION_REQUIRED,PROPOSED_HOLD,"no open licence declared by the publisher; extracted values are facts rather than expression, but the release of facts from a closed-access source is Oscar's call, not this pipeline's"
TMSR1517,TOLG238,human_in_vitro,PMC8264460; PMID 33540294; doi:10.1016/j.thromres.2021.01.006,summary_stat,C_closed_access,,closed_no_open_licence,Thrombosis research,DECISION_REQUIRED,PROPOSED_HOLD,"no open licence declared by the publisher; extracted values are facts rather than expression, but the release of facts from a closed-access source is Oscar's call, not this pipeline's"
TMSR1518,TOLG238,human_in_vitro,PMC8264460; PMID 33540294; doi:10.1016/j.thromres.2021.01.006,summary_stat,C_closed_access,,closed_no_open_licence,Thrombosis research,DECISION_REQUIRED,PROPOSED_HOLD,"no open licence declared by the publisher; extracted values are facts rather than expression, but the release of facts from a closed-access source is Oscar's call, not this pipeline's"
TMSR1519,TOLG238,animal_in_vivo,PMC8264460; PMID 33540294; doi:10.1016/j.thromres.2021.01.006,summary_stat,C_closed_access,,closed_no_open_licence,Thrombosis research,DECISION_REQUIRED,PROPOSED_HOLD,"no open licence declared by the publisher; extracted values are facts rather than expression, but the release of facts from a closed-access source is Oscar's call, not this pipeline's"
TMSR1520,TOLG238,human_ex_vivo,PMC8264460; PMID 33540294; doi:10.1016/j.thromres.2021.01.006,summary_stat,C_closed_access,,closed_no_open_licence,Thrombosis research,DECISION_REQUIRED,PROPOSED_HOLD,"no open licence declared by the publisher; extracted values are facts rather than expression, but the release of facts from a closed-access source is Oscar's call, not this pipeline's"
TMSR1521,TOLG238,human_ex_vivo,PMC8264460; PMID 33540294; doi:10.1016/j.thromres.2021.01.006,summary_stat,C_closed_access,,closed_no_open_licence,Thrombosis research,DECISION_REQUIRED,PROPOSED_HOLD,"no open licence declared by the publisher; extracted values are facts rather than expression, but the release of facts from a closed-access source is Oscar's call, not this pipeline's"
TMSR1522,TOLG238,human_ex_vivo,PMC8264460; PMID 33540294; doi:10.1016/j.thromres.2021.01.006,summary_stat,C_closed_access,,closed_no_open_licence,Thrombosis research,DECISION_REQUIRED,PROPOSED_HOLD,"no open licence declared by the publisher; extracted values are facts rather than expression, but the release of facts from a closed-access source is Oscar's call, not this pipeline's"
TMSR1523,TOLG238,human_ex_vivo,PMC8264460; PMID 33540294; doi:10.1016/j.thromres.2021.01.006,summary_stat,C_closed_access,,closed_no_open_licence,Thrombosis research,DECISION_REQUIRED,PROPOSED_HOLD,"no open licence declared by the publisher; extracted values are facts rather than expression, but the release of facts from a closed-access source is Oscar's call, not this pipeline's"
TMSR1524,TOLG238,human_ex_vivo,PMC8264460; PMID 33540294; doi:10.1016/j.thromres.2021.01.006,summary_stat,C_closed_access,,closed_no_open_licence,Thrombosis research,DECISION_REQUIRED,PROPOSED_HOLD,"no open licence declared by the publisher; extracted values are facts rather than expression, but the release of facts from a closed-access source is Oscar's call, not this pipeline's"
TMSR1525,TOLG239,human_in_vitro,PMC8264460; PMID 33540294; doi:10.1016/j.thromres.2021.01.006,summary_stat,C_closed_access,,closed_no_open_licence,Thrombosis research,DECISION_REQUIRED,PROPOSED_HOLD,"no open licence declared by the publisher; extracted values are facts rather than expression, but the release of facts from a closed-access source is Oscar's call, not this pipeline's"
TMSR1526,TOLG239,human_in_vitro,PMC8264460; PMID 33540294; doi:10.1016/j.thromres.2021.01.006,summary_stat,C_closed_access,,closed_no_open_licence,Thrombosis research,DECISION_REQUIRED,PROPOSED_HOLD,"no open licence declared by the publisher; extracted values are facts rather than expression, but the release of facts from a closed-access source is Oscar's call, not this pipeline's"
TMSR1527,TOLG239,human_in_vitro,PMC8264460; PMID 33540294; doi:10.1016/j.thromres.2021.01.006,summary_stat,C_closed_access,,closed_no_open_licence,Thrombosis research,DECISION_REQUIRED,PROPOSED_HOLD,"no open licence declared by the publisher; extracted values are facts rather than expression, but the release of facts from a closed-access source is Oscar's call, not this pipeline's"
TMSR1528,TOLG239,human_in_vitro,PMC8264460; PMID 33540294; doi:10.1016/j.thromres.2021.01.006,summary_stat,C_closed_access,,closed_no_open_licence,Thrombosis research,DECISION_REQUIRED,PROPOSED_HOLD,"no open licence declared by the publisher; extracted values are facts rather than expression, but the release of facts from a closed-access source is Oscar's call, not this pipeline's"
TMSR1529,TOLG239,human_in_vitro,PMC8264460; PMID 33540294; doi:10.1016/j.thromres.2021.01.006,summary_stat,C_closed_access,,closed_no_open_licence,Thrombosis research,DECISION_REQUIRED,PROPOSED_HOLD,"no open licence declared by the publisher; extracted values are facts rather than expression, but the release of facts from a closed-access source is Oscar's call, not this pipeline's"
TMSR1530,TOLG239,human_in_vitro,PMC8264460; PMID 33540294; doi:10.1016/j.thromres.2021.01.006,summary_stat,C_closed_access,,closed_no_open_licence,Thrombosis research,DECISION_REQUIRED,PROPOSED_HOLD,"no open licence declared by the publisher; extracted values are facts rather than expression, but the release of facts from a closed-access source is Oscar's call, not this pipeline's"
TMSR1531,TOLG239,human_in_vitro,PMC8264460; PMID 33540294; doi:10.1016/j.thromres.2021.01.006,summary_stat,C_closed_access,,closed_no_open_licence,Thrombosis research,DECISION_REQUIRED,PROPOSED_HOLD,"no open licence declared by the publisher; extracted values are facts rather than expression, but the release of facts from a closed-access source is Oscar's call, not this pipeline's"
TMSR1532,TOLG239,human_in_vitro,PMC8264460; PMID 33540294; doi:10.1016/j.thromres.2021.01.006,summary_stat,C_closed_access,,closed_no_open_licence,Thrombosis research,DECISION_REQUIRED,PROPOSED_HOLD,"no open licence declared by the publisher; extracted values are facts rather than expression, but the release of facts from a closed-access source is Oscar's call, not this pipeline's"
TMSR1533,TOLG239,animal_in_vivo,PMC8264460; PMID 33540294; doi:10.1016/j.thromres.2021.01.006,summary_stat,C_closed_access,,closed_no_open_licence,Thrombosis research,DECISION_REQUIRED,PROPOSED_HOLD,"no open licence declared by the publisher; extracted values are facts rather than expression, but the release of facts from a closed-access source is Oscar's call, not this pipeline's"
TMSR1534,TOLG239,animal_in_vivo,PMC8264460; PMID 33540294; doi:10.1016/j.thromres.2021.01.006,summary_stat,C_closed_access,,closed_no_open_licence,Thrombosis research,DECISION_REQUIRED,PROPOSED_HOLD,"no open licence declared by the publisher; extracted values are facts rather than expression, but the release of facts from a closed-access source is Oscar's call, not this pipeline's"
TMSR1535,TOLG239,animal_in_vivo,PMC8264460; PMID 33540294; doi:10.1016/j.thromres.2021.01.006,summary_stat,C_closed_access,,closed_no_open_licence,Thrombosis research,DECISION_REQUIRED,PROPOSED_HOLD,"no open licence declared by the publisher; extracted values are facts rather than expression, but the release of facts from a closed-access source is Oscar's call, not this pipeline's"
TMSR1536,TOLG239,human_in_vitro,PMC8264460; PMID 33540294; doi:10.1016/j.thromres.2021.01.006,summary_stat,C_closed_access,,closed_no_open_licence,Thrombosis research,DECISION_REQUIRED,PROPOSED_HOLD,"no open licence declared by the publisher; extracted values are facts rather than expression, but the release of facts from a closed-access source is Oscar's call, not this pipeline's"
TMSR1537,TOLG239,human_in_vitro,PMC8264460; PMID 33540294; doi:10.1016/j.thromres.2021.01.006,summary_stat,C_closed_access,,closed_no_open_licence,Thrombosis research,DECISION_REQUIRED,PROPOSED_HOLD,"no open licence declared by the publisher; extracted values are facts rather than expression, but the release of facts from a closed-access source is Oscar's call, not this pipeline's"
TMSR1538,TOLG239,human_in_vitro,PMC8264460; PMID 33540294; doi:10.1016/j.thromres.2021.01.006,summary_stat,C_closed_access,,closed_no_open_licence,Thrombosis research,DECISION_REQUIRED,PROPOSED_HOLD,"no open licence declared by the publisher; extracted values are facts rather than expression, but the release of facts from a closed-access source is Oscar's call, not this pipeline's"
TMSR1539,TOLG239,animal_in_vivo,PMC8264460; PMID 33540294; doi:10.1016/j.thromres.2021.01.006,summary_stat,C_closed_access,,closed_no_open_licence,Thrombosis research,DECISION_REQUIRED,PROPOSED_HOLD,"no open licence declared by the publisher; extracted values are facts rather than expression, but the release of facts from a closed-access source is Oscar's call, not this pipeline's"
TMSR1540,TOLG239,human_ex_vivo,PMC8264460; PMID 33540294; doi:10.1016/j.thromres.2021.01.006,summary_stat,C_closed_access,,closed_no_open_licence,Thrombosis research,DECISION_REQUIRED,PROPOSED_HOLD,"no open licence declared by the publisher; extracted values are facts rather than expression, but the release of facts from a closed-access source is Oscar's call, not this pipeline's"
TMSR1541,TOLG239,human_ex_vivo,PMC8264460; PMID 33540294; doi:10.1016/j.thromres.2021.01.006,summary_stat,C_closed_access,,closed_no_open_licence,Thrombosis research,DECISION_REQUIRED,PROPOSED_HOLD,"no open licence declared by the publisher; extracted values are facts rather than expression, but the release of facts from a closed-access source is Oscar's call, not this pipeline's"
TMSR1542,TOLG239,human_ex_vivo,PMC8264460; PMID 33540294; doi:10.1016/j.thromres.2021.01.006,summary_stat,C_closed_access,,closed_no_open_licence,Thrombosis research,DECISION_REQUIRED,PROPOSED_HOLD,"no open licence declared by the publisher; extracted values are facts rather than expression, but the release of facts from a closed-access source is Oscar's call, not this pipeline's"
TMSR1543,TOLG239,human_ex_vivo,PMC8264460; PMID 33540294; doi:10.1016/j.thromres.2021.01.006,summary_stat,C_closed_access,,closed_no_open_licence,Thrombosis research,DECISION_REQUIRED,PROPOSED_HOLD,"no open licence declared by the publisher; extracted values are facts rather than expression, but the release of facts from a closed-access source is Oscar's call, not this pipeline's"
TMSR1544,TOLG239,human_ex_vivo,PMC8264460; PMID 33540294; doi:10.1016/j.thromres.2021.01.006,summary_stat,C_closed_access,,closed_no_open_licence,Thrombosis research,DECISION_REQUIRED,PROPOSED_HOLD,"no open licence declared by the publisher; extracted values are facts rather than expression, but the release of facts from a closed-access source is Oscar's call, not this pipeline's"
TMSR1718,TOLG248,human_in_vitro,PMC8264460; PMID 33540294; doi:10.1016/j.thromres.2021.01.006,summary_stat,C_closed_access,,closed_no_open_licence,Thrombosis research,DECISION_REQUIRED,PROPOSED_HOLD,"no open licence declared by the publisher; extracted values are facts rather than expression, but the release of facts from a closed-access source is Oscar's call, not this pipeline's"
TMSR1719,TOLG248,human_in_vitro,PMC8264460; PMID 33540294; doi:10.1016/j.thromres.2021.01.006,summary_stat,C_closed_access,,closed_no_open_licence,Thrombosis research,DECISION_REQUIRED,PROPOSED_HOLD,"no open licence declared by the publisher; extracted values are facts rather than expression, but the release of facts from a closed-access source is Oscar's call, not this pipeline's"
TMSR1720,TOLG248,human_in_vitro,PMC8264460; PMID 33540294; doi:10.1016/j.thromres.2021.01.006,summary_stat,C_closed_access,,closed_no_open_licence,Thrombosis research,DECISION_REQUIRED,PROPOSED_HOLD,"no open licence declared by the publisher; extracted values are facts rather than expression, but the release of facts from a closed-access source is Oscar's call, not this pipeline's"
TMSR1721,TOLG248,human_in_vitro,PMC8264460; PMID 33540294; doi:10.1016/j.thromres.2021.01.006,summary_stat,C_closed_access,,closed_no_open_licence,Thrombosis research,DECISION_REQUIRED,PROPOSED_HOLD,"no open licence declared by the publisher; extracted values are facts rather than expression, but the release of facts from a closed-access source is Oscar's call, not this pipeline's"
TMSR1722,TOLG248,human_in_vitro,PMC8264460; PMID 33540294; doi:10.1016/j.thromres.2021.01.006,summary_stat,C_closed_access,,closed_no_open_licence,Thrombosis research,DECISION_REQUIRED,PROPOSED_HOLD,"no open licence declared by the publisher; extracted values are facts rather than expression, but the release of facts from a closed-access source is Oscar's call, not this pipeline's"
TMSR1723,TOLG248,human_in_vitro,PMC8264460; PMID 33540294; doi:10.1016/j.thromres.2021.01.006,summary_stat,C_closed_access,,closed_no_open_licence,Thrombosis research,DECISION_REQUIRED,PROPOSED_HOLD,"no open licence declared by the publisher; extracted values are facts rather than expression, but the release of facts from a closed-access source is Oscar's call, not this pipeline's"
TMSR1724,TOLG248,human_in_vitro,PMC8264460; PMID 33540294; doi:10.1016/j.thromres.2021.01.006,summary_stat,C_closed_access,,closed_no_open_licence,Thrombosis research,DECISION_REQUIRED,PROPOSED_HOLD,"no open licence declared by the publisher; extracted values are facts rather than expression, but the release of facts from a closed-access source is Oscar's call, not this pipeline's"
TMSR1725,TOLG248,human_in_vitro,PMC8264460; PMID 33540294; doi:10.1016/j.thromres.2021.01.006,summary_stat,C_closed_access,,closed_no_open_licence,Thrombosis research,DECISION_REQUIRED,PROPOSED_HOLD,"no open licence declared by the publisher; extracted values are facts rather than expression, but the release of facts from a closed-access source is Oscar's call, not this pipeline's"
TMSR1726,TOLG248,human_in_vitro,PMC8264460; PMID 33540294; doi:10.1016/j.thromres.2021.01.006,summary_stat,C_closed_access,,closed_no_open_licence,Thrombosis research,DECISION_REQUIRED,PROPOSED_HOLD,"no open licence declared by the publisher; extracted values are facts rather than expression, but the release of facts from a closed-access source is Oscar's call, not this pipeline's"
TMSR1727,TOLG248,human_in_vitro,PMC8264460; PMID 33540294; doi:10.1016/j.thromres.2021.01.006,summary_stat,C_closed_access,,closed_no_open_licence,Thrombosis research,DECISION_REQUIRED,PROPOSED_HOLD,"no open licence declared by the publisher; extracted values are facts rather than expression, but the release of facts from a closed-access source is Oscar's call, not this pipeline's"
TMSR1728,TOLG248,human_in_vitro,PMC8264460; PMID 33540294; doi:10.1016/j.thromres.2021.01.006,summary_stat,C_closed_access,,closed_no_open_licence,Thrombosis research,DECISION_REQUIRED,PROPOSED_HOLD,"no open licence declared by the publisher; extracted values are facts rather than expression, but the release of facts from a closed-access source is Oscar's call, not this pipeline's"
TMSR1729,TOLG248,human_in_vitro,PMC8264460; PMID 33540294; doi:10.1016/j.thromres.2021.01.006,summary_stat,C_closed_access,,closed_no_open_licence,Thrombosis research,DECISION_REQUIRED,PROPOSED_HOLD,"no open licence declared by the publisher; extracted values are facts rather than expression, but the release of facts from a closed-access source is Oscar's call, not this pipeline's"
TMSR1730,TOLG249,human_in_vitro,PMID:28403626; DOI:10.1177/2048872617703065,summary_stat,C_closed_access,,closed_no_open_licence,European heart journal. Acute cardiovascular care,DECISION_REQUIRED,PROPOSED_HOLD,"no open licence declared by the publisher; extracted values are facts rather than expression, but the release of facts from a closed-access source is Oscar's call, not this pipeline's"
TMSR1731,TOLG249,human_in_vitro,PMID:28403626; DOI:10.1177/2048872617703065,summary_stat,C_closed_access,,closed_no_open_licence,European heart journal. Acute cardiovascular care,DECISION_REQUIRED,PROPOSED_HOLD,"no open licence declared by the publisher; extracted values are facts rather than expression, but the release of facts from a closed-access source is Oscar's call, not this pipeline's"
TMSR1733,TOLG251,human_in_vitro,PMC8264460; PMID 33540294; doi:10.1016/j.thromres.2021.01.006,summary_stat,C_closed_access,,closed_no_open_licence,Thrombosis research,DECISION_REQUIRED,PROPOSED_HOLD,"no open licence declared by the publisher; extracted values are facts rather than expression, but the release of facts from a closed-access source is Oscar's call, not this pipeline's"
TMSR1734,TOLG251,human_in_vitro,PMC8264460; PMID 33540294; doi:10.1016/j.thromres.2021.01.006,summary_stat,C_closed_access,,closed_no_open_licence,Thrombosis research,DECISION_REQUIRED,PROPOSED_HOLD,"no open licence declared by the publisher; extracted values are facts rather than expression, but the release of facts from a closed-access source is Oscar's call, not this pipeline's"
TMSR1909,TOLG258,human_clinical,PMID 31390500; doi:10.1056/NEJMoa1715944,summary_stat,C_closed_access,,closed_no_open_licence,The New England journal of medicine,DECISION_REQUIRED,PROPOSED_HOLD,"no open licence declared by the publisher; extracted values are facts rather than expression, but the release of facts from a closed-access source is Oscar's call, not this pipeline's"
TMSR1910,TOLG258,human_clinical,PMID 31390500; doi:10.1056/NEJMoa1715944,summary_stat,C_closed_access,,closed_no_open_licence,The New England journal of medicine,DECISION_REQUIRED,PROPOSED_HOLD,"no open licence declared by the publisher; extracted values are facts rather than expression, but the release of facts from a closed-access source is Oscar's call, not this pipeline's"
TMSR1911,TOLG258,human_clinical,PMID 31390500; doi:10.1056/NEJMoa1715944,summary_stat,C_closed_access,,closed_no_open_licence,The New England journal of medicine,DECISION_REQUIRED,PROPOSED_HOLD,"no open licence declared by the publisher; extracted values are facts rather than expression, but the release of facts from a closed-access source is Oscar's call, not this pipeline's"
TMSR1912,TOLG258,human_clinical,PMID 31390500; doi:10.1056/NEJMoa1715944,summary_stat,C_closed_access,,closed_no_open_licence,The New England journal of medicine,DECISION_REQUIRED,PROPOSED_HOLD,"no open licence declared by the publisher; extracted values are facts rather than expression, but the release of facts from a closed-access source is Oscar's call, not this pipeline's"
TMSR1913,TOLG258,human_clinical,PMID 31390500; doi:10.1056/NEJMoa1715944,summary_stat,C_closed_access,,closed_no_open_licence,The New England journal of medicine,DECISION_REQUIRED,PROPOSED_HOLD,"no open licence declared by the publisher; extracted values are facts rather than expression, but the release of facts from a closed-access source is Oscar's call, not this pipeline's"
TMSR1914,TOLG258,human_clinical,PMID 31390500; doi:10.1056/NEJMoa1715944,summary_stat,C_closed_access,,closed_no_open_licence,The New England journal of medicine,DECISION_REQUIRED,PROPOSED_HOLD,"no open licence declared by the publisher; extracted values are facts rather than expression, but the release of facts from a closed-access source is Oscar's call, not this pipeline's"
TMSR1915,TOLG258,human_clinical,PMID 31390500; doi:10.1056/NEJMoa1715944,summary_stat,C_closed_access,,closed_no_open_licence,The New England journal of medicine,DECISION_REQUIRED,PROPOSED_HOLD,"no open licence declared by the publisher; extracted values are facts rather than expression, but the release of facts from a closed-access source is Oscar's call, not this pipeline's"
TMSR1916,TOLG258,human_clinical,PMID 31390500; doi:10.1056/NEJMoa1715944,summary_stat,C_closed_access,,closed_no_open_licence,The New England journal of medicine,DECISION_REQUIRED,PROPOSED_HOLD,"no open licence declared by the publisher; extracted values are facts rather than expression, but the release of facts from a closed-access source is Oscar's call, not this pipeline's"
TMSR1917,TOLG258,human_clinical,PMID 31390500; doi:10.1056/NEJMoa1715944,summary_stat,C_closed_access,,closed_no_open_licence,The New England journal of medicine,DECISION_REQUIRED,PROPOSED_HOLD,"no open licence declared by the publisher; extracted values are facts rather than expression, but the release of facts from a closed-access source is Oscar's call, not this pipeline's"
TMSR1918,TOLG258,human_clinical,PMID 31390500; doi:10.1056/NEJMoa1715944,summary_stat,C_closed_access,,closed_no_open_licence,The New England journal of medicine,DECISION_REQUIRED,PROPOSED_HOLD,"no open licence declared by the publisher; extracted values are facts rather than expression, but the release of facts from a closed-access source is Oscar's call, not this pipeline's"
TMSR1919,TOLG258,human_clinical,PMID 31390500; doi:10.1056/NEJMoa1715944,summary_stat,C_closed_access,,closed_no_open_licence,The New England journal of medicine,DECISION_REQUIRED,PROPOSED_HOLD,"no open licence declared by the publisher; extracted values are facts rather than expression, but the release of facts from a closed-access source is Oscar's call, not this pipeline's"
TMSR1920,TOLG258,human_clinical,PMID 31390500; doi:10.1056/NEJMoa1715944,summary_stat,C_closed_access,,closed_no_open_licence,The New England journal of medicine,DECISION_REQUIRED,PROPOSED_HOLD,"no open licence declared by the publisher; extracted values are facts rather than expression, but the release of facts from a closed-access source is Oscar's call, not this pipeline's"
TMSR1921,TOLG258,human_clinical,PMID 31390500; doi:10.1056/NEJMoa1715944,summary_stat,C_closed_access,,closed_no_open_licence,The New England journal of medicine,DECISION_REQUIRED,PROPOSED_HOLD,"no open licence declared by the publisher; extracted values are facts rather than expression, but the release of facts from a closed-access source is Oscar's call, not this pipeline's"
TMSR1922,TOLG258,human_clinical,PMID 31390500; doi:10.1056/NEJMoa1715944,summary_stat,C_closed_access,,closed_no_open_licence,The New England journal of medicine,DECISION_REQUIRED,PROPOSED_HOLD,"no open licence declared by the publisher; extracted values are facts rather than expression, but the release of facts from a closed-access source is Oscar's call, not this pipeline's"
TMSR1923,TOLG258,human_clinical,PMID 31390500; doi:10.1056/NEJMoa1715944,summary_stat,C_closed_access,,closed_no_open_licence,The New England journal of medicine,DECISION_REQUIRED,PROPOSED_HOLD,"no open licence declared by the publisher; extracted values are facts rather than expression, but the release of facts from a closed-access source is Oscar's call, not this pipeline's"
TMSR1924,TOLG258,human_clinical,PMID 31390500; doi:10.1056/NEJMoa1715944,summary_stat,C_closed_access,,closed_no_open_licence,The New England journal of medicine,DECISION_REQUIRED,PROPOSED_HOLD,"no open licence declared by the publisher; extracted values are facts rather than expression, but the release of facts from a closed-access source is Oscar's call, not this pipeline's"
TMSR1925,TOLG258,human_clinical,PMID 31390500; doi:10.1056/NEJMoa1715944,summary_stat,C_closed_access,,closed_no_open_licence,The New England journal of medicine,DECISION_REQUIRED,PROPOSED_HOLD,"no open licence declared by the publisher; extracted values are facts rather than expression, but the release of facts from a closed-access source is Oscar's call, not this pipeline's"
TMSR1926,TOLG258,human_clinical,PMID 31390500; doi:10.1056/NEJMoa1715944,summary_stat,C_closed_access,,closed_no_open_licence,The New England journal of medicine,DECISION_REQUIRED,PROPOSED_HOLD,"no open licence declared by the publisher; extracted values are facts rather than expression, but the release of facts from a closed-access source is Oscar's call, not this pipeline's"
TMSR1927,TOLG258,human_clinical,PMID 31390500; doi:10.1056/NEJMoa1715944,summary_stat,C_closed_access,,closed_no_open_licence,The New England journal of medicine,DECISION_REQUIRED,PROPOSED_HOLD,"no open licence declared by the publisher; extracted values are facts rather than expression, but the release of facts from a closed-access source is Oscar's call, not this pipeline's"
TMSR1928,TOLG258,human_clinical,PMID 31390500; doi:10.1056/NEJMoa1715944,summary_stat,C_closed_access,,closed_no_open_licence,The New England journal of medicine,DECISION_REQUIRED,PROPOSED_HOLD,"no open licence declared by the publisher; extracted values are facts rather than expression, but the release of facts from a closed-access source is Oscar's call, not this pipeline's"
TMSR1929,TOLG258,human_clinical,PMID 31390500; doi:10.1056/NEJMoa1715944,summary_stat,C_closed_access,,closed_no_open_licence,The New England journal of medicine,DECISION_REQUIRED,PROPOSED_HOLD,"no open licence declared by the publisher; extracted values are facts rather than expression, but the release of facts from a closed-access source is Oscar's call, not this pipeline's"
TMSR1930,TOLG258,human_clinical,PMID 31390500; doi:10.1056/NEJMoa1715944,summary_stat,C_closed_access,,closed_no_open_licence,The New England journal of medicine,DECISION_REQUIRED,PROPOSED_HOLD,"no open licence declared by the publisher; extracted values are facts rather than expression, but the release of facts from a closed-access source is Oscar's call, not this pipeline's"
TMSR1931,TOLG258,human_clinical,PMID 31390500; doi:10.1056/NEJMoa1715944,summary_stat,C_closed_access,,closed_no_open_licence,The New England journal of medicine,DECISION_REQUIRED,PROPOSED_HOLD,"no open licence declared by the publisher; extracted values are facts rather than expression, but the release of facts from a closed-access source is Oscar's call, not this pipeline's"
TMSR1932,TOLG258,human_clinical,PMID 31390500; doi:10.1056/NEJMoa1715944,summary_stat,C_closed_access,,closed_no_open_licence,The New England journal of medicine,DECISION_REQUIRED,PROPOSED_HOLD,"no open licence declared by the publisher; extracted values are facts rather than expression, but the release of facts from a closed-access source is Oscar's call, not this pipeline's"
TMSR1933,TOLG258,human_clinical,PMID 31390500; doi:10.1056/NEJMoa1715944,summary_stat,C_closed_access,,closed_no_open_licence,The New England journal of medicine,DECISION_REQUIRED,PROPOSED_HOLD,"no open licence declared by the publisher; extracted values are facts rather than expression, but the release of facts from a closed-access source is Oscar's call, not this pipeline's"
TMSR1934,TOLG258,human_clinical,PMID 31390500; doi:10.1056/NEJMoa1715944,summary_stat,C_closed_access,,closed_no_open_licence,The New England journal of medicine,DECISION_REQUIRED,PROPOSED_HOLD,"no open licence declared by the publisher; extracted values are facts rather than expression, but the release of facts from a closed-access source is Oscar's call, not this pipeline's"
TMSR1935,TOLG258,human_clinical,PMID 31390500; doi:10.1056/NEJMoa1715944,summary_stat,C_closed_access,,closed_no_open_licence,The New England journal of medicine,DECISION_REQUIRED,PROPOSED_HOLD,"no open licence declared by the publisher; extracted values are facts rather than expression, but the release of facts from a closed-access source is Oscar's call, not this pipeline's"
TMSR1936,TOLG258,human_clinical,PMID 31390500; doi:10.1056/NEJMoa1715944,summary_stat,C_closed_access,,closed_no_open_licence,The New England journal of medicine,DECISION_REQUIRED,PROPOSED_HOLD,"no open licence declared by the publisher; extracted values are facts rather than expression, but the release of facts from a closed-access source is Oscar's call, not this pipeline's"
TMSR1937,TOLG258,human_clinical,PMID 31390500; doi:10.1056/NEJMoa1715944,summary_stat,C_closed_access,,closed_no_open_licence,The New England journal of medicine,DECISION_REQUIRED,PROPOSED_HOLD,"no open licence declared by the publisher; extracted values are facts rather than expression, but the release of facts from a closed-access source is Oscar's call, not this pipeline's"
TMSR1938,TOLG258,human_clinical,PMID 31390500; doi:10.1056/NEJMoa1715944,summary_stat,C_closed_access,,closed_no_open_licence,The New England journal of medicine,DECISION_REQUIRED,PROPOSED_HOLD,"no open licence declared by the publisher; extracted values are facts rather than expression, but the release of facts from a closed-access source is Oscar's call, not this pipeline's"
TMSR1939,TOLG258,human_clinical,PMID 31390500; doi:10.1056/NEJMoa1715944,summary_stat,C_closed_access,,closed_no_open_licence,The New England journal of medicine,DECISION_REQUIRED,PROPOSED_HOLD,"no open licence declared by the publisher; extracted values are facts rather than expression, but the release of facts from a closed-access source is Oscar's call, not this pipeline's"
TMSR1940,TOLG258,human_clinical,PMID 31390500; doi:10.1056/NEJMoa1715944,summary_stat,C_closed_access,,closed_no_open_licence,The New England journal of medicine,DECISION_REQUIRED,PROPOSED_HOLD,"no open licence declared by the publisher; extracted values are facts rather than expression, but the release of facts from a closed-access source is Oscar's call, not this pipeline's"
TMSR1941,TOLG258,human_clinical,PMID 31390500; doi:10.1056/NEJMoa1715944,summary_stat,C_closed_access,,closed_no_open_licence,The New England journal of medicine,DECISION_REQUIRED,PROPOSED_HOLD,"no open licence declared by the publisher; extracted values are facts rather than expression, but the release of facts from a closed-access source is Oscar's call, not this pipeline's"
TMSR1942,TOLG258,human_clinical,PMID 31390500; doi:10.1056/NEJMoa1715944,summary_stat,C_closed_access,,closed_no_open_licence,The New England journal of medicine,DECISION_REQUIRED,PROPOSED_HOLD,"no open licence declared by the publisher; extracted values are facts rather than expression, but the release of facts from a closed-access source is Oscar's call, not this pipeline's"
TMSR1943,TOLG258,human_clinical,PMID 31390500; doi:10.1056/NEJMoa1715944,summary_stat,C_closed_access,,closed_no_open_licence,The New England journal of medicine,DECISION_REQUIRED,PROPOSED_HOLD,"no open licence declared by the publisher; extracted values are facts rather than expression, but the release of facts from a closed-access source is Oscar's call, not this pipeline's"
TMSR1944,TOLG258,human_clinical,PMID 31390500; doi:10.1056/NEJMoa1715944,summary_stat,C_closed_access,,closed_no_open_licence,The New England journal of medicine,DECISION_REQUIRED,PROPOSED_HOLD,"no open licence declared by the publisher; extracted values are facts rather than expression, but the release of facts from a closed-access source is Oscar's call, not this pipeline's"
TMSR1945,TOLG258,human_clinical,PMID 31390500; doi:10.1056/NEJMoa1715944,summary_stat,C_closed_access,,closed_no_open_licence,The New England journal of medicine,DECISION_REQUIRED,PROPOSED_HOLD,"no open licence declared by the publisher; extracted values are facts rather than expression, but the release of facts from a closed-access source is Oscar's call, not this pipeline's"
TMSR1946,TOLG258,human_clinical,PMID 31390500; doi:10.1056/NEJMoa1715944,summary_stat,C_closed_access,,closed_no_open_licence,The New England journal of medicine,DECISION_REQUIRED,PROPOSED_HOLD,"no open licence declared by the publisher; extracted values are facts rather than expression, but the release of facts from a closed-access source is Oscar's call, not this pipeline's"
TMSR1947,TOLG258,human_clinical,PMID 31390500; doi:10.1056/NEJMoa1715944,summary_stat,C_closed_access,,closed_no_open_licence,The New England journal of medicine,DECISION_REQUIRED,PROPOSED_HOLD,"no open licence declared by the publisher; extracted values are facts rather than expression, but the release of facts from a closed-access source is Oscar's call, not this pipeline's"
TMSR1948,TOLG258,human_clinical,PMID 31390500; doi:10.1056/NEJMoa1715944,summary_stat,C_closed_access,,closed_no_open_licence,The New England journal of medicine,DECISION_REQUIRED,PROPOSED_HOLD,"no open licence declared by the publisher; extracted values are facts rather than expression, but the release of facts from a closed-access source is Oscar's call, not this pipeline's"
TMSR1949,TOLG258,human_clinical,PMID 31390500; doi:10.1056/NEJMoa1715944,summary_stat,C_closed_access,,closed_no_open_licence,The New England journal of medicine,DECISION_REQUIRED,PROPOSED_HOLD,"no open licence declared by the publisher; extracted values are facts rather than expression, but the release of facts from a closed-access source is Oscar's call, not this pipeline's"
TMSR1950,TOLG258,human_clinical,PMID 31390500; doi:10.1056/NEJMoa1715944,summary_stat,C_closed_access,,closed_no_open_licence,The New England journal of medicine,DECISION_REQUIRED,PROPOSED_HOLD,"no open licence declared by the publisher; extracted values are facts rather than expression, but the release of facts from a closed-access source is Oscar's call, not this pipeline's"
TMSR1951,TOLG258,human_clinical,PMID 31390500; doi:10.1056/NEJMoa1715944,summary_stat,C_closed_access,,closed_no_open_licence,The New England journal of medicine,DECISION_REQUIRED,PROPOSED_HOLD,"no open licence declared by the publisher; extracted values are facts rather than expression, but the release of facts from a closed-access source is Oscar's call, not this pipeline's"
TMSR1952,TOLG258,human_clinical,PMID 31390500; doi:10.1056/NEJMoa1715944,summary_stat,C_closed_access,,closed_no_open_licence,The New England journal of medicine,DECISION_REQUIRED,PROPOSED_HOLD,"no open licence declared by the publisher; extracted values are facts rather than expression, but the release of facts from a closed-access source is Oscar's call, not this pipeline's"
TMSR1953,TOLG258,human_clinical,PMID 31390500; doi:10.1056/NEJMoa1715944,summary_stat,C_closed_access,,closed_no_open_licence,The New England journal of medicine,DECISION_REQUIRED,PROPOSED_HOLD,"no open licence declared by the publisher; extracted values are facts rather than expression, but the release of facts from a closed-access source is Oscar's call, not this pipeline's"
TMSR1954,TOLG258,human_clinical,PMID 31390500; doi:10.1056/NEJMoa1715944,summary_stat,C_closed_access,,closed_no_open_licence,The New England journal of medicine,DECISION_REQUIRED,PROPOSED_HOLD,"no open licence declared by the publisher; extracted values are facts rather than expression, but the release of facts from a closed-access source is Oscar's call, not this pipeline's"
TMSR1955,TOLG258,human_clinical,PMID 31390500; doi:10.1056/NEJMoa1715944,summary_stat,C_closed_access,,closed_no_open_licence,The New England journal of medicine,DECISION_REQUIRED,PROPOSED_HOLD,"no open licence declared by the publisher; extracted values are facts rather than expression, but the release of facts from a closed-access source is Oscar's call, not this pipeline's"
TMSR1956,TOLG258,human_clinical,PMID:32243492; DOI:10.1093/cvr/cvaa077,summary_stat,C_closed_access,,closed_no_open_licence,Cardiovascular research,DECISION_REQUIRED,PROPOSED_HOLD,"no open licence declared by the publisher; extracted values are facts rather than expression, but the release of facts from a closed-access source is Oscar's call, not this pipeline's"
TMSR1957,TOLG258,human_clinical,PMID:32243492; DOI:10.1093/cvr/cvaa077,summary_stat,C_closed_access,,closed_no_open_licence,Cardiovascular research,DECISION_REQUIRED,PROPOSED_HOLD,"no open licence declared by the publisher; extracted values are facts rather than expression, but the release of facts from a closed-access source is Oscar's call, not this pipeline's"
