oligo_id,oligo_name,aliases,oligo_class,target_gene,indication,developer,max_phase,length_nt,backbone_chemistry,sugar_modifications,gapmer_design,conjugate,ps_count,sequence_5to3,design_source,notes
OLG001,inotersen,IONIS-TTRRx;ISIS420915;AKCEA-TTR,ASO_gapmer,TTR,hereditary_transthyretin_amyloidosis_polyneuropathy,Ionis/Akcea,approved,20,full_PS,2'-MOE;DNA_gap,5-10-5_MOE,none,19,TBD,FDA_label_211172;NEURO-TTR,classic_2-MOE_gapmer;sequence_published_retrieve_from_patent
OLG002,SPC5001,SPC-5001;PCSK9_LNA_gapmer,ASO_gapmer,PCSK9,hypercholesterolemia_phase1_discontinued,Santaris,phase_1,TBD,full_PS,LNA;DNA_gap,LNA_gapmer_motif_TBD,none,TBD,TBD,vanPoelgeest2013_10.1111/bcp.12738,known_human_nephrotoxin;exact_length_and_design_from_source
OLG003,givosiran,ALN-AS1;Givlaari,GalNAc_siRNA,ALAS1,acute_hepatic_porphyria,Alnylam,approved,TBD,PS_PO_mix,2'-OMe;2'-F,NA,GalNAc,TBD,TBD,FDA_label_Givlaari;Scott2020,ESC-GalNAc_siRNA_duplex_sense21_antisense23;sequences_published
OLG004,nusinersen,ISIS396443;Spinraza;BIIB058,splice_switching_ASO,SMN2_ISS-N1,spinal_muscular_atrophy,Ionis/Biogen,approved,18,full_PS,2'-MOE_uniform,NA,none,17,TBD,FDA_label_Spinraza,uniform_2-MOE_PS_steric-block;intrathecal_delivery
OLG005,volanesorsen,ISIS304801;IONIS-APOCIIIRx;Waylivra,ASO_gapmer,APOC3,familial_chylomicronemia_syndrome,Ionis/Akcea,approved_EMA,20,full_PS,2'-MOE;DNA_gap,5-10-5_MOE,none,19,TBD,EMA_SmPC_Waylivra,2-MOE_gapmer
OLG006,mipomersen,ISIS301012;Kynamro,ASO_gapmer,APOB,homozygous_familial_hypercholesterolemia,Genzyme/Isis,approved,20,full_PS,2'-MOE;DNA_gap,5-10-5_MOE,none,19,TBD,FDA_label_203568,2-MOE_gapmer;kidney_and_liver_principal_target_organs
OLG007,inclisiran,ALN-PCSsc;Leqvio;KJX839,GalNAc_siRNA,PCSK9,hypercholesterolemia_ASCVD,Alnylam/Novartis,approved,TBD,PS_PO_mix,2'-OMe;2'-F,NA,GalNAc,TBD,TBD,FDA_label_Leqvio,ESC-GalNAc_siRNA;renal_negative_control
OLG008,drisapersen,PRO051;GSK2402968;Kyndrisa,splice_switching_ASO,DMD_dystrophin_exon51,Duchenne_muscular_dystrophy,BioMarin/Prosensa,phase_3,20,full_PS,2'-OMe_uniform,NA,none,19,UCAAGGAAGAUGGCAUUUCU,Janssen2019_PMC6796739;study_DMD114673,2OMePS_exon-skipping_steric_block;FDA_CRL_not_approved
OLG009,AON1,Janssen2019_AON1,splice_switching_ASO,TBD,research_tool_2OMePS,BioMarin,research_panel,25,full_PS,2'-OMe_uniform,NA,none,24,UAUGAGUUUCUUCCAAAGCAGCCUC,Janssen2019_PMC6796739,2OMePS_tool_AON_5prime-methyl_Cs;gene_target_unspecified_in_source
OLG010,AON2,Janssen2019_AON2,splice_switching_ASO,TBD,research_tool_2OMePS,BioMarin,research_panel,24,full_PS,2'-OMe_uniform,NA,none,23,GAGUUUCUUCCAAAGCAGCCUCUC,Janssen2019_PMC6796739,2OMePS_tool_AON;gene_target_unspecified_in_source
OLG011,golodirsen,Vyondys53;SRP-4053,PMO,DMD_dystrophin_exon53,Duchenne_muscular_dystrophy,Sarepta,approved,TBD,PMO_neutral,morpholino,NA,none,0,TBD,Wu2022_PMC10174585;FDA_label_Vyondys53_NCR211970,PMO_exon53;FDA_renal_tox_warning_preclinical
OLG012,casimersen,Amondys45;SRP-4045,PMO,DMD_dystrophin_exon45,Duchenne_muscular_dystrophy,Sarepta,approved,TBD,PMO_neutral,morpholino,NA,none,0,TBD,Wu2022_PMC10174585;FDA_label_Amondys45_NCR213026,PMO_exon45;FDA_renal_tox_warning_preclinical
OLG013,viltolarsen,Viltepso;NS-065;NCNP-01,PMO,DMD_dystrophin_exon53,Duchenne_muscular_dystrophy,Nippon_Shinyaku,approved,TBD,PMO_neutral,morpholino,NA,none,0,TBD,Wu2022_PMC10174585;FDA_label_Viltepso,PMO_exon53;renal_warning_incl_potential_glomerulonephritis
OLG014,cEt_tool_ASO_Sandelius,Sandelius2020_tool_ASO,ASO_gapmer,TBD,research_tool_nephrotoxic_cEt_ASO,AstraZeneca,research_panel,TBD,full_PS,cEt;DNA_gap,cEt_gapmer_motif_TBD,none,TBD,TBD,Sandelius2020_PMID33084520,nephrotoxic_cEt_tool_ASO;proprietary_sequence_not_disclosed
OLG015,cEt_control_ASO_Sandelius,Sandelius2020_control_ASO,ASO_gapmer,TBD,research_tool_control_cEt_ASO,AstraZeneca,research_panel,TBD,full_PS,cEt;DNA_gap,cEt_gapmer_motif_TBD,none,TBD,TBD,Sandelius2020_PMID33084520,control_cEt_ASO_same_chemistry;proprietary_sequence_not_disclosed
OLG016,eteplirsen,Exondys51;AVI-4658,PMO,DMD_dystrophin_exon51,Duchenne_muscular_dystrophy,Sarepta,approved,TBD,PMO_neutral,morpholino,NA,none,0,TBD,PROMOVI_PMC8673535;FDA_label_Exondys51,PMO_exon51;milder_renal_no_warning_label
OLG017,tofersen,Qalsody;BIIB067;ISIS666853,ASO_gapmer,SOD1,amyotrophic_lateral_sclerosis,Biogen/Ionis,approved,20,full_PS,2'-MOE;DNA_gap,5-10-5_MOE,none,19,TBD,Qalsody_FDA_label;EMA_EPAR,intrathecal;RNaseH_gapmer;class_renal_precaution
OLG018,eplontersen,Wainua;ION-682884;AKCEA-TTR-LRx,ASO_gapmer,TTR,hereditary_transthyretin_amyloidosis,Ionis/AstraZeneca,approved,20,full_PS,2'-MOE;DNA_gap,5-10-5_MOE,GalNAc,19,TBD,FDA_217388;Wainua_label;NEURO-TTRansform,GalNAc_conjugated_inotersen_successor;lower_renal_exposure
OLG019,patisiran,Onpattro;ALN-TTR02;ALN-18328,siRNA,TTR,hereditary_transthyretin_amyloidosis,Alnylam,approved,TBD,PS_PO_mix,2'-OMe;2'-F,NA,none,TBD,TBD,Onpattro_PI;NBK549761,LNP_delivered_siRNA;renal_negative_LNP_delivery
OLG020,lumasiran,Oxlumo;ALN-GO1,GalNAc_siRNA,HAO1_glycolate_oxidase,primary_hyperoxaluria_type1,Alnylam,approved,TBD,PS_PO_mix,2'-OMe;2'-F,NA,GalNAc,TBD,TBD,Oxlumo_label;NBK588653;ILLUMINATE-B,kidney_indication_oxalate_lowering;renal_negative
OLG021,nedosiran,Rivfloza;DCR-PHXC,GalNAc_siRNA,LDHA,primary_hyperoxaluria,Novo_Dicerna,approved,TBD,PS_PO_mix,2'-OMe;2'-F,NA,GalNAc,TBD,TBD,Rivfloza_label;PMC10803381;PHYOX3,kidney_indication;renal_negative_eGFR_preserved
OLG022,vutrisiran,Amvuttra;ALN-TTRSC02,GalNAc_siRNA,TTR,hereditary_transthyretin_amyloidosis,Alnylam,approved,TBD,PS_PO_mix,2'-OMe;2'-F,NA,GalNAc,TBD,TBD,Amvuttra_PI;HELIOS-A,renal_negative_control
OLG023,revusiran,ALN-TTRSC;ALN-TTR-SC,GalNAc_siRNA,TTR,hereditary_transthyretin_amyloidosis_cardiomyopathy,Alnylam,phase_3_discontinued,TBD,PS_PO_mix,2'-OMe;2'-F,NA,GalNAc,TBD,TBD,NAT2019_PMC6987735;ENDEAVOUR,1st_gen_GalNAc_siRNA_discontinued_mortality;renal_basophilic_granules_reversible
OLG024,pegaptanib,Macugen;EYE001;NX1838,aptamer,VEGF165,neovascular_AMD,Eyetech/Pfizer,approved,28,mixed,2'-F;2'-OMe;PEG,NA,PEG_5prime,TBD,TBD,Macugen_FDA_label_021756;PMC11944999,anti-VEGF_aptamer_intravitreal_28nt_PEGylated;renal_negative_systemic
OLG025,ISIS113715,ISIS-113715,ASO_gapmer,PTPN1_PTP1B,type2_diabetes_research,Ionis,phase_2,20,full_PS,2'-MOE;DNA_gap,5-10-5_MOE,none,19,TBD,Yu2012_Toxicology_ISIS113715_monkey,representative_2-MOE_ASO_renal_uptake_study
