measurement_id,oligo_id,oligo_name,aliases,oligo_class,target_gene,indication,developer,max_phase,length_nt,backbone_chemistry,sugar_modifications,gapmer_design,conjugate,ps_count,sequence_5to3,design_source,notes_oligo,study_type,species,system_model,tissue,delivery_method,dose_or_conc_value,dose_or_conc_unit,exposure_duration,readout_category,readout_name,readout_value,readout_unit,effect_direction,effect_vs_control,nephrotox_grade,is_kidney_specific,source_id,source_ref,source_table,redistribution,notes_measurement
MSR001,OLG001,inotersen,IONIS-TTRRx;ISIS420915;AKCEA-TTR,ASO_gapmer,TTR,hereditary_transthyretin_amyloidosis_polyneuropathy,Ionis/Akcea,approved,20,full_PS,2'-MOE;DNA_gap,5-10-5_MOE,none,19,TCTTGGTTACATGAAATCCC,FDA_label_211172;NEURO-TTR;seq_Viney2021_Wikipedia,classic_2-MOE_gapmer;TTR_3UTR_bp618-637;seq_corroborated_by_vutrisiran_guide,clinical,human,patient_cohort,kidney,systemic_dose,284,mg,weekly,clinical_renal_outcome,crescentic_glomerulonephritis,3,pct_incidence,increase,3pct_vs_0pct_placebo,3,TRUE,A1,NEJM2018_NEJMoa1716793;FDA_label_211172,NEURO-TTR;label_sec5.2,public_domain,all_cases_V30M_carriers;grade_provisional
MSR002,OLG001,inotersen,IONIS-TTRRx;ISIS420915;AKCEA-TTR,ASO_gapmer,TTR,hereditary_transthyretin_amyloidosis_polyneuropathy,Ionis/Akcea,approved,20,full_PS,2'-MOE;DNA_gap,5-10-5_MOE,none,19,TCTTGGTTACATGAAATCCC,FDA_label_211172;NEURO-TTR;seq_Viney2021_Wikipedia,classic_2-MOE_gapmer;TTR_3UTR_bp618-637;seq_corroborated_by_vutrisiran_guide,clinical,human,patient_cohort,kidney,systemic_dose,284,mg,weekly,functional,UPCR_proteinuria_gt5xULN,15,pct_incidence,increase,15pct_vs_8pct_placebo,2,TRUE,A1,FDA_label_211172,label_sec5.2,public_domain,grade_provisional
MSR003,OLG001,inotersen,IONIS-TTRRx;ISIS420915;AKCEA-TTR,ASO_gapmer,TTR,hereditary_transthyretin_amyloidosis_polyneuropathy,Ionis/Akcea,approved,20,full_PS,2'-MOE;DNA_gap,5-10-5_MOE,none,19,TCTTGGTTACATGAAATCCC,FDA_label_211172;NEURO-TTR;seq_Viney2021_Wikipedia,classic_2-MOE_gapmer;TTR_3UTR_bp618-637;seq_corroborated_by_vutrisiran_guide,clinical,human,patient_cohort,kidney,systemic_dose,284,mg,weekly,functional,serum_creatinine_rise_gt0.5mgdL,11,pct_incidence,increase,11pct_vs_2pct_placebo,2,TRUE,A1,FDA_label_211172,label_sec5.2,public_domain,grade_provisional
MSR004,OLG001,inotersen,IONIS-TTRRx;ISIS420915;AKCEA-TTR,ASO_gapmer,TTR,hereditary_transthyretin_amyloidosis_polyneuropathy,Ionis/Akcea,approved,20,full_PS,2'-MOE;DNA_gap,5-10-5_MOE,none,19,TCTTGGTTACATGAAATCCC,FDA_label_211172;NEURO-TTR;seq_Viney2021_Wikipedia,classic_2-MOE_gapmer;TTR_3UTR_bp618-637;seq_corroborated_by_vutrisiran_guide,clinical,human,case_report,kidney,systemic_dose,284,mg,chronic,histopathology,focal_segmental_glomerulosclerosis,TBD,NA,increase,single_biopsy_confirmed_case,3,TRUE,A2,AJKD2022_S0272-6386_22_00929-5,case_report,summary_stat,grade_provisional
MSR005,OLG002,SPC5001,SPC-5001;PCSK9_LNA_gapmer,ASO_gapmer,PCSK9,hypercholesterolemia_phase1_discontinued,Santaris,phase_1,TBD,full_PS,LNA;DNA_gap,LNA_gapmer_motif_TBD,none,TBD,TBD,vanPoelgeest2013_10.1111/bcp.12738,known_human_nephrotoxin;exact_length_and_design_from_source,clinical,human,healthy_volunteer,proximal_tubule,systemic_dose,5,mg,4_weekly_doses,clinical_renal_outcome,acute_tubular_necrosis_AKI,TBD,NA,increase,biopsy_confirmed,3,TRUE,A3,vanPoelgeest2013_10.1111_bcp.12738,case_biopsy,summary_stat,tubular_necrosis_plus_ASO_accumulation;recovered_44d;grade_provisional
MSR006,OLG002,SPC5001,SPC-5001;PCSK9_LNA_gapmer,ASO_gapmer,PCSK9,hypercholesterolemia_phase1_discontinued,Santaris,phase_1,TBD,full_PS,LNA;DNA_gap,LNA_gapmer_motif_TBD,none,TBD,TBD,vanPoelgeest2013_10.1111/bcp.12738,known_human_nephrotoxin;exact_length_and_design_from_source,clinical,human,healthy_volunteer,proximal_tubule,systemic_dose,5,mg,4_weekly_doses,injury_biomarker,KIM-1_urinary,TBD,NA,increase,elevated_after_4_doses,2,TRUE,A3,vanPoelgeest2013_10.1111_bcp.12738,results,summary_stat,grade_provisional
MSR007,OLG002,SPC5001,SPC-5001;PCSK9_LNA_gapmer,ASO_gapmer,PCSK9,hypercholesterolemia_phase1_discontinued,Santaris,phase_1,TBD,full_PS,LNA;DNA_gap,LNA_gapmer_motif_TBD,none,TBD,TBD,vanPoelgeest2013_10.1111/bcp.12738,known_human_nephrotoxin;exact_length_and_design_from_source,clinical,human,healthy_volunteer,proximal_tubule,systemic_dose,5,mg,4_weekly_doses,injury_biomarker,beta2_microglobulin_urinary,TBD,NA,increase,elevated;also_alpha-GST,2,TRUE,A3,vanPoelgeest2013_10.1111_bcp.12738,results,summary_stat,grade_provisional
MSR008,OLG002,SPC5001,SPC-5001;PCSK9_LNA_gapmer,ASO_gapmer,PCSK9,hypercholesterolemia_phase1_discontinued,Santaris,phase_1,TBD,full_PS,LNA;DNA_gap,LNA_gapmer_motif_TBD,none,TBD,TBD,vanPoelgeest2013_10.1111/bcp.12738,known_human_nephrotoxin;exact_length_and_design_from_source,in_vitro,human,proximal_tubule_on_chip,proximal_tubule,gymnotic_free_uptake,TBD,uM,TBD,injury_biomarker,KIM-1,2.5,fold_change,increase,2.5fold_perfusate,2,TRUE,A4,ArchToxicol2021_10.1007_s00204-021-03062-8,results,summary_stat,in_vitro_model_recapitulates_clinical_nephrotox;grade_provisional
MSR009,OLG003,givosiran,ALN-AS1;Givlaari,GalNAc_siRNA,ALAS1,acute_hepatic_porphyria,Alnylam,approved,TBD,PS_PO_mix,2'-OMe;2'-F,NA,GalNAc,TBD,TBD,FDA_label_Givlaari;Scott2020,ESC-GalNAc_siRNA_duplex_sense21_antisense23;sequences_published,clinical,human,patient_cohort,kidney,systemic_dose,2.5,mg/kg,monthly,functional,eGFR_decrease_creatinine_rise,15,pct_incidence,increase,15pct_vs_7pct_placebo;median_plus0.07mgdL,1,TRUE,A5,NEJM2019_NEJMoa1913147;FDA_label_Givlaari,ENVISION;label,public_domain,porphyria_baseline_CKD_confounder;grade_provisional
MSR010,OLG003,givosiran,ALN-AS1;Givlaari,GalNAc_siRNA,ALAS1,acute_hepatic_porphyria,Alnylam,approved,TBD,PS_PO_mix,2'-OMe;2'-F,NA,GalNAc,TBD,TBD,FDA_label_Givlaari;Scott2020,ESC-GalNAc_siRNA_duplex_sense21_antisense23;sequences_published,clinical,human,patient_cohort,kidney,systemic_dose,2.5,mg/kg,monthly_24mo,clinical_renal_outcome,CKD_onset_or_worsening,5,patients,increase,5_givosiran_patients,2,TRUE,A6,LiverInt2022_10.1111_liv.15090,ENVISION_24mo,summary_stat,grade_provisional
MSR011,OLG004,nusinersen,ISIS396443;Spinraza;BIIB058,splice_switching_ASO,SMN2_ISS-N1,spinal_muscular_atrophy,Ionis/Biogen,approved,18,full_PS,2'-MOE_uniform,NA,none,17,TCACTTTCATAATGCTGG,FDA_label_Spinraza;seq_oligowiki,uniform_2-MOE_PS_steric-block;intrathecal_delivery;seq_verify,clinical,human,patient_cohort,kidney,intrathecal,12,mg,per_dose,functional,urine_protein_elevated,58,pct_incidence,increase,58pct_vs_34pct_sham,1,TRUE,A7,FDA_label_Spinraza,label_sec5.3;Study1_and_2,public_domain,mild_proteinuria;monitored_each_dose;grade_provisional
MSR012,OLG005,volanesorsen,ISIS304801;IONIS-APOCIIIRx;Waylivra,ASO_gapmer,APOC3,familial_chylomicronemia_syndrome,Ionis/Akcea,approved_EMA,20,full_PS,2'-MOE;DNA_gap,5-10-5_MOE,none,19,AGCTTCTTGTCCAGCTTTAT,EMA_SmPC_Waylivra;seq_published_literature,2-MOE_gapmer;seq_verify_vs_patent,clinical,human,patient_cohort,kidney,systemic_dose,285,mg,weekly,functional,proteinuria,7.84,pct_incidence,increase,7.84pct_treatment_naive,2,TRUE,A8,EMA_SmPC_Waylivra;APPROACH_NCT02658175,SmPC_sec4.4_4.8,public_domain,grade_provisional
MSR013,OLG005,volanesorsen,ISIS304801;IONIS-APOCIIIRx;Waylivra,ASO_gapmer,APOC3,familial_chylomicronemia_syndrome,Ionis/Akcea,approved_EMA,20,full_PS,2'-MOE;DNA_gap,5-10-5_MOE,none,19,AGCTTCTTGTCCAGCTTTAT,EMA_SmPC_Waylivra;seq_published_literature,2-MOE_gapmer;seq_verify_vs_patent,clinical,human,patient_cohort,kidney,systemic_dose,285,mg,weekly,histopathology,focal_segmental_glomerulosclerosis,7.14,pct_incidence,increase,1_of_14_previously_treated,3,TRUE,A8,EMA_SmPC_Waylivra,SmPC,public_domain,grade_provisional
MSR014,OLG006,mipomersen,ISIS301012;Kynamro,ASO_gapmer,APOB,homozygous_familial_hypercholesterolemia,Genzyme/Isis,approved,20,full_PS,2'-MOE;DNA_gap,5-10-5_MOE,none,19,GCCTCAGTCTGCTTCGCACC,FDA_label_203568;seq_patent_WO2016033424A1,2-MOE_gapmer;kidney_and_liver_principal_target_organs,clinical,human,patient_cohort,kidney,systemic_dose,200,mg,weekly,functional,proteinuria_dipstick_1plus,9,pct_incidence,increase,9pct_vs_3pct_placebo,1,TRUE,A9,FDA_label_203568;EMA_EPAR_Kynamro,label_sec5;EPAR,public_domain,kidney_principal_target_organ;grade_provisional
MSR015,OLG006,mipomersen,ISIS301012;Kynamro,ASO_gapmer,APOB,homozygous_familial_hypercholesterolemia,Genzyme/Isis,approved,20,full_PS,2'-MOE;DNA_gap,5-10-5_MOE,none,19,GCCTCAGTCTGCTTCGCACC,FDA_label_203568;seq_patent_WO2016033424A1,2-MOE_gapmer;kidney_and_liver_principal_target_organs,clinical,human,patient_cohort,kidney,systemic_dose,200,mg,chronic,clinical_renal_outcome,glomerulonephritis,TBD,NA,increase,single_OLE_case,3,TRUE,A9,FDA_label_203568;EMA_EPAR_Kynamro,open_label_extension,public_domain,isolated_case;grade_provisional
MSR016,OLG007,inclisiran,ALN-PCSsc;Leqvio;KJX839,GalNAc_siRNA,PCSK9,hypercholesterolemia_ASCVD,Alnylam/Novartis,approved,TBD,PS_PO_mix,2'-OMe;2'-F,NA,GalNAc,TBD,TBD,FDA_label_Leqvio,ESC-GalNAc_siRNA;renal_negative_control,clinical,human,patient_cohort,kidney,systemic_dose,284,mg,q6month,functional,proteinuria,0,pct_incidence,no_change,not_among_common_AEs,0,TRUE,A10,FDA_label_Leqvio;Novartis_SmPC,label_sec6,public_domain,negative_control;no_renal_dose_adjustment;grade_provisional
MSR017,OLG008,drisapersen,PRO051;GSK2402968;Kyndrisa,splice_switching_ASO,DMD_dystrophin_exon51,Duchenne_muscular_dystrophy,BioMarin/Prosensa,phase_3,20,full_PS,2'-OMe_uniform,NA,none,19,UCAAGGAAGAUGGCAUUUCU,Janssen2019_PMC6796739;study_DMD114673,2OMePS_exon-skipping_steric_block;FDA_CRL_not_approved,clinical,human,DMD_patients_n12,kidney,systemic_dose,6,mg/kg,72_weeks,functional,urinary_total_protein,210,mg/L,increase,from80to210mgL_p_lt0.001_recovery190,1,TRUE,N2,Janssen2019_PMC6796739,Fig1A_study_DMD114673,summary_stat,mild_subclinical_below_300mgL;grade_provisional
MSR018,OLG008,drisapersen,PRO051;GSK2402968;Kyndrisa,splice_switching_ASO,DMD_dystrophin_exon51,Duchenne_muscular_dystrophy,BioMarin/Prosensa,phase_3,20,full_PS,2'-OMe_uniform,NA,none,19,UCAAGGAAGAUGGCAUUUCU,Janssen2019_PMC6796739;study_DMD114673,2OMePS_exon-skipping_steric_block;FDA_CRL_not_approved,clinical,human,DMD_patients_n12,kidney,systemic_dose,6,mg/kg,72_weeks,functional,urinary_A1M,36.4,mg/L,increase,belowLOD_to_36.4mgL_p_lt0.001_ULN12,1,TRUE,N2,Janssen2019_PMC6796739,Fig1D,summary_stat,reversible_to_5.65_after_8wk_interruption;grade_provisional
MSR019,OLG008,drisapersen,PRO051;GSK2402968;Kyndrisa,splice_switching_ASO,DMD_dystrophin_exon51,Duchenne_muscular_dystrophy,BioMarin/Prosensa,phase_3,20,full_PS,2'-OMe_uniform,NA,none,19,UCAAGGAAGAUGGCAUUUCU,Janssen2019_PMC6796739;study_DMD114673,2OMePS_exon-skipping_steric_block;FDA_CRL_not_approved,clinical,human,DMD_patients_n12,kidney,systemic_dose,6,mg/kg,intermittent_8on_4off,functional,urinary_A1M_reversibility,7.11,mg/L,decrease,on33.4_to_off7.11mgL_p_lt0.001,1,TRUE,N2,Janssen2019_PMC6796739,Fig1E,summary_stat,demonstrates_reversibility;grade_provisional
MSR020,OLG008,drisapersen,PRO051;GSK2402968;Kyndrisa,splice_switching_ASO,DMD_dystrophin_exon51,Duchenne_muscular_dystrophy,BioMarin/Prosensa,phase_3,20,full_PS,2'-OMe_uniform,NA,none,19,UCAAGGAAGAUGGCAUUUCU,Janssen2019_PMC6796739;study_DMD114673,2OMePS_exon-skipping_steric_block;FDA_CRL_not_approved,animal_invivo,monkey,cynomolgus_M_fascicularis,kidney,systemic_dose,12,mg/kg,39_weeks,functional,urinary_A1M,21,fold_change,increase,dose_dep_4x_6x_21x_at_2_6_12mgkg,1,TRUE,N2,Janssen2019_PMC6796739,results,summary_stat,correlates_kidney_accumulation_R2_0.98;grade_provisional
MSR021,OLG008,drisapersen,PRO051;GSK2402968;Kyndrisa,splice_switching_ASO,DMD_dystrophin_exon51,Duchenne_muscular_dystrophy,BioMarin/Prosensa,phase_3,20,full_PS,2'-OMe_uniform,NA,none,19,UCAAGGAAGAUGGCAUUUCU,Janssen2019_PMC6796739;study_DMD114673,2OMePS_exon-skipping_steric_block;FDA_CRL_not_approved,animal_invivo,monkey,cynomolgus_M_fascicularis,kidney,systemic_dose,12,mg/kg,39_weeks,histopathology,tubular_damage,none,NA,no_change,no_histopath_tubular_toxicity_at_necropsy,0,TRUE,N2,Janssen2019_PMC6796739,necropsy_39wk,summary_stat,functional_proteinuria_without_structural_injury;grade_provisional
MSR022,OLG008,drisapersen,PRO051;GSK2402968;Kyndrisa,splice_switching_ASO,DMD_dystrophin_exon51,Duchenne_muscular_dystrophy,BioMarin/Prosensa,phase_3,20,full_PS,2'-OMe_uniform,NA,none,19,UCAAGGAAGAUGGCAUUUCU,Janssen2019_PMC6796739;study_DMD114673,2OMePS_exon-skipping_steric_block;FDA_CRL_not_approved,in_vitro,human,ciPTEC,proximal_tubule,gymnotic_free_uptake,10,fold_Cmax,7_days,viability,cell_viability,no_change,pct_control,no_change,no_cytotoxicity_up_to_7d,0,TRUE,N2,Janssen2019_PMC6796739,results,summary_stat,key_no_viability_loss;grade_provisional
MSR023,OLG008,drisapersen,PRO051;GSK2402968;Kyndrisa,splice_switching_ASO,DMD_dystrophin_exon51,Duchenne_muscular_dystrophy,BioMarin/Prosensa,phase_3,20,full_PS,2'-OMe_uniform,NA,none,19,UCAAGGAAGAUGGCAUUUCU,Janssen2019_PMC6796739;study_DMD114673,2OMePS_exon-skipping_steric_block;FDA_CRL_not_approved,in_vitro,human,ciPTEC,proximal_tubule,gymnotic_free_uptake,10,fold_Cmax,4-24h,functional,A1M_albumin_RAP_uptake,reduced,pct_control,decrease,reduced_receptor_mediated_uptake,1,TRUE,N2,Janssen2019_PMC6796739,Fig5,summary_stat,competes_for_megalin_cubilin_endocytosis;grade_provisional
MSR024,OLG008,drisapersen,PRO051;GSK2402968;Kyndrisa,splice_switching_ASO,DMD_dystrophin_exon51,Duchenne_muscular_dystrophy,BioMarin/Prosensa,phase_3,20,full_PS,2'-OMe_uniform,NA,none,19,UCAAGGAAGAUGGCAUUUCU,Janssen2019_PMC6796739;study_DMD114673,2OMePS_exon-skipping_steric_block;FDA_CRL_not_approved,in_vitro,human,ciPTEC,proximal_tubule,gymnotic_free_uptake,10,fold_Cmax,4-24h,accumulation,lysosomal_accumulation,present,NA,increase,accumulates_in_lysosomes,0,TRUE,N2,Janssen2019_PMC6796739,results,summary_stat,mechanistic_uptake;grade_provisional
MSR025,OLG009,AON1,Janssen2019_AON1,splice_switching_ASO,TBD,research_tool_2OMePS,BioMarin,research_panel,25,full_PS,2'-OMe_uniform,NA,none,24,UAUGAGUUUCUUCCAAAGCAGCCUC,Janssen2019_PMC6796739,2OMePS_tool_AON_5prime-methyl_Cs;gene_target_unspecified_in_source,in_vitro,human,ciPTEC,proximal_tubule,gymnotic_free_uptake,10.8,uM,0.5-4h,functional,BSA_albumin_uptake,50,pct_reduction,decrease,up_to_50pct_inhibition_conc_dependent,1,TRUE,N2,Janssen2019_PMC6796739,Fig5E-G,summary_stat,AON1_range_0.32-10.8uM;grade_provisional
MSR026,OLG010,AON2,Janssen2019_AON2,splice_switching_ASO,TBD,research_tool_2OMePS,BioMarin,research_panel,24,full_PS,2'-OMe_uniform,NA,none,23,GAGUUUCUUCCAAAGCAGCCUCUC,Janssen2019_PMC6796739,2OMePS_tool_AON;gene_target_unspecified_in_source,in_vitro,human,ciPTEC,proximal_tubule,gymnotic_free_uptake,11.4,uM,0.5-4h,functional,BSA_albumin_uptake,50,pct_reduction,decrease,up_to_50pct_inhibition_conc_dependent,1,TRUE,N2,Janssen2019_PMC6796739,Fig5E-G,summary_stat,AON2_range_0.34-11.4uM;grade_provisional
MSR027,OLG011,golodirsen,Vyondys53;SRP-4053,PMO,DMD_dystrophin_exon53,Duchenne_muscular_dystrophy,Sarepta,approved,25,PMO_neutral,morpholino,NA,none,0,GTTGCCTCCGGTTCTGAAGGTGTTC,Wu2022_PMC10174585;FDA_label_Vyondys53_NCR211970;seq_published_literature,PMO_exon53;FDA_renal_tox_warning_preclinical;seq_verify_vs_patent,animal_invivo,multi_species,preclinical_mouse_rat_monkey,kidney,systemic_dose,TBD,NA,preclinical,histopathology,renal_toxicity_kidney_damage,present,NA,increase,kidney_damage_small_safety_margin_juvenile,2,TRUE,REV,Wu2022_PMC10174585;FDA_NCR_211970,golodirsen_section,summary_stat,FDA_renal_tox_warning;monitor_cystatinC_GFR;grade_provisional
MSR028,OLG012,casimersen,Amondys45;SRP-4045,PMO,DMD_dystrophin_exon45,Duchenne_muscular_dystrophy,Sarepta,approved,22,PMO_neutral,morpholino,NA,none,0,CAATGCCATCCTGGAGTTCCTG,Wu2022_PMC10174585;FDA_label_Amondys45_NCR213026;seq_published_literature,PMO_exon45;FDA_renal_tox_warning_preclinical;seq_verify_vs_patent,animal_invivo,multi_species,preclinical_tox_studies,kidney,systemic_dose,TBD,NA,preclinical,histopathology,renal_toxicity,present,NA,increase,kidney_toxicity_preclinical,2,TRUE,REV,Wu2022_PMC10174585;FDA_NCR_213026,casimersen_section,summary_stat,FDA_renal_tox_warning;grade_provisional
MSR029,OLG013,viltolarsen,Viltepso;NS-065;NCNP-01,PMO,DMD_dystrophin_exon53,Duchenne_muscular_dystrophy,Nippon_Shinyaku,approved,TBD,PMO_neutral,morpholino,NA,none,0,TBD,Wu2022_PMC10174585;FDA_label_Viltepso,PMO_exon53;renal_warning_incl_potential_glomerulonephritis,animal_invivo,multi_species,preclinical_tox_studies,kidney,systemic_dose,TBD,NA,preclinical,histopathology,renal_toxicity_potential_glomerulonephritis,present,NA,increase,kidney_toxicity_preclinical,2,TRUE,REV,Wu2022_PMC10174585;FDA_label_Viltepso,viltolarsen_section,summary_stat,potential_GN_warning;monitor_cystatinC;grade_provisional
MSR030,OLG004,nusinersen,ISIS396443;Spinraza;BIIB058,splice_switching_ASO,SMN2_ISS-N1,spinal_muscular_atrophy,Ionis/Biogen,approved,18,full_PS,2'-MOE_uniform,NA,none,17,TCACTTTCATAATGCTGG,FDA_label_Spinraza;seq_oligowiki,uniform_2-MOE_PS_steric-block;intrathecal_delivery;seq_verify,clinical,human,later_onset_SMA,kidney,intrathecal,12,mg,per_dose,functional,urine_protein_elevated,69,pct_incidence,increase,36of52_69pct_no_creatinine_or_cystatinC_rise,1,TRUE,REV,Wu2022_PMC10174585,nusinersen_section_FDA_label,summary_stat,renal_impairment_not_proven_controversial_possible_sampling_artifact;grade_provisional
MSR031,OLG014,cEt_tool_ASO_Sandelius,Sandelius2020_tool_ASO,ASO_gapmer,TBD,research_tool_nephrotoxic_cEt_ASO,AstraZeneca,research_panel,TBD,full_PS,cEt;DNA_gap,cEt_gapmer_motif_TBD,none,TBD,TBD,Sandelius2020_PMID33084520,nephrotoxic_cEt_tool_ASO;proprietary_sequence_not_disclosed,animal_invivo,mouse,mouse_kidney,proximal_tubule,systemic_dose,50,mg/kg,TBD,histopathology,proximal_tubular_pathology,mild,qualitative,increase,mild_proximal_tubular_pathology_dose_responsive,2,TRUE,K1,Sandelius2020_PMID33084520,results_histopath,summary_stat,grade_provisional
MSR032,OLG014,cEt_tool_ASO_Sandelius,Sandelius2020_tool_ASO,ASO_gapmer,TBD,research_tool_nephrotoxic_cEt_ASO,AstraZeneca,research_panel,TBD,full_PS,cEt;DNA_gap,cEt_gapmer_motif_TBD,none,TBD,TBD,Sandelius2020_PMID33084520,nephrotoxic_cEt_tool_ASO;proprietary_sequence_not_disclosed,animal_invivo,mouse,mouse_kidney,proximal_tubule,systemic_dose,50,mg/kg,TBD,injury_biomarker,KIM-1_urinary,elevated,qualitative,increase,elevated_vs_control_ASO,2,TRUE,K1,Sandelius2020_PMID33084520,results,summary_stat,KIM-1_most_associated_with_pathology;grade_provisional
MSR033,OLG014,cEt_tool_ASO_Sandelius,Sandelius2020_tool_ASO,ASO_gapmer,TBD,research_tool_nephrotoxic_cEt_ASO,AstraZeneca,research_panel,TBD,full_PS,cEt;DNA_gap,cEt_gapmer_motif_TBD,none,TBD,TBD,Sandelius2020_PMID33084520,nephrotoxic_cEt_tool_ASO;proprietary_sequence_not_disclosed,animal_invivo,mouse,mouse_kidney,proximal_tubule,systemic_dose,50,mg/kg,TBD,injury_biomarker,clusterin_urinary,elevated,qualitative,increase,elevated_vs_control_ASO,2,TRUE,K1,Sandelius2020_PMID33084520,results,summary_stat,clusterin_most_associated_with_pathology;grade_provisional
MSR034,OLG014,cEt_tool_ASO_Sandelius,Sandelius2020_tool_ASO,ASO_gapmer,TBD,research_tool_nephrotoxic_cEt_ASO,AstraZeneca,research_panel,TBD,full_PS,cEt;DNA_gap,cEt_gapmer_motif_TBD,none,TBD,TBD,Sandelius2020_PMID33084520,nephrotoxic_cEt_tool_ASO;proprietary_sequence_not_disclosed,animal_invivo,mouse,mouse_kidney,proximal_tubule,systemic_dose,50,mg/kg,TBD,injury_biomarker,NGAL_urinary,elevated,qualitative,increase,elevated_vs_control_ASO,2,TRUE,K1,Sandelius2020_PMID33084520,results,summary_stat,grade_provisional
MSR035,OLG014,cEt_tool_ASO_Sandelius,Sandelius2020_tool_ASO,ASO_gapmer,TBD,research_tool_nephrotoxic_cEt_ASO,AstraZeneca,research_panel,TBD,full_PS,cEt;DNA_gap,cEt_gapmer_motif_TBD,none,TBD,TBD,Sandelius2020_PMID33084520,nephrotoxic_cEt_tool_ASO;proprietary_sequence_not_disclosed,animal_invivo,mouse,mouse_kidney,proximal_tubule,systemic_dose,50,mg/kg,TBD,injury_biomarker,cystatin_C_urinary,elevated,qualitative,increase,elevated_vs_control_ASO,2,TRUE,K1,Sandelius2020_PMID33084520,results,summary_stat,grade_provisional
MSR036,OLG015,cEt_control_ASO_Sandelius,Sandelius2020_control_ASO,ASO_gapmer,TBD,research_tool_control_cEt_ASO,AstraZeneca,research_panel,TBD,full_PS,cEt;DNA_gap,cEt_gapmer_motif_TBD,none,TBD,TBD,Sandelius2020_PMID33084520,control_cEt_ASO_same_chemistry;proprietary_sequence_not_disclosed,animal_invivo,mouse,mouse_kidney,proximal_tubule,systemic_dose,TBD,mg/kg,TBD,histopathology,tubular_pathology,none,NA,no_change,no_histopathology,0,TRUE,K1,Sandelius2020_PMID33084520,results_histopath,summary_stat,control_ASO_same_chemistry;grade_provisional
MSR037,OLG015,cEt_control_ASO_Sandelius,Sandelius2020_control_ASO,ASO_gapmer,TBD,research_tool_control_cEt_ASO,AstraZeneca,research_panel,TBD,full_PS,cEt;DNA_gap,cEt_gapmer_motif_TBD,none,TBD,TBD,Sandelius2020_PMID33084520,control_cEt_ASO_same_chemistry;proprietary_sequence_not_disclosed,animal_invivo,mouse,mouse_kidney,proximal_tubule,systemic_dose,TBD,mg/kg,TBD,injury_biomarker,KIM-1_urinary,mild_elevation,qualitative,increase,mild_despite_no_pathology,1,TRUE,K1,Sandelius2020_PMID33084520,results,summary_stat,biomarker_rise_without_injury;grade_provisional
MSR038,OLG015,cEt_control_ASO_Sandelius,Sandelius2020_control_ASO,ASO_gapmer,TBD,research_tool_control_cEt_ASO,AstraZeneca,research_panel,TBD,full_PS,cEt;DNA_gap,cEt_gapmer_motif_TBD,none,TBD,TBD,Sandelius2020_PMID33084520,control_cEt_ASO_same_chemistry;proprietary_sequence_not_disclosed,animal_invivo,mouse,mouse_kidney,proximal_tubule,systemic_dose,TBD,mg/kg,TBD,injury_biomarker,NGAL_urinary,mild_elevation,qualitative,increase,mild_despite_no_pathology,1,TRUE,K1,Sandelius2020_PMID33084520,results,summary_stat,biomarker_rise_without_injury;grade_provisional
MSR039,OLG015,cEt_control_ASO_Sandelius,Sandelius2020_control_ASO,ASO_gapmer,TBD,research_tool_control_cEt_ASO,AstraZeneca,research_panel,TBD,full_PS,cEt;DNA_gap,cEt_gapmer_motif_TBD,none,TBD,TBD,Sandelius2020_PMID33084520,control_cEt_ASO_same_chemistry;proprietary_sequence_not_disclosed,animal_invivo,mouse,mouse_kidney,proximal_tubule,systemic_dose,TBD,mg/kg,TBD,injury_biomarker,cystatin_C_urinary,mild_elevation,qualitative,increase,mild_despite_no_pathology,1,TRUE,K1,Sandelius2020_PMID33084520,results,summary_stat,biomarker_rise_without_injury;grade_provisional
MSR040,OLG016,eteplirsen,Exondys51;AVI-4658,PMO,DMD_dystrophin_exon51,Duchenne_muscular_dystrophy,Sarepta,approved,30,PMO_neutral,morpholino,NA,none,0,CTCCAACATCAAGGAAGATGGCATTTCTAG,PROMOVI_PMC8673535;FDA_label_Exondys51;seq_published_literature,PMO_exon51;milder_renal_no_warning_label;seq_verify_vs_patent,clinical,human,DMD_patients,kidney,systemic_dose,30,mg/kg,weekly,functional,proteinuria,10.1,pct_incidence,increase,8of79_resolved_except_one_no_creatinine_cystatinC_rise,1,TRUE,WS,PROMOVI_PMC8673535;FDA_label_Exondys51,clinical_safety,public_domain,mild_no_interruption_no_renal_warning_label;grade_provisional
MSR041,OLG016,eteplirsen,Exondys51;AVI-4658,PMO,DMD_dystrophin_exon51,Duchenne_muscular_dystrophy,Sarepta,approved,30,PMO_neutral,morpholino,NA,none,0,CTCCAACATCAAGGAAGATGGCATTTCTAG,PROMOVI_PMC8673535;FDA_label_Exondys51;seq_published_literature,PMO_exon51;milder_renal_no_warning_label;seq_verify_vs_patent,animal_invivo,rat,Sprague_Dawley,kidney,systemic_dose,TBD,mg/kg,subchronic,histopathology,microscopic_kidney_changes,mild,qualitative,increase,no_deaths_milder_than_golodirsen,1,TRUE,WS,FDA_NCR_211970_golodirsen_comparison,nonclinical,public_domain,no_severe_renal_impairment;grade_provisional
MSR042,OLG017,tofersen,Qalsody;BIIB067;ISIS666853,ASO_gapmer,SOD1,amyotrophic_lateral_sclerosis,Biogen/Ionis,approved,20,full_PS,2'-MOE;DNA_gap,5-10-5_MOE,none,19,TBD,Qalsody_FDA_label;EMA_EPAR,intrathecal;RNaseH_gapmer;class_renal_precaution,clinical,human,ALS_patients,kidney,intrathecal,100,mg,per_dose,functional,proteinuria,none,NA,no_change,no_tofersen_specific_renal_event_class_precaution_only,0,TRUE,WS,Qalsody_FDA_label;EMA_EPAR,label_warnings,public_domain,neuro_AEs_predominate_ASO_class_renal_statement;grade_provisional
MSR043,OLG018,eplontersen,Wainua;ION-682884;AKCEA-TTR-LRx,ASO_gapmer,TTR,hereditary_transthyretin_amyloidosis,Ionis/AstraZeneca,approved,20,PS_PO_mix,2'-MOE;DNA_gap,5-10-5_MOE,GalNAc,TBD,UCUUGGTTACATGAAAUCCC,FDA_217388;Wainua_label;seq_identical_nucleobase_to_inotersen,GalNAc_conjugated_inotersen_successor_mixed_PS_PO;lower_renal_exposure,clinical,human,ATTR_patients,kidney,systemic_dose,45,mg,monthly,functional,proteinuria,8.33,pct_incidence,increase,12of144,1,TRUE,WS,FDA_217388;Wainua_label,clinical_AE,public_domain,GalNAc_successor_to_inotersen_lower_renal_exposure;grade_provisional
MSR044,OLG019,patisiran,Onpattro;ALN-TTR02;ALN-18328,siRNA,TTR,hereditary_transthyretin_amyloidosis,Alnylam,approved,TBD,PS_PO_mix,2'-OMe;2'-F,NA,none,TBD,TBD,Onpattro_PI;NBK549761,LNP_delivered_siRNA;renal_negative_LNP_delivery,clinical,human,ATTR_patients,kidney,systemic_dose,0.3,mg/kg,q3weeks,functional,renal_function_change,none,NA,no_change,no_clinically_significant_change_AKI_was_placebo_group,0,TRUE,WS,Onpattro_PI;NBK549761,clinical_review,public_domain,LNP_delivery_negative_control;grade_provisional
MSR045,OLG020,lumasiran,Oxlumo;ALN-GO1,GalNAc_siRNA,HAO1_glycolate_oxidase,primary_hyperoxaluria_type1,Alnylam,approved,TBD,PS_PO_mix,2'-OMe;2'-F,NA,GalNAc,TBD,TBD,Oxlumo_label;NBK588653;ILLUMINATE-B,kidney_indication_oxalate_lowering;renal_negative,clinical,human,PH1_patients,kidney,systemic_dose,TBD,mg/kg,monthly,functional,renal_safety,no_signal,NA,no_change,kidney_protective_oxalate_lowering_no_nephrotox,0,TRUE,WS,Oxlumo_label;NBK588653;ILLUMINATE-B,clinical_safety,public_domain,kidney_indication_negative_control;grade_provisional
MSR046,OLG021,nedosiran,Rivfloza;DCR-PHXC,GalNAc_siRNA,LDHA,primary_hyperoxaluria,Novo_Dicerna,approved,TBD,PS_PO_mix,2'-OMe;2'-F,NA,GalNAc,TBD,TBD,Rivfloza_label;PMC10803381;PHYOX3,kidney_indication;renal_negative_eGFR_preserved,clinical,human,PH1_patients,kidney,systemic_dose,TBD,mg,monthly,functional,eGFR,2.5,pct_change,no_change,mean_eGFR_change_plus2.5pct_preserved,0,TRUE,WS,Rivfloza_label;PMC11068990_PHYOX3,clinical_safety,summary_stat,GalNAc_siRNA_negative_control;grade_provisional
MSR047,OLG022,vutrisiran,Amvuttra;ALN-TTRSC02,GalNAc_siRNA,TTR,hereditary_transthyretin_amyloidosis,Alnylam,approved,23,PS_PO_mix,2'-OMe;2'-F,NA,GalNAc,TBD,UCUUGGUUACAUGAAAUCCCAUC,Amvuttra_PI;HELIOS-A;seq_patent_SEQ_ID7,GalNAc_siRNA_antisense_guide23nt_sense21nt_UGGGAUUUCAUGUAACCAAGA;renal_negative_control,clinical,human,ATTR_patients,kidney,systemic_dose,25,mg,q3months,functional,renal_safety,no_signal,NA,no_change,no_new_renal_safety_concern_similar_in_eGFR_lt30,0,TRUE,WS,Amvuttra_PI;HELIOS-A,clinical_safety,public_domain,GalNAc_siRNA_negative_control;grade_provisional
MSR048,OLG023,revusiran,ALN-TTRSC;ALN-TTR-SC,GalNAc_siRNA,TTR,hereditary_transthyretin_amyloidosis_cardiomyopathy,Alnylam,phase_3_discontinued,TBD,PS_PO_mix,2'-OMe;2'-F,NA,GalNAc,TBD,TBD,NAT2019_PMC6987735;ENDEAVOUR,1st_gen_GalNAc_siRNA_discontinued_mortality;renal_basophilic_granules_reversible,animal_invivo,multi_species,rat_and_monkey,proximal_tubule,systemic_dose,TBD,mg/kg,nonclinical,histopathology,basophilic_granules_proximal_tubule,present,NA,increase,reversible_not_adverse_typical_GalNAc_siRNA,1,TRUE,WS,NAT2019_PMC6987735,nonclinical_safety,summary_stat,ENDEAVOUR_mortality_separate_unexplained;grade_provisional
MSR049,OLG024,pegaptanib,Macugen;EYE001;NX1838,aptamer,VEGF165,neovascular_AMD,Eyetech/Pfizer,approved,28,mixed,2'-F;2'-OMe;PEG,NA,PEG_5prime,TBD,CGGAAUCAGUGAAUGCUUAUACAUCCG,Macugen_FDA_label_021756;PMC11944999;seq_Ng2006_NRDD,anti-VEGF_aptamer_intravitreal_28nt_PEGylated_3primedT_cap;renal_negative_systemic,clinical,human,AMD_patients,kidney,intravitreal,0.3,mg,q6weeks,functional,systemic_renal_safety,no_signal,NA,no_change,no_systemic_nephrotox_no_renal_dose_adjustment,0,TRUE,WS,Macugen_FDA_label_021756;PMC11944999,label,public_domain,aptamer_intravitreal_local_negative_control;grade_provisional
MSR050,OLG025,ISIS113715,ISIS-113715,ASO_gapmer,PTPN1_PTP1B,type2_diabetes_research,Ionis,phase_2,20,full_PS,2'-MOE;DNA_gap,5-10-5_MOE,none,19,TBD,Yu2012_Toxicology_ISIS113715_monkey,representative_2-MOE_ASO_renal_uptake_study,animal_invivo,monkey,cynomolgus,proximal_tubule,systemic_dose,TBD,mg/kg,subchronic,histopathology,basophilic_granules_tubular_vacuolation,present,NA,increase,reversible_no_tubular_dysfunction_normal_serumchem_urinalysis,1,TRUE,WS,Yu2012_Toxicology_ISIS113715_monkey,nonclinical,summary_stat,representative_2-MOE_ASO_renal_uptake;grade_provisional
MSR051,OLG011,golodirsen,Vyondys53;SRP-4053,PMO,DMD_dystrophin_exon53,Duchenne_muscular_dystrophy,Sarepta,approved,25,PMO_neutral,morpholino,NA,none,0,GTTGCCTCCGGTTCTGAAGGTGTTC,Wu2022_PMC10174585;FDA_label_Vyondys53_NCR211970;seq_published_literature,PMO_exon53;FDA_renal_tox_warning_preclinical;seq_verify_vs_patent,animal_invivo,rat,juvenile_Sprague_Dawley,kidney,systemic_dose,TBD,mg/kg,juvenile_high_dose,clinical_renal_outcome,renal_failure_premature_death,present,NA,increase,multiple_premature_deaths_tubular_degeneration_regeneration,3,TRUE,WS,FDA_NCR_211970_golodirsen,nonclinical_juvenile,public_domain,severe_juvenile_renal_toxicity;grade_provisional
MSR052,OLG013,viltolarsen,Viltepso;NS-065;NCNP-01,PMO,DMD_dystrophin_exon53,Duchenne_muscular_dystrophy,Nippon_Shinyaku,approved,TBD,PMO_neutral,morpholino,NA,none,0,TBD,Wu2022_PMC10174585;FDA_label_Viltepso,PMO_exon53;renal_warning_incl_potential_glomerulonephritis,animal_invivo,monkey,cynomolgus,proximal_tubule,systemic_dose,600,mg/kg,single_IV,histopathology,proximal_tubule_vacuolation,present,NA,increase,single_600mgkg_IV_dose,2,TRUE,WS,FDA_review_Viltepso,nonclinical,public_domain,viltolarsen_monkey_PT_vacuolation;grade_provisional
MSR053,OLG026,ISIS104838,ISIS-104838,ASO_gapmer,TNF_alpha_TNFA,rheumatoid_arthritis_research,Ionis,phase_2,20,full_PS,2'-MOE;DNA_gap,5-10-5_MOE,none,19,TBD,Engelhardt2016_nat.2015.0598;PMID29846725,2-MOE_gapmer_monkey_renal_accumulation_3500-4500ugg,animal_invivo,monkey,cynomolgus,proximal_tubule,systemic_dose,20,mg/kg,weekly,histopathology,tubular_degeneration_basophilia_vacuolation,present,NA,increase,cortex_3500-4500ugg_atrophy_regeneration,2,TRUE,WS,Engelhardt2016_nat.2015.0598;PMID29846725,nonclinical,summary_stat,2-MOE_animal_overpredicts_vs_human;grade_provisional
MSR054,OLG027,alicaforsen,ISIS2302;ISIS-2302,other,ICAM1,inflammatory_bowel_disease,Ionis,phase_2,20,full_PS,DNA_no_2prime_mod,NA,none,19,TBD,Alicaforsen_review_ScienceDirect;PMC1773277,first_generation_PS-DNA_RNaseH_ASO_no_2prime_mod,animal_invivo,monkey,cynomolgus,kidney,systemic_dose,10,mg/kg,nonclinical,histopathology,renal_atrophy,present,NA,increase,atrophic_kidney_at_10mgkg_RBC_renal_lumen_at_50mgkg,2,TRUE,WS,Alicaforsen_review_ScienceDirect,nonclinical,summary_stat,first_gen_PS-DNA_ASO;grade_provisional
MSR055,OLG028,fitusiran,Qfitlia;ALN-AT3SC;SAR439774,GalNAc_siRNA,SERPINC1_antithrombin,hemophilia_A_B,Alnylam/Sanofi,approved,TBD,PS_PO_mix,2'-OMe;2'-F,NA,GalNAc,TBD,TBD,Qfitlia_FDA_label_219019,GalNAc_siRNA;renal_negative_no_PK_impact,clinical,human,hemophilia_patients,kidney,systemic_dose,TBD,mg,monthly,functional,renal_safety,no_signal,NA,no_change,no_PK_impact_of_renal_impairment_no_renal_AE,0,TRUE,WS,Qfitlia_FDA_label_219019,label,public_domain,GalNAc_siRNA_negative_control;grade_provisional
MSR056,OLG029,mongersen,GED-0301,other,SMAD7,Crohn_disease,Celgene/Nogra,phase_3_discontinued,21,full_PS,DNA_1st_gen,NA,none,TBD,TBD,NEJM2015_NEJMoa1407250,ORAL_SMAD7_ASO_low_systemic_kidney_exposure;renal_negative,clinical,human,Crohn_patients,kidney,oral,160,mg,daily,functional,renal_safety,no_signal,NA,no_change,oral_low_systemic_kidney_exposure_well_tolerated,0,TRUE,WS,NEJM2015_NEJMoa1407250,clinical_safety,summary_stat,oral_ASO_negative_control;grade_provisional
MSR057,OLG030,GalNAc_siRNA_class_Janas,Janas2018_2019_nonclinical_panel,GalNAc_siRNA,multiple_class_panel,nonclinical_safety_study,Alnylam,research_panel,TBD,PS_PO_mix,2'-OMe;2'-F,NA,GalNAc,TBD,TBD,Janas2018_ToxPathol;Janas2019_NAR_PMC6468299,CLASS_LEVEL_panel_multiple_GalNAc_siRNAs,animal_invivo,multi_species,rat_and_monkey,proximal_tubule,systemic_dose,30,mg/kg,subacute,histopathology,basophilic_granules_proximal_tubule,present,NA,increase,at_ge30mgkg_no_degeneration_up_to_300mgkg,1,TRUE,WS,Janas2018_ToxPathol;Janas2019_NAR_PMC6468299,nonclinical_class,summary_stat,accumulation_without_injury_uptake_not_GalNAc_mediated;grade_provisional
MSR058,OLG031,ASO_2MOE_class_human_pooled,Crooke2018_pooled_human,ASO_gapmer,multiple_2MOE_class,pooled_human_renal_function,Ionis,class_review,TBD,full_PS,2'-MOE;DNA_gap,5-10-5_MOE,none,TBD,TBD,Crooke2018_PMC5790433,CLASS_LEVEL_pooled_human_2MOE_ASOs_animals_overpredict,clinical,human,pooled_2MOE_ASO_trials,kidney,systemic_dose,TBD,mg,chronic,functional,renal_function,no_significant_change,NA,no_change,no_significant_human_renal_dysfunction_animals_overpredict,0,TRUE,WS,Crooke2018_PMC5790433,pooled_human_analysis,summary_stat,class_level_human_reassurance;grade_provisional
MSR059,OLG012,casimersen,Amondys45;SRP-4045,PMO,DMD_dystrophin_exon45,Duchenne_muscular_dystrophy,Sarepta,approved,22,PMO_neutral,morpholino,NA,none,0,CAATGCCATCCTGGAGTTCCTG,Wu2022_PMC10174585;FDA_label_Amondys45_NCR213026;seq_published_literature,PMO_exon45;FDA_renal_tox_warning_preclinical;seq_verify_vs_patent,animal_invivo,rat,Sprague_Dawley,kidney,systemic_dose,250,mg/kg,13_weeks,histopathology,renal_tubular_degeneration,present,NA,increase,at_all_doses_250to2000mgkg_BUN_rise_at_2000,2,TRUE,WS,FDA_NCR_213026_casimersen,nonclinical_rat,public_domain,tubular_degeneration_all_doses;grade_provisional
MSR060,OLG012,casimersen,Amondys45;SRP-4045,PMO,DMD_dystrophin_exon45,Duchenne_muscular_dystrophy,Sarepta,approved,22,PMO_neutral,morpholino,NA,none,0,CAATGCCATCCTGGAGTTCCTG,Wu2022_PMC10174585;FDA_label_Amondys45_NCR213026;seq_published_literature,PMO_exon45;FDA_renal_tox_warning_preclinical;seq_verify_vs_patent,animal_invivo,monkey,cynomolgus,proximal_tubule,systemic_dose,640,mg/kg,nonclinical,histopathology,tubular_basophilia_vacuolation,present,NA,increase,all_doses_up_to_640mgkg,2,TRUE,WS,FDA_NCR_213026_casimersen,nonclinical_monkey,public_domain,cytoplasmic_basophilia_tubular_epithelium;grade_provisional
MSR061,OLG013,viltolarsen,Viltepso;NS-065;NCNP-01,PMO,DMD_dystrophin_exon53,Duchenne_muscular_dystrophy,Nippon_Shinyaku,approved,TBD,PMO_neutral,morpholino,NA,none,0,TBD,Wu2022_PMC10174585;FDA_label_Viltepso,PMO_exon53;renal_warning_incl_potential_glomerulonephritis,animal_invivo,multi_species,mouse_rat_monkey,kidney,systemic_dose,240,mg/kg,repeat_dose_4to39wk,histopathology,renal_tubule_effects,present,NA,increase,kidney_primary_target_ge240mouse_ge250rat_ge200monkey,2,TRUE,WS,FDA_review_Viltepso_212154,nonclinical,public_domain,kidney_primary_target_organ;grade_provisional
MSR062,OLG022,vutrisiran,Amvuttra;ALN-TTRSC02,GalNAc_siRNA,TTR,hereditary_transthyretin_amyloidosis,Alnylam,approved,23,PS_PO_mix,2'-OMe;2'-F,NA,GalNAc,TBD,UCUUGGUUACAUGAAAUCCCAUC,Amvuttra_PI;HELIOS-A;seq_patent_SEQ_ID7,GalNAc_siRNA_antisense_guide23nt_sense21nt_UGGGAUUUCAUGUAACCAAGA;renal_negative_control,animal_invivo,multi_species,rat_and_monkey,kidney,systemic_dose,30,mg/kg,3to5_weeks,histopathology,basophilic_granules_kidney,present,NA,increase,nonadverse_reversible_correlates_PK,1,TRUE,WS,Janas2018_ToxPathol_PMC6249674,nonclinical_ALN-TTRSC02,summary_stat,vutrisiran_nonclinical_accumulation;grade_provisional
MSR063,OLG032,pelacarsen,TQJ230;AKCEA-APO(a)-LRx;IONIS-APO(a)-LRx,ASO_gapmer,LPA_apolipoprotein_a,cardiovascular_Lp(a)_lowering,Ionis/Novartis,phase_3,20,full_PS,2'-MOE;DNA_gap,5-10-5_MOE,GalNAc,TBD,TBD,Lp(a)HORIZON;PMC7577764_ClinKidneyJ,GalNAc_2-MOE_ASO;renal_negative_no_excess_nephrotox,clinical,human,Lp(a)_patients,kidney,systemic_dose,TBD,mg,monthly,functional,nephrotoxicity_screen,no_signal,NA,no_change,no_excess_nephrotox_UTI_13pct_vs_6pct,0,TRUE,WS,PMC7577764_ClinKidneyJ,clinical_safety,summary_stat,GalNAc_2-MOE_ASO_negative;grade_provisional
MSR064,OLG033,zilebesiran,ALN-AGT;ALN-AGT01,GalNAc_siRNA,AGT_angiotensinogen,hypertension,Alnylam,phase_3,TBD,PS_PO_mix,2'-OMe;2'-F,NA,GalNAc,TBD,TBD,KARDIA_trials;ALN-AGT_factsheet,GalNAc_siRNA;renal_negative_no_kidney_dysfunction_despite_RAAS,clinical,human,hypertension_patients,kidney,systemic_dose,TBD,mg,q3to6month,functional,kidney_function,no_signal,NA,no_change,no_kidney_dysfunction_no_hyperkalemia_despite_RAAS,0,TRUE,WS,KARDIA_trials,clinical_safety,summary_stat,GalNAc_siRNA_negative;grade_provisional
MSR065,OLG034,olpasiran,AMG-890;ARO-LPA,GalNAc_siRNA,LPA_apolipoprotein_a,cardiovascular_Lp(a)_lowering,Amgen,phase_3,TBD,PS_PO_mix,2'-OMe;2'-F,NA,GalNAc,TBD,TBD,OCEANa-DOSE_NEJM2023_NEJMoa2211023,GalNAc_siRNA;renal_negative_AE_lower_than_placebo,clinical,human,Lp(a)_patients,kidney,systemic_dose,TBD,mg,q12week,functional,renal_AE,0.9,pct_incidence,no_change,0.9pct_olpasiran_vs_1.9pct_placebo,0,TRUE,WS,OCEANa-DOSE_NEJM2023_NEJMoa2211023,clinical_safety,summary_stat,GalNAc_siRNA_negative_lower_than_placebo;grade_provisional
MSR066,OLG035,cemdisiran,ALN-CC5,GalNAc_siRNA,C5_complement,IgA_nephropathy_PNH,Alnylam,phase_2,TBD,PS_PO_mix,2'-OMe;2'-F,NA,GalNAc,TBD,TBD,CJASN2024_PMC11020434,GalNAc_siRNA;kidney_indication_reduces_proteinuria_IgAN,clinical,human,IgA_nephropathy_patients,kidney,systemic_dose,TBD,mg,monthly,functional,renal_safety,no_signal,NA,no_change,favorable_safety_reduces_proteinuria_kidney_indication,0,TRUE,WS,CJASN2024_PMC11020434,phase2_IgAN,summary_stat,kidney_therapeutic_C5_siRNA;grade_provisional
MSR067,OLG036,donidalorsen,IONIS-PKK-LRx;Dawnzera,ASO_gapmer,KLKB1_prekallikrein,hereditary_angioedema,Ionis,approved,20,full_PS,2'-MOE;DNA_gap,5-10-5_MOE,GalNAc,TBD,TBD,NEJM2024_NEJMoa2402478;Dawnzera_label,GalNAc_2-MOE_ASO;renal_negative_only_injection_site_AEs,clinical,human,HAE_patients,kidney,systemic_dose,TBD,mg,q4to8week,functional,renal_safety,no_signal,NA,no_change,only_injection_site_AEs_no_renal_signal,0,TRUE,WS,NEJM2024_NEJMoa2402478;Dawnzera_label,clinical_safety,public_domain,GalNAc_2-MOE_ASO_negative;grade_provisional
MSR068,OLG037,bepirovirsen,GSK3228836;ISIS505358;IONIS-HBVRx,ASO_gapmer,HBV_S_antigen,chronic_hepatitis_B,GSK/Ionis,phase_3,20,full_PS,2'-MOE;DNA_gap,5-10-5_MOE,none,19,TBD,bepirovirsen_PMC9804925;B-Clear_NEJM,unconjugated_2-MOE_gapmer;mild_renal_dysfunction_monitored,clinical,human,chronic_HBV_patients,kidney,systemic_dose,300,mg,weekly,functional,renal_dysfunction,mild,qualitative,increase,monitored_AE_no_serious_renal_injury,1,TRUE,WS,bepirovirsen_PMC9804925;B-Clear_NEJM,clinical_safety,summary_stat,unconjugated_2-MOE_ASO;grade_provisional
MSR069,OLG002,SPC5001,SPC-5001;PCSK9_LNA_gapmer,ASO_gapmer,PCSK9,hypercholesterolemia_phase1_discontinued,Santaris,phase_1,TBD,full_PS,LNA;DNA_gap,LNA_gapmer_motif_TBD,none,TBD,TBD,vanPoelgeest2013_10.1111/bcp.12738,known_human_nephrotoxin;exact_length_and_design_from_source,in_vitro,human,proximal_tubule_on_chip,proximal_tubule,gymnotic_free_uptake,TBD,uM,TBD,injury_biomarker,NGAL,3.9,fold_change,increase,3.9fold_perfusate,2,TRUE,A4,ArchToxicol2021_10.1007_s00204-021-03062-8,results,summary_stat,grade_provisional
MSR070,OLG002,SPC5001,SPC-5001;PCSK9_LNA_gapmer,ASO_gapmer,PCSK9,hypercholesterolemia_phase1_discontinued,Santaris,phase_1,TBD,full_PS,LNA;DNA_gap,LNA_gapmer_motif_TBD,none,TBD,TBD,vanPoelgeest2013_10.1111/bcp.12738,known_human_nephrotoxin;exact_length_and_design_from_source,in_vitro,human,proximal_tubule_on_chip,proximal_tubule,gymnotic_free_uptake,TBD,uM,TBD,injury_biomarker,clusterin,2.3,fold_change,increase,2.3fold_perfusate,2,TRUE,A4,ArchToxicol2021_10.1007_s00204-021-03062-8,results,summary_stat,grade_provisional
MSR071,OLG002,SPC5001,SPC-5001;PCSK9_LNA_gapmer,ASO_gapmer,PCSK9,hypercholesterolemia_phase1_discontinued,Santaris,phase_1,TBD,full_PS,LNA;DNA_gap,LNA_gapmer_motif_TBD,none,TBD,TBD,vanPoelgeest2013_10.1111/bcp.12738,known_human_nephrotoxin;exact_length_and_design_from_source,in_vitro,human,proximal_tubule_on_chip,proximal_tubule,gymnotic_free_uptake,TBD,uM,TBD,injury_biomarker,osteopontin,3.9,fold_change,increase,3.9fold_perfusate,2,TRUE,A4,ArchToxicol2021_10.1007_s00204-021-03062-8,results,summary_stat,grade_provisional
MSR072,OLG002,SPC5001,SPC-5001;PCSK9_LNA_gapmer,ASO_gapmer,PCSK9,hypercholesterolemia_phase1_discontinued,Santaris,phase_1,TBD,full_PS,LNA;DNA_gap,LNA_gapmer_motif_TBD,none,TBD,TBD,vanPoelgeest2013_10.1111/bcp.12738,known_human_nephrotoxin;exact_length_and_design_from_source,in_vitro,human,proximal_tubule_on_chip,proximal_tubule,gymnotic_free_uptake,TBD,uM,TBD,functional,VEGF,1.9,fold_change,increase,1.9fold_perfusate,1,TRUE,A4,ArchToxicol2021_10.1007_s00204-021-03062-8,results,summary_stat,milder_increase;grade_provisional
MSR073,OLG002,SPC5001,SPC-5001;PCSK9_LNA_gapmer,ASO_gapmer,PCSK9,hypercholesterolemia_phase1_discontinued,Santaris,phase_1,TBD,full_PS,LNA;DNA_gap,LNA_gapmer_motif_TBD,none,TBD,TBD,vanPoelgeest2013_10.1111/bcp.12738,known_human_nephrotoxin;exact_length_and_design_from_source,in_vitro,human,3D-RPTEC,proximal_tubule,gymnotic_free_uptake,TBD,uM,prolonged,viability,ATP_depletion,present,NA,decrease,after_prolonged_exposure_cytotoxicity,2,TRUE,WS,JTS_3D-RPTEC_jstage_jts51_75,results,summary_stat,ER_mitochondrial_stress_mechanism;grade_provisional
MSR074,OLG003,givosiran,ALN-AS1;Givlaari,GalNAc_siRNA,ALAS1,acute_hepatic_porphyria,Alnylam,approved,TBD,PS_PO_mix,2'-OMe;2'-F,NA,GalNAc,TBD,TBD,FDA_label_Givlaari;Scott2020,ESC-GalNAc_siRNA_duplex_sense21_antisense23;sequences_published,animal_invivo,rat,Sprague_Dawley,proximal_tubule,systemic_dose,30,mg/kg,subacute,histopathology,basophilic_granules_proximal_tubule,present,NA,increase,ge30mgkg_IHC_confirmed_drug,1,TRUE,WS,Janas2018_ToxPathol_PMC6249674,nonclinical_givosiran,summary_stat,accumulation_IHC_confirmed;grade_provisional
MSR075,OLG020,lumasiran,Oxlumo;ALN-GO1,GalNAc_siRNA,HAO1_glycolate_oxidase,primary_hyperoxaluria_type1,Alnylam,approved,TBD,PS_PO_mix,2'-OMe;2'-F,NA,GalNAc,TBD,TBD,Oxlumo_label;NBK588653;ILLUMINATE-B,kidney_indication_oxalate_lowering;renal_negative,animal_invivo,rat,Sprague_Dawley,kidney,systemic_dose,TBD,mg/kg,subacute,histopathology,basophilic_granules_kidney,present,NA,increase,rat_kidney_basophilic_granules,1,TRUE,WS,Janas2018_ToxPathol_PMC6249674,nonclinical_lumasiran,summary_stat,accumulation;grade_provisional
MSR076,OLG001,inotersen,IONIS-TTRRx;ISIS420915;AKCEA-TTR,ASO_gapmer,TTR,hereditary_transthyretin_amyloidosis_polyneuropathy,Ionis/Akcea,approved,20,full_PS,2'-MOE;DNA_gap,5-10-5_MOE,none,19,TCTTGGTTACATGAAATCCC,FDA_label_211172;NEURO-TTR;seq_Viney2021_Wikipedia,classic_2-MOE_gapmer;TTR_3UTR_bp618-637;seq_corroborated_by_vutrisiran_guide,animal_invivo,multi_species,CD1_mouse_6mo_monkey_9mo,kidney,systemic_dose,TBD,mg/kg,6to9_months,accumulation,kidney_tissue_accumulation,present,NA,increase,kidney_highest_conc_half_life_13.5d,1,TRUE,WS,FDA_PharmR_211172,nonclinical,public_domain,2-MOE_class_accumulation;grade_provisional
MSR077,OLG038,teprasiran,QPI-1002;I5NP,siRNA,TP53_p53,acute_kidney_injury_prevention,Quark,phase_3_discontinued,TBD,PS_PO_mix,2'-OMe;2'-F,NA,none,TBD,TBD,Circulation2021_CIRCULATIONAHA.120.053029;NCT02610283,naked_siRNA_IV_kidney_targeted_protective_p53,clinical,human,cardiac_surgery_AKI_risk,kidney,systemic_dose,10,mg/kg,single_dose,clinical_renal_outcome,AKI_incidence,reduced,NA,decrease,13pct_absolute_risk_reduction_protective,0,TRUE,WS,Circulation2021_CIRCULATIONAHA.120.053029,phase2,summary_stat,kidney_protective_p53_siRNA_reduces_AKI;grade_provisional
MSR078,OLG039,fazirsiran,ARO-AAT;TAK-999,GalNAc_siRNA,SERPINA1_alpha1_antitrypsin,AATD_liver_disease,Arrowhead/Takeda,phase_3,TBD,PS_PO_mix,2'-OMe;2'-F,NA,GalNAc,TBD,TBD,SEQUOIA_PMC12369710;NCT03945292,GalNAc_siRNA;renal_negative_well_tolerated,clinical,human,AATD_patients,kidney,systemic_dose,TBD,mg,q4to12week,functional,renal_safety,no_signal,NA,no_change,well_tolerated_no_renal_signal_reported,0,TRUE,WS,SEQUOIA_PMC12369710,clinical_safety,summary_stat,GalNAc_siRNA_negative;grade_provisional
MSR079,OLG040,vupanorsen,IONIS-ANGPTL3-LRx;PF-07285557,ASO_gapmer,ANGPTL3,dyslipidemia,Ionis/Pfizer,phase_2,20,full_PS,2'-MOE;DNA_gap,5-10-5_MOE,GalNAc,TBD,TBD,TRANSLATE-TIMI70_Circulation2022;EurHeartJ2020,GalNAc_2-MOE_ASO;renal_negative_program_discontinued_2022,clinical,human,dyslipidemia_patients,kidney,systemic_dose,TBD,mg,monthly,functional,renal_function_markers,no_change,NA,no_change,no_renal_function_change_vs_placebo,0,TRUE,WS,TRANSLATE-TIMI70_Circulation2022,clinical_safety,summary_stat,GalNAc_2-MOE_ASO_negative;grade_provisional
MSR080,OLG041,AON-A_Moisan,Moisan2017_AON-A,ASO_gapmer,scramble_no_target,research_tool_negative_control,Roche,research_panel,TBD,full_PS,LNA;DNA_gap,LNA_gapmer,none,TBD,TBD,Moisan2017_PMC5363415,scramble_LNA-AON_innocuous_negative_control;proprietary_sequence,in_vitro,human,PTEC-TERT1,proximal_tubule,gymnotic_free_uptake,100,uM,9_days,viability,intracellular_ATP,no_change,pct_control,no_change,no_cytotoxicity_innocuous_scramble,0,TRUE,M1,Moisan2017_PMC5363415,Fig1-2,summary_stat,negative_control;grade_provisional
MSR081,OLG041,AON-A_Moisan,Moisan2017_AON-A,ASO_gapmer,scramble_no_target,research_tool_negative_control,Roche,research_panel,TBD,full_PS,LNA;DNA_gap,LNA_gapmer,none,TBD,TBD,Moisan2017_PMC5363415,scramble_LNA-AON_innocuous_negative_control;proprietary_sequence,animal_invivo,rat,rat_kidney,kidney,systemic_dose,TBD,mg/kg,short_term,histopathology,renal_histopathology,none,NA,no_change,innocuous_profile,0,TRUE,M1,Moisan2017_PMC5363415,Table1,summary_stat,scramble_negative_control;grade_provisional
MSR082,OLG042,AON-C_Moisan,Moisan2017_AON-C,ASO_gapmer,PCSK9,research_tool_severely_nephrotoxic,Roche,research_panel,TBD,full_PS,LNA;DNA_gap,LNA_gapmer,none,TBD,TBD,Moisan2017_PMC5363415,PCSK9_LNA-AON_severely_nephrotoxic_in_rats;proprietary_sequence,in_vitro,human,PTEC-TERT1,proximal_tubule,gymnotic_free_uptake,100,uM,9_days,viability,intracellular_ATP,reduced,pct_control,decrease,concentration_dependent_cytotoxicity,2,TRUE,M1,Moisan2017_PMC5363415,Fig2,summary_stat,severely_nephrotoxic_AON;grade_provisional
MSR083,OLG042,AON-C_Moisan,Moisan2017_AON-C,ASO_gapmer,PCSK9,research_tool_severely_nephrotoxic,Roche,research_panel,TBD,full_PS,LNA;DNA_gap,LNA_gapmer,none,TBD,TBD,Moisan2017_PMC5363415,PCSK9_LNA-AON_severely_nephrotoxic_in_rats;proprietary_sequence,in_vitro,human,PTEC-TERT1,proximal_tubule,gymnotic_free_uptake,100,uM,3to9_days,injury_biomarker,extracellular_EGF,elevated,pct_control,increase,EGF_accumulation_biomarker_of_toxicity,2,TRUE,M1,Moisan2017_PMC5363415,Fig2D,summary_stat,EGF_in_vitro_biomarker;grade_provisional
MSR084,OLG042,AON-C_Moisan,Moisan2017_AON-C,ASO_gapmer,PCSK9,research_tool_severely_nephrotoxic,Roche,research_panel,TBD,full_PS,LNA;DNA_gap,LNA_gapmer,none,TBD,TBD,Moisan2017_PMC5363415,PCSK9_LNA-AON_severely_nephrotoxic_in_rats;proprietary_sequence,animal_invivo,rat,rat_kidney,kidney,systemic_dose,TBD,mg/kg,short_term,histopathology,renal_histopathology,severe,NA,increase,severely_nephrotoxic,3,TRUE,M1,Moisan2017_PMC5363415,Table1,summary_stat,PCSK9_LNA;grade_provisional
MSR085,OLG043,AON-D_Moisan,Moisan2017_AON-D,ASO_gapmer,PCSK9,research_tool_mildly_toxic,Roche,research_panel,TBD,full_PS,LNA;DNA_gap,LNA_gapmer,none,TBD,TBD,Moisan2017_PMC5363415,PCSK9_LNA-AON_mildly_toxic_best_tolerated_of_series;proprietary_sequence,in_vitro,human,PTEC-TERT1,proximal_tubule,gymnotic_free_uptake,100,uM,9_days,viability,intracellular_ATP,reduced,pct_control,decrease,mild_cytotoxicity,1,TRUE,M1,Moisan2017_PMC5363415,Fig2C,summary_stat,mildly_toxic_best_tolerated_of_PCSK9_series;grade_provisional
MSR086,OLG043,AON-D_Moisan,Moisan2017_AON-D,ASO_gapmer,PCSK9,research_tool_mildly_toxic,Roche,research_panel,TBD,full_PS,LNA;DNA_gap,LNA_gapmer,none,TBD,TBD,Moisan2017_PMC5363415,PCSK9_LNA-AON_mildly_toxic_best_tolerated_of_series;proprietary_sequence,animal_invivo,rat,rat_kidney,kidney,systemic_dose,TBD,mg/kg,short_term,histopathology,renal_histopathology,mild,NA,increase,mildly_toxic,1,TRUE,M1,Moisan2017_PMC5363415,Table1,summary_stat,PCSK9_LNA_mild;grade_provisional
MSR087,OLG044,MYD88-E_Moisan,Moisan2017_AON-E,ASO_gapmer,MYD88,research_tool_kidney_pathology,Roche,research_panel,TBD,full_PS,LNA;DNA_gap,LNA_gapmer,none,TBD,TBD,Moisan2017_PMC5363415,MYD88_LNA-AON_causes_kidney_pathologies;proprietary_sequence,in_vitro,human,PTEC-TERT1,proximal_tubule,gymnotic_free_uptake,100,uM,9_days,viability,intracellular_ATP,reduced,pct_control,decrease,concentration_dependent,2,TRUE,M1,Moisan2017_PMC5363415,Fig2C,summary_stat,MYD88_AON;grade_provisional
MSR088,OLG044,MYD88-E_Moisan,Moisan2017_AON-E,ASO_gapmer,MYD88,research_tool_kidney_pathology,Roche,research_panel,TBD,full_PS,LNA;DNA_gap,LNA_gapmer,none,TBD,TBD,Moisan2017_PMC5363415,MYD88_LNA-AON_causes_kidney_pathologies;proprietary_sequence,in_vitro,human,PTEC-TERT1,proximal_tubule,gymnotic_free_uptake,100,uM,3to9_days,injury_biomarker,extracellular_EGF,elevated,pct_control,increase,EGF_accumulation,2,TRUE,M1,Moisan2017_PMC5363415,Fig2D,summary_stat,MYD88_AON_kidney_pathology;grade_provisional
MSR089,OLG002,SPC5001,SPC-5001;PCSK9_LNA_gapmer,ASO_gapmer,PCSK9,hypercholesterolemia_phase1_discontinued,Santaris,phase_1,TBD,full_PS,LNA;DNA_gap,LNA_gapmer_motif_TBD,none,TBD,TBD,vanPoelgeest2013_10.1111/bcp.12738,known_human_nephrotoxin;exact_length_and_design_from_source,in_vitro,human,PTEC-TERT1,proximal_tubule,gymnotic_free_uptake,100,uM,9_days,viability,intracellular_ATP,reduced,pct_control,decrease,concentration_dependent_cytotoxicity,2,TRUE,M1,Moisan2017_PMC5363415,Fig1C-2,summary_stat,SPC5001_is_Moisan_AON-B;grade_provisional
MSR090,OLG002,SPC5001,SPC-5001;PCSK9_LNA_gapmer,ASO_gapmer,PCSK9,hypercholesterolemia_phase1_discontinued,Santaris,phase_1,TBD,full_PS,LNA;DNA_gap,LNA_gapmer_motif_TBD,none,TBD,TBD,vanPoelgeest2013_10.1111/bcp.12738,known_human_nephrotoxin;exact_length_and_design_from_source,in_vitro,human,PTEC-TERT1,proximal_tubule,gymnotic_free_uptake,100,uM,3to9_days,injury_biomarker,extracellular_EGF,elevated,pct_control,increase,EGF_accumulation_biomarker,2,TRUE,M1,Moisan2017_PMC5363415,Fig2D,summary_stat,SPC5001_is_Moisan_AON-B;grade_provisional
MSR91,OLG045,RocheNTX_Cmpd1-1,US11105794_Cmpd1-1_SEQ1,ASO_gapmer,Scramble,in_vitro_nephrotox_assay_patent_panel,Roche,research_panel,16,full_PS,LNA;DNA_gap,LNA_gapmer,none,15,CGTcagtatgcgAATC,US11105794B2_Table1;seq_public_domain,patent_panel_5methylC_all_PS;invivo_nephrotox_innocuous,animal_invivo,mouse,mouse_7day_nephrotox_study,kidney,systemic_dose,TBD,mg/kg,7_days,clinical_renal_outcome,in_vivo_nephrotoxicity_composite,innocuous,class,no_change,innocuous_kidneywt_creatinine_urineprotein_KIM-1,0,TRUE,N3,US11105794B2,Table1,public_domain,Roche_patent_panel_target_Scramble;grade_provisional
MSR92,OLG046,RocheNTX_Cmpd2-1,US11105794_Cmpd2-1_SEQ2,ASO_gapmer,PCSK9,in_vitro_nephrotox_assay_patent_panel,Roche,research_panel,TBD,full_PS,LNA;DNA_gap,LNA_gapmer,none,TBD,TBD,US11105794B2_Table1;seq_public_domain,patent_panel_5methylC_all_PS;invivo_nephrotox_low,animal_invivo,mouse,mouse_7day_nephrotox_study,kidney,systemic_dose,TBD,mg/kg,7_days,clinical_renal_outcome,in_vivo_nephrotoxicity_composite,low,class,increase,low_kidneywt_creatinine_urineprotein_KIM-1,1,TRUE,N3,US11105794B2,Table1,public_domain,Roche_patent_panel_target_PCSK9;grade_provisional
MSR93,OLG047,RocheNTX_Cmpd3-1,US11105794_Cmpd3-1_SEQ3,ASO_gapmer,PCSK9,in_vitro_nephrotox_assay_patent_panel,Roche,research_panel,14,full_PS,LNA;DNA_gap,LNA_gapmer,none,13,TGCtacaaaacCCA,US11105794B2_Table1;seq_public_domain,patent_panel_5methylC_all_PS;invivo_nephrotox_medium,animal_invivo,mouse,mouse_7day_nephrotox_study,kidney,systemic_dose,TBD,mg/kg,7_days,clinical_renal_outcome,in_vivo_nephrotoxicity_composite,medium,class,increase,medium_kidneywt_creatinine_urineprotein_KIM-1,2,TRUE,N3,US11105794B2,Table1,public_domain,Roche_patent_panel_target_PCSK9;grade_provisional
MSR94,OLG048,RocheNTX_Cmpd4-1,US11105794_Cmpd4-1_SEQ4,ASO_gapmer,PCSK9,in_vitro_nephrotox_assay_patent_panel,Roche,research_panel,15,full_PS,LNA;DNA_gap,LNA_gapmer,none,14,GCtgtgtgagcttGG,US11105794B2_Table1;seq_public_domain,patent_panel_5methylC_all_PS;invivo_nephrotox_high,animal_invivo,mouse,mouse_7day_nephrotox_study,kidney,systemic_dose,TBD,mg/kg,7_days,clinical_renal_outcome,in_vivo_nephrotoxicity_composite,high,class,increase,high_kidneywt_creatinine_urineprotein_KIM-1,3,TRUE,N3,US11105794B2,Table1,public_domain,Roche_patent_panel_target_PCSK9;grade_provisional
MSR95,OLG049,RocheNTX_Cmpd5-1,US11105794_Cmpd5-1_SEQ5,ASO_gapmer,Myd88,in_vitro_nephrotox_assay_patent_panel,Roche,research_panel,16,full_PS,LNA;DNA_gap,LNA_gapmer,none,15,TAAggcaatcaagGTA,US11105794B2_Table1;seq_public_domain,patent_panel_5methylC_all_PS;invivo_nephrotox_medium,animal_invivo,mouse,mouse_7day_nephrotox_study,kidney,systemic_dose,TBD,mg/kg,7_days,clinical_renal_outcome,in_vivo_nephrotoxicity_composite,medium,class,increase,medium_kidneywt_creatinine_urineprotein_KIM-1,2,TRUE,N3,US11105794B2,Table1,public_domain,Roche_patent_panel_target_Myd88;grade_provisional
MSR96,OLG050,RocheNTX_Cmpd6-1,US11105794_Cmpd6-1_SEQ6,ASO_gapmer,Myd88,in_vitro_nephrotox_assay_patent_panel,Roche,research_panel,16,full_PS,LNA;DNA_gap,LNA_gapmer,none,15,CAAaggaaacacaCAT,US11105794B2_Table1;seq_public_domain,patent_panel_5methylC_all_PS;invivo_nephrotox_innocuous,animal_invivo,mouse,mouse_7day_nephrotox_study,kidney,systemic_dose,TBD,mg/kg,7_days,clinical_renal_outcome,in_vivo_nephrotoxicity_composite,innocuous,class,no_change,innocuous_kidneywt_creatinine_urineprotein_KIM-1,0,TRUE,N3,US11105794B2,Table1,public_domain,Roche_patent_panel_target_Myd88;grade_provisional
MSR97,OLG051,RocheNTX_Cmpd7-1,US11105794_Cmpd7-1_SEQ7,ASO_gapmer,Myd88,in_vitro_nephrotox_assay_patent_panel,Roche,research_panel,16,full_PS,LNA;DNA_gap,LNA_gapmer,none,15,CAAatgctgaaacTAT,US11105794B2_Table1;seq_public_domain,patent_panel_5methylC_all_PS;invivo_nephrotox_innocuous,animal_invivo,mouse,mouse_7day_nephrotox_study,kidney,systemic_dose,TBD,mg/kg,7_days,clinical_renal_outcome,in_vivo_nephrotoxicity_composite,innocuous,class,no_change,innocuous_kidneywt_creatinine_urineprotein_KIM-1,0,TRUE,N3,US11105794B2,Table1,public_domain,Roche_patent_panel_target_Myd88;grade_provisional
MSR98,OLG052,RocheNTX_Cmpd8-1,US11105794_Cmpd8-1_SEQ8,ASO_gapmer,Myd88,in_vitro_nephrotox_assay_patent_panel,Roche,research_panel,16,full_PS,LNA;DNA_gap,LNA_gapmer,none,15,ACTgctttccactCTG,US11105794B2_Table1;seq_public_domain,patent_panel_5methylC_all_PS;invivo_nephrotox_high,animal_invivo,mouse,mouse_7day_nephrotox_study,kidney,systemic_dose,TBD,mg/kg,7_days,clinical_renal_outcome,in_vivo_nephrotoxicity_composite,high,class,increase,high_kidneywt_creatinine_urineprotein_KIM-1,3,TRUE,N3,US11105794B2,Table1,public_domain,Roche_patent_panel_target_Myd88;grade_provisional
MSR99,OLG053,RocheNTX_Cmpd9-1,US11105794_Cmpd9-1_SEQ9,ASO_gapmer,Myd88,in_vitro_nephrotox_assay_patent_panel,Roche,research_panel,16,full_PS,LNA;DNA_gap,LNA_gapmer,none,15,GCCtcccagttccTTT,US11105794B2_Table1;seq_public_domain,patent_panel_5methylC_all_PS;invivo_nephrotox_low_medium,animal_invivo,mouse,mouse_7day_nephrotox_study,kidney,systemic_dose,TBD,mg/kg,7_days,clinical_renal_outcome,in_vivo_nephrotoxicity_composite,low_medium,class,increase,low_medium_kidneywt_creatinine_urineprotein_KIM-1,2,TRUE,N3,US11105794B2,Table1,public_domain,Roche_patent_panel_target_Myd88;grade_provisional
MSR100,OLG054,RocheNTX_Cmpd10-1,US11105794_Cmpd10-1_SEQ10,ASO_gapmer,Myd88,in_vitro_nephrotox_assay_patent_panel,Roche,research_panel,16,full_PS,LNA;DNA_gap,LNA_gapmer,none,15,CACattccttgctCTG,US11105794B2_Table1;seq_public_domain,patent_panel_5methylC_all_PS;invivo_nephrotox_medium,animal_invivo,mouse,mouse_7day_nephrotox_study,kidney,systemic_dose,TBD,mg/kg,7_days,clinical_renal_outcome,in_vivo_nephrotoxicity_composite,medium,class,increase,medium_kidneywt_creatinine_urineprotein_KIM-1,2,TRUE,N3,US11105794B2,Table1,public_domain,Roche_patent_panel_target_Myd88;grade_provisional
MSR101,OLG055,RocheNTX_Cmpd11-1,US11105794_Cmpd11-1_SEQ11,ASO_gapmer,Myd88,in_vitro_nephrotox_assay_patent_panel,Roche,research_panel,14,full_PS,LNA;DNA_gap,LNA_gapmer,none,13,TGCtcaacatcAAG,US11105794B2_Table1;seq_public_domain,patent_panel_5methylC_all_PS;invivo_nephrotox_medium,animal_invivo,mouse,mouse_7day_nephrotox_study,kidney,systemic_dose,TBD,mg/kg,7_days,clinical_renal_outcome,in_vivo_nephrotoxicity_composite,medium,class,increase,medium_kidneywt_creatinine_urineprotein_KIM-1,2,TRUE,N3,US11105794B2,Table1,public_domain,Roche_patent_panel_target_Myd88;grade_provisional
MSR102,OLG056,RocheNTX_Cmpd12-1,US11105794_Cmpd12-1_SEQ12,ASO_gapmer,Myd88,in_vitro_nephrotox_assay_patent_panel,Roche,research_panel,14,full_PS,LNA;DNA_gap,LNA_gapmer,none,13,TTAcacttgacCCA,US11105794B2_Table1;seq_public_domain,patent_panel_5methylC_all_PS;invivo_nephrotox_high,animal_invivo,mouse,mouse_7day_nephrotox_study,kidney,systemic_dose,TBD,mg/kg,7_days,clinical_renal_outcome,in_vivo_nephrotoxicity_composite,high,class,increase,high_kidneywt_creatinine_urineprotein_KIM-1,3,TRUE,N3,US11105794B2,Table1,public_domain,Roche_patent_panel_target_Myd88;grade_provisional
MSR103,OLG057,RocheNTX_Cmpd13-1,US11105794_Cmpd13-1_SEQ13,ASO_gapmer,Myd88,in_vitro_nephrotox_assay_patent_panel,Roche,research_panel,14,full_PS,LNA;DNA_gap,LNA_gapmer,none,13,TTTacacttgaccc,US11105794B2_Table1;seq_public_domain,patent_panel_5methylC_all_PS;invivo_nephrotox_medium,animal_invivo,mouse,mouse_7day_nephrotox_study,kidney,systemic_dose,TBD,mg/kg,7_days,clinical_renal_outcome,in_vivo_nephrotoxicity_composite,medium,class,increase,medium_kidneywt_creatinine_urineprotein_KIM-1,2,TRUE,N3,US11105794B2,Table1,public_domain,Roche_patent_panel_target_Myd88;grade_provisional
MSR104,OLG058,RocheNTX_Cmpd14-1,US11105794_Cmpd14-1_SEQ14,ASO_gapmer,Myd88,in_vitro_nephrotox_assay_patent_panel,Roche,research_panel,16,full_PS,LNA;DNA_gap,LNA_gapmer,none,15,GTCagaaacaaccACC,US11105794B2_Table1;seq_public_domain,patent_panel_5methylC_all_PS;invivo_nephrotox_high,animal_invivo,mouse,mouse_7day_nephrotox_study,kidney,systemic_dose,TBD,mg/kg,7_days,clinical_renal_outcome,in_vivo_nephrotoxicity_composite,high,class,increase,high_kidneywt_creatinine_urineprotein_KIM-1,3,TRUE,N3,US11105794B2,Table1,public_domain,Roche_patent_panel_target_Myd88;grade_provisional
MSR105,OLG059,RocheNTX_Cmpd15-1,US11105794_Cmpd15-1_SEQ15,ASO_gapmer,BCL11A,in_vitro_nephrotox_assay_patent_panel,Roche,research_panel,14,full_PS,LNA;DNA_gap,LNA_gapmer,none,13,CTAtgtgttccTGT,US11105794B2_Table1;seq_public_domain,patent_panel_5methylC_all_PS;invivo_nephrotox_medium_high,animal_invivo,mouse,mouse_7day_nephrotox_study,kidney,systemic_dose,TBD,mg/kg,7_days,clinical_renal_outcome,in_vivo_nephrotoxicity_composite,medium_high,class,increase,medium_high_kidneywt_creatinine_urineprotein_KIM-1,3,TRUE,N3,US11105794B2,Table1,public_domain,Roche_patent_panel_target_BCL11A;grade_provisional
MSR106,OLG060,RocheNTX_Cmpd16-1,US11105794_Cmpd16-1_SEQ16,ASO_gapmer,BCL11A,in_vitro_nephrotox_assay_patent_panel,Roche,research_panel,16,full_PS,LNA;DNA_gap,LNA_gapmer,none,15,CGTttgtgctcgaTAA,US11105794B2_Table1;seq_public_domain,patent_panel_5methylC_all_PS;invivo_nephrotox_medium_high,animal_invivo,mouse,mouse_7day_nephrotox_study,kidney,systemic_dose,TBD,mg/kg,7_days,clinical_renal_outcome,in_vivo_nephrotoxicity_composite,medium_high,class,increase,medium_high_kidneywt_creatinine_urineprotein_KIM-1,3,TRUE,N3,US11105794B2,Table1,public_domain,Roche_patent_panel_target_BCL11A;grade_provisional
MSR107,OLG061,RocheNTX_Cmpd17-1,US11105794_Cmpd17-1_SEQ17,ASO_gapmer,BCL11A,in_vitro_nephrotox_assay_patent_panel,Roche,research_panel,15,full_PS,LNA;DNA_gap,LNA_gapmer,none,14,CGTttgtgctcgATA,US11105794B2_Table1;seq_public_domain,patent_panel_5methylC_all_PS;invivo_nephrotox_high,animal_invivo,mouse,mouse_7day_nephrotox_study,kidney,systemic_dose,TBD,mg/kg,7_days,clinical_renal_outcome,in_vivo_nephrotoxicity_composite,high,class,increase,high_kidneywt_creatinine_urineprotein_KIM-1,3,TRUE,N3,US11105794B2,Table1,public_domain,Roche_patent_panel_target_BCL11A;grade_provisional
MSR108,OLG062,RocheNTX_Cmpd18-1,US11105794_Cmpd18-1_SEQ18,ASO_gapmer,BCL11A,in_vitro_nephrotox_assay_patent_panel,Roche,research_panel,16,full_PS,LNA;DNA_gap,LNA_gapmer,none,15,ATTgcattgtttcCGT,US11105794B2_Table1;seq_public_domain,patent_panel_5methylC_all_PS;invivo_nephrotox_low,animal_invivo,mouse,mouse_7day_nephrotox_study,kidney,systemic_dose,TBD,mg/kg,7_days,clinical_renal_outcome,in_vivo_nephrotoxicity_composite,low,class,increase,low_kidneywt_creatinine_urineprotein_KIM-1,1,TRUE,N3,US11105794B2,Table1,public_domain,Roche_patent_panel_target_BCL11A;grade_provisional
MSR109,OLG063,RocheNTX_Cmpd19-1,US11105794_Cmpd19-1_SEQ19,ASO_gapmer,BCL11A,in_vitro_nephrotox_assay_patent_panel,Roche,research_panel,16,full_PS,LNA;DNA_gap,LNA_gapmer,none,15,CATtgcattgtttCCG,US11105794B2_Table1;seq_public_domain,patent_panel_5methylC_all_PS;invivo_nephrotox_low_medium,animal_invivo,mouse,mouse_7day_nephrotox_study,kidney,systemic_dose,TBD,mg/kg,7_days,clinical_renal_outcome,in_vivo_nephrotoxicity_composite,low_medium,class,increase,low_medium_kidneywt_creatinine_urineprotein_KIM-1,2,TRUE,N3,US11105794B2,Table1,public_domain,Roche_patent_panel_target_BCL11A;grade_provisional
MSR110,OLG064,RocheNTX_Cmpd19-2,US11105794_Cmpd19-2_SEQ19,ASO_gapmer,BCL11A,in_vitro_nephrotox_assay_patent_panel,Roche,research_panel,16,full_PS,LNA;DNA_gap,LNA_gapmer,none,15,CATtgcattgttTCCG,US11105794B2_Table1;seq_public_domain,patent_panel_5methylC_all_PS;invivo_nephrotox_high,animal_invivo,mouse,mouse_7day_nephrotox_study,kidney,systemic_dose,TBD,mg/kg,7_days,clinical_renal_outcome,in_vivo_nephrotoxicity_composite,high,class,increase,high_kidneywt_creatinine_urineprotein_KIM-1,3,TRUE,N3,US11105794B2,Table1,public_domain,Roche_patent_panel_target_BCL11A;grade_provisional
MSR111,OLG065,RocheNTX_Cmpd20-1,US11105794_Cmpd20-1_SEQ20,ASO_gapmer,SGLT2,in_vitro_nephrotox_assay_patent_panel,Roche,research_panel,12,full_PS,2'-MOE;DNA_gap,LNA_gapmer,none,11,ggcatgagcttc,US11105794B2_Table1;seq_public_domain,patent_panel_5methylC_all_PS;invivo_nephrotox_low_medium,animal_invivo,mouse,mouse_7day_nephrotox_study,kidney,systemic_dose,TBD,mg/kg,7_days,clinical_renal_outcome,in_vivo_nephrotoxicity_composite,low_medium,class,increase,low_medium_kidneywt_creatinine_urineprotein_KIM-1,2,TRUE,N3,US11105794B2,Table1,public_domain,Roche_patent_panel_target_SGLT2;grade_provisional
