Audit_ID,Sequence_Record_ID,Candidate,Exact_Sequence_Available,Human_Exposure_Evidence,Explicit_Platelet_Monitoring,Platelet_Outcome_Reported,Adequate_Dose_Duration_Context,Current_Outcome_Class,Candidate_Negative_Class,Clinical_Negative_Eligibility,Scientist_Rationale,Source_Location_or_URL,Required_Next_Action,Modeling_Use_Now
NEG-AUD-001,OLG-TMB-018,107248,YES,YES - human clinical exposure (Crooke N=36),PARTIAL - secondary report only,Possible mild platelet effect reported secondarily,UNKNOWN,POSSIBLE MILD POSITIVE - secondary report only,POSSIBLE POSITIVE / UNRESOLVED,NO,A possible mild signal is incompatible with a negative label until the primary clinical report is recovered.,https://journals.sagepub.com/doi/full/10.1089/nat.2016.0650,Primary clinical source and exact denominator/outcome table required.,Hold
NEG-AUD-002,OLG-TMB-004,104838,YES,YES - human clinical exposure (Crooke N=212),YES - platelet decline documented in human clinical program,YES - phenotype 1 moderate dose-dependent decline,PARTIAL - integrated clinical program; source-level counts by regimen incomplete,CLINICAL POSITIVE - phenotype 1 moderate dose-dependent decline,NOT A NEGATIVE,NO,Direct human platelet-decline evidence makes 104838 a positive anchor.,https://journals.sagepub.com/doi/full/10.1089/nat.2016.0650,Recover original trial event counts by dose.,Positive phenotype-1 benchmark
NEG-AUD-003,OLG-TMB-019,113715,YES,YES - human clinical exposure (Crooke N=236),UNKNOWN at per-sequence level,NO per-sequence platelet outcome in pooled Crooke tables,UNKNOWN / pooled only,PER-SEQUENCE CLINICAL PLATELET LABEL UNRESOLVED,UNRESOLVED,NO,Human exposure plus absence of a named platelet event is not evidence of a clean monitored negative.,https://journals.sagepub.com/doi/full/10.1089/nat.2016.0650,Recover individual trial/regulatory platelet outcomes for this sequence.,Hold pending per-sequence evidence
NEG-AUD-004,OLG-TMB-020,301012,YES,YES - human clinical exposure (Crooke N=1091),"PARTIAL - large integrated exposure, but per-regimen platelet monitoring is incompletely reported",YES - one moderate laboratory event / low-incidence signal,PARTIAL - pooled program context,LOW-INCIDENCE COMPARATOR - one moderate laboratory event,"LOWER-RISK COMPARATOR, NOT CLEAN NEGATIVE",NO,"Low incidence is not absence of effect, and monitoring/exposure adequacy is not resolved at the sequence level.",https://journals.sagepub.com/doi/full/10.1089/nat.2016.0650,Recover sequence-specific trials and platelet monitoring details.,Comparator only
NEG-AUD-005,OLG-TMB-001,Volanesorsen,YES,YES - human clinical exposure (Crooke N=99; additional phase 3 N=33),YES - prespecified platelet monitoring and intervention thresholds,YES - frequent platelet declines including severe nadirs,"YES - 300 mg SC weekly, 52-week randomized trial",CLINICAL POSITIVE - frequent and severe thrombocytopenia,NOT A NEGATIVE,NO,Direct human thrombocytopenia evidence makes volanesorsen a positive clinical anchor.,https://www.ema.europa.eu/en/documents/assessment-report/waylivra-epar-public-assessment-report_en.pdf,Patient-level trajectories remain useful for timing/recovery modeling.,Positive clinical benchmark
NEG-AUD-006,OLG-TMB-021,329993,YES,YES - human clinical exposure (Crooke N=129),UNKNOWN at per-sequence level,NO per-sequence platelet outcome in pooled Crooke tables,UNKNOWN / pooled only,PER-SEQUENCE CLINICAL PLATELET LABEL UNRESOLVED,UNRESOLVED,NO,Human exposure plus absence of a named platelet event is not evidence of a clean monitored negative.,https://journals.sagepub.com/doi/full/10.1089/nat.2016.0650,Recover individual trial/regulatory platelet outcomes for this sequence.,Hold pending per-sequence evidence
NEG-AUD-007,OLG-TMB-022,404173,YES,YES - human clinical exposure (Crooke N=98),YES - primary translational study reported platelet outcomes,"YES - >30% declines; no count <75,000/µL",YES - 200 mg/week for 26 weeks; exact event count still incomplete,"CLINICAL POSITIVE - phenotype 1 >30% decline; no platelet count <75,000/µL",ENDPOINT-SPECIFIC NEGATIVE ONLY (<75k); POSITIVE FOR MODERATE DECLINE,NO,A compound can be negative for a severe threshold while positive for moderate platelet decline; it is not a clean negative.,https://doi.org/10.1089/nat.2017.0666,Recover exact active event count and placebo denominator.,Moderate phenotype benchmark; severe-threshold comparator
NEG-AUD-008,OLG-TMB-023,416858,YES,YES - human clinical exposure (Crooke N=312),"PARTIAL - clinical safety monitoring present, but platelet label not isolated",OTHER DOMAIN - intended factor XI anticoagulation,PARTIAL - human clinical program,OTHER ENDPOINT - intended factor XI anticoagulation,NOT A THROMBOCYTOPENIA NEGATIVE; OTHER-ENDPOINT COMPOUND,NO,Intended anticoagulant pharmacology and aPTT effects must remain outside the platelet-count endpoint.,https://journals.sagepub.com/doi/full/10.1089/nat.2016.0650,Route to coagulopathy module; recover platelet data only if explicitly reported.,Exclude from platelet-count model
NEG-AUD-009,OLG-TMB-031,Inotersen,YES,YES - human clinical exposure (Crooke N=51; additional phase 3 N=112),YES - serial monitoring intensified after severe cases,YES - moderate declines plus three severe immune-associated cases,YES - randomized phase 3 regimen and exposure,CLINICAL POSITIVE - rare severe immune-mediated thrombocytopenia,NOT A NEGATIVE,NO,Documented severe thrombocytopenia and platelet-reactive IgG preclude negative classification.,https://pmc.ncbi.nlm.nih.gov/articles/PMC12611561/,Recover patient-level trajectories and susceptibility context.,Positive severe/immune benchmark
NEG-AUD-010,OLG-TMB-024,426115,YES,YES - human clinical exposure (Crooke N=65),UNKNOWN at per-sequence level,NO per-sequence platelet outcome in pooled Crooke tables,UNKNOWN / pooled only,PER-SEQUENCE CLINICAL PLATELET LABEL UNRESOLVED,UNRESOLVED,NO,Human exposure plus absence of a named platelet event is not evidence of a clean monitored negative.,https://journals.sagepub.com/doi/full/10.1089/nat.2016.0650,Recover individual trial/regulatory platelet outcomes for this sequence.,Hold pending per-sequence evidence
NEG-AUD-011,OLG-TMB-025,449884,YES,YES - human clinical exposure (Crooke N=88),UNKNOWN at per-sequence level,NO per-sequence platelet outcome in pooled Crooke tables,UNKNOWN / pooled only,PER-SEQUENCE CLINICAL PLATELET LABEL UNRESOLVED,UNRESOLVED,NO,Human exposure plus absence of a named platelet event is not evidence of a clean monitored negative.,https://journals.sagepub.com/doi/full/10.1089/nat.2016.0650,Recover individual trial/regulatory platelet outcomes for this sequence.,Hold pending per-sequence evidence
NEG-AUD-012,OLG-TMB-026,463588,YES,YES - human clinical exposure (Crooke N=36),UNKNOWN at per-sequence level,NO per-sequence platelet outcome in pooled Crooke tables,UNKNOWN / pooled only,PER-SEQUENCE CLINICAL PLATELET LABEL UNRESOLVED,UNRESOLVED,NO,Human exposure plus absence of a named platelet event is not evidence of a clean monitored negative.,https://journals.sagepub.com/doi/full/10.1089/nat.2016.0650,Recover individual trial/regulatory platelet outcomes for this sequence.,Hold pending per-sequence evidence
NEG-AUD-013,OLG-TMB-027,494372,YES,YES - human clinical exposure (Crooke N=72),UNKNOWN at per-sequence level,NO per-sequence platelet outcome in pooled Crooke tables,UNKNOWN / pooled only,PER-SEQUENCE CLINICAL PLATELET LABEL UNRESOLVED,UNRESOLVED,NO,Human exposure plus absence of a named platelet event is not evidence of a clean monitored negative.,https://journals.sagepub.com/doi/full/10.1089/nat.2016.0650,Recover individual trial/regulatory platelet outcomes for this sequence.,Hold pending per-sequence evidence
NEG-AUD-014,OLG-TMB-028,505358,YES,YES - human clinical exposure (Crooke N=21),UNKNOWN at per-sequence level,NO per-sequence platelet outcome in pooled Crooke tables,UNKNOWN / pooled only,PER-SEQUENCE CLINICAL PLATELET LABEL UNRESOLVED,UNRESOLVED,NO,Human exposure plus absence of a named platelet event is not evidence of a clean monitored negative.,https://journals.sagepub.com/doi/full/10.1089/nat.2016.0650,Recover individual trial/regulatory platelet outcomes for this sequence.,Hold pending per-sequence evidence
NEG-AUD-015,OLG-TMB-029,546254,YES,YES - human clinical exposure (Crooke N=37),UNKNOWN at per-sequence level,NO per-sequence platelet outcome in pooled Crooke tables,UNKNOWN / pooled only,PER-SEQUENCE CLINICAL PLATELET LABEL UNRESOLVED,UNRESOLVED,NO,Human exposure plus absence of a named platelet event is not evidence of a clean monitored negative.,https://journals.sagepub.com/doi/full/10.1089/nat.2016.0650,Recover individual trial/regulatory platelet outcomes for this sequence.,Hold pending per-sequence evidence
NEG-AUD-016,OLG-TMB-030,563580,YES,YES - human clinical exposure (Crooke N=35),UNKNOWN at per-sequence level,NO per-sequence platelet outcome in pooled Crooke tables,UNKNOWN / pooled only,PER-SEQUENCE CLINICAL PLATELET LABEL UNRESOLVED,UNRESOLVED,NO,Human exposure plus absence of a named platelet event is not evidence of a clean monitored negative.,https://journals.sagepub.com/doi/full/10.1089/nat.2016.0650,Recover individual trial/regulatory platelet outcomes for this sequence.,Hold pending per-sequence evidence
NEG-AUD-017,OLG-TMB-002,Givosiran,NO - exact duplex not in local article,YES - 94 patients in ENVISION,NO explicit platelet-monitoring dataset in the article,No extractable platelet-count outcome; thrombotic events were reported separately,YES for treatment exposure; platelet ascertainment unresolved,HUMAN CLINICAL NON-PLATELET SAFETY,ABSENCE-OF-REPORT ONLY,NO,The absence of thrombocytopenia from common-AE tables is not proof of an adequately monitored sequence-level negative.,https://doi.org/10.1016/j.jhep.2023.06.013,Use only in a separate thrombotic-event registry unless platelet monitoring and exact duplex chemistry are recovered.,Support only - non-platelet clinical safety
NEG-AUD-018,UNLINKED-ALICAFORSEN,Alicaforsen / ISIS 2302,NO - sequence not established in current workbook,YES - 22 active Crohn's disease patients in high-dose PK trial,NO platelet-count dataset recovered,Transient aPTT/coagulation context reported; no sequence-level thrombocytopenia outcome,YES for dose schedule; platelet outcome unresolved,HUMAN CLINICAL COAGULATION SUPPORT,NOT A CLINICAL PLATELET NEGATIVE,NO,"Alicaforsen contributes human coagulation context, not a monitored negative platelet-count label.",https://pubmed.ncbi.nlm.nih.gov/12269969/,Recover exact construct and any platelet tables only if relevant; route aPTT to coagulopathy.,Support only - coagulopathy
NEG-AUD-019,OLG-TMB-003,487660,YES,SECONDARY statement of no reported platelet-count drops; primary human clinical dataset not recovered,NO direct human clinical monitoring record in the source corpus,Human ex vivo no/low platelet activation; clinical statement is secondary,YES for ex vivo conditions; NO for clinical exposure verification,HUMAN EX VIVO LOW-RESPONSE COMPARATOR,MECHANISTIC NEGATIVE / CLINICAL UNKNOWN,NO,A low-response human ex vivo control cannot be promoted to a clean clinical negative without primary monitored human exposure.,https://haematologica.org/article/view/haematol.2020.260059,Recover primary clinical or well-documented monitored exposure before any clinical-negative use.,Mechanistic comparator only
NEG-AUD-020,OLG-TMB-005,501861,YES,Clinical platelet-count effect explicitly described as unknown in Slingsby,NO direct clinical monitoring record in current corpus,Human ex vivo moderate platelet activation; clinical outcome unknown,YES for ex vivo conditions; NO for clinical regimen,MECHANISTIC POSITIVE / CLINICAL UNKNOWN,NOT A NEGATIVE,NO,Moderate ex vivo activation plus unknown clinical status excludes it from the clinical-negative class.,https://haematologica.org/article/view/haematol.2020.260059,"Seek primary clinical exposure and platelet outcomes, if any.",Mechanistic positive only
NEG-AUD-021,OLG-TMB-042,ODN 2395-PO,YES,NO human clinical exposure,NO,Matched human ex vivo endpoint-negative versus PS parent,YES for defined ex vivo assays only,MATCHED BACKBONE MECHANISTIC NEGATIVE,ENDPOINT-SPECIFIC EX VIVO NEGATIVE,NO,The PO construct is a valuable matched mechanistic control but is not a clinical safety negative.,https://pmc.ncbi.nlm.nih.gov/articles/PMC5673186/,Retain grouped with ODN2395-PS in mechanistic modeling; prohibit clinical-label use.,Mechanistic matched control
