Candidate_ID,Sequence_Record_ID,Canonical_Name,Target,Sequence_5to3,Length_nt,Gapmer_Design,Active_Exposed_N_in_Crooke,Additional_Phase3_N,Clinical_Label,Label_Confidence,Permitted_Model_Role,Final_Training_Flag,Blocking_Reason,Source_URL
CC-TMB-01,OLG-TMB-018,107248,CD49D,CTGAGTCTGTTTTCCATTCT,20,3-9-8 2′MOE gapmer,36,,POSSIBLE MILD POSITIVE - secondary report only,LOW-MODERATE,Hold,NO_FINAL_TRAINING,Primary clinical source and exact denominator/outcome table required.,https://journals.sagepub.com/doi/full/10.1089/nat.2016.0650
CC-TMB-02,OLG-TMB-004,104838,TNF-α,GCTGATTAGAGAGAGGTCCC,20,5-10-5 2′MOE gapmer,212,,CLINICAL POSITIVE - phenotype 1 moderate dose-dependent decline,MODERATE-HIGH,Moderate phenotype benchmark; linked mechanistic evidence,PROVISIONAL_POSITIVE_ONLY,Original trial event counts by dose required for quantitative training.,https://journals.sagepub.com/doi/full/10.1089/nat.2016.0650
CC-TMB-03,OLG-TMB-019,113715,PTP1B,GCTCCTTCCACTGATCCTGC,20,5-10-5 2′MOE gapmer,236,,PER-SEQUENCE CLINICAL PLATELET LABEL UNRESOLVED,LOW,Hold pending supplement,NO_FINAL_TRAINING,Crooke supplement must identify per-sequence platelet incidence.,https://journals.sagepub.com/doi/full/10.1089/nat.2016.0650
CC-TMB-04,OLG-TMB-020,301012,APOB,GCCTCAGTCTGCTTCGCACC,20,5-10-5 2′MOE gapmer,1091,,LOW-INCIDENCE COMPARATOR - one moderate laboratory event,MODERATE,"Provisional low-risk comparator, not absolute negative",COMPARATOR_ONLY,"Per-sequence baseline, exposure, and monitoring context required.",https://journals.sagepub.com/doi/full/10.1089/nat.2016.0650
CC-TMB-05,OLG-TMB-001,Volanesorsen,APOC3,AGCTTCTTGTCCAGCTTTAT,20,5-10-5 2′MOE gapmer,99,33,CLINICAL POSITIVE - frequent and severe thrombocytopenia,HIGH,Positive clinical benchmark,PROVISIONAL_POSITIVE_ONLY,Patient-level trajectories and independent negative sequence set still needed.,https://www.ema.europa.eu/en/documents/assessment-report/waylivra-epar-public-assessment-report_en.pdf
CC-TMB-06,OLG-TMB-021,329993,CRP,AGCATAGTTAACGAGCTCCC,20,5-10-5 2′MOE gapmer,129,,PER-SEQUENCE CLINICAL PLATELET LABEL UNRESOLVED,LOW,Hold pending supplement,NO_FINAL_TRAINING,Crooke supplement must identify per-sequence platelet incidence.,https://journals.sagepub.com/doi/full/10.1089/nat.2016.0650
CC-TMB-07,OLG-TMB-022,404173,PTP1B,AATGGTTTATTCCATGGCCA,20,5-10-5 2′MOE gapmer,98,,"CLINICAL POSITIVE - phenotype 1 >30% decline; no platelet count <75,000/µL",MODERATE-HIGH,Moderate phenotype benchmark; human translational anchor,PROVISIONAL_POSITIVE_ONLY,Exact active-event count and placebo denominator remain required for quantitative training.,https://doi.org/10.1089/nat.2017.0666
CC-TMB-08,OLG-TMB-023,416858,FXI,ACGGCATTGGTGCACAGTTT,20,5-10-5 2′MOE gapmer,312,,OTHER ENDPOINT - intended factor XI anticoagulation,MODERATE,Coagulation model only,EXCLUDE_PLATELET_COUNT_MODEL,Not a thrombocytopenia label.,https://journals.sagepub.com/doi/full/10.1089/nat.2016.0650
CC-TMB-09,OLG-TMB-031,Inotersen,TTR,TCTTGGTTACATGAAATCCC,20,5-10-5 2′MOE gapmer,51,112,CLINICAL POSITIVE - rare severe immune-mediated thrombocytopenia,HIGH,Severe/immune phenotype benchmark,PROVISIONAL_POSITIVE_ONLY,Patient-level trajectories and immune predisposition variables needed.,https://pmc.ncbi.nlm.nih.gov/articles/PMC12611561/
CC-TMB-10,OLG-TMB-024,426115,GCCR,GCAGCCATGGTGATCAGGAG,20,5-10-5 2′MOE gapmer,65,,PER-SEQUENCE CLINICAL PLATELET LABEL UNRESOLVED,LOW,Hold pending supplement,NO_FINAL_TRAINING,Crooke supplement must identify per-sequence platelet incidence.,https://journals.sagepub.com/doi/full/10.1089/nat.2016.0650
CC-TMB-11,OLG-TMB-025,449884,GCGR,GGTTCCCGAGGTGCCCA,17,3-10-4 2′MOE gapmer,88,,PER-SEQUENCE CLINICAL PLATELET LABEL UNRESOLVED,LOW,Hold pending supplement,NO_FINAL_TRAINING,Crooke supplement must identify per-sequence platelet incidence.,https://journals.sagepub.com/doi/full/10.1089/nat.2016.0650
CC-TMB-12,OLG-TMB-026,463588,FGFR4,GCACACTCAGCAGGACCCCC,20,5-10-5 2′MOE gapmer,36,,PER-SEQUENCE CLINICAL PLATELET LABEL UNRESOLVED,LOW,Hold pending supplement,NO_FINAL_TRAINING,Crooke supplement must identify per-sequence platelet incidence.,https://journals.sagepub.com/doi/full/10.1089/nat.2016.0650
CC-TMB-13,OLG-TMB-027,494372,LPA,TGCTCCGTTGGTGCTTGTTC,20,5-10-5 2′MOE gapmer,72,,PER-SEQUENCE CLINICAL PLATELET LABEL UNRESOLVED,LOW,Hold pending supplement,NO_FINAL_TRAINING,Crooke supplement must identify per-sequence platelet incidence.,https://journals.sagepub.com/doi/full/10.1089/nat.2016.0650
CC-TMB-14,OLG-TMB-028,505358,HBV,GCAGAGGTGAAGCGAAGTGC,20,5-10-5 2′MOE gapmer,21,,PER-SEQUENCE CLINICAL PLATELET LABEL UNRESOLVED,LOW,Hold pending supplement,NO_FINAL_TRAINING,Crooke supplement must identify per-sequence platelet incidence.,https://journals.sagepub.com/doi/full/10.1089/nat.2016.0650
CC-TMB-15,OLG-TMB-029,546254,PKK,TGCAAGTCTCTTGGCAAACA,20,5-10-5 2′MOE gapmer,37,,PER-SEQUENCE CLINICAL PLATELET LABEL UNRESOLVED,LOW,Hold pending supplement,NO_FINAL_TRAINING,Crooke supplement must identify per-sequence platelet incidence.,https://journals.sagepub.com/doi/full/10.1089/nat.2016.0650
CC-TMB-16,OLG-TMB-030,563580,ANGPTL3,GGACATTGCCAGTAATCGCA,20,5-10-5 2′MOE gapmer,35,,PER-SEQUENCE CLINICAL PLATELET LABEL UNRESOLVED,LOW,Hold pending supplement,NO_FINAL_TRAINING,Crooke supplement must identify per-sequence platelet incidence.,https://journals.sagepub.com/doi/full/10.1089/nat.2016.0650
CC-TMB-17,OLG-TMB-043,Olezarsen,APOC3,AGCTTCTTGTCCAGCTTTAT,20,5-10-5 2′MOE full-PS gapmer + GalNAc3,,43,LOWER-RISK MATCHED-SEQUENCE CONTEXT COMPARATOR; NOT A CLEAN NEGATIVE,HIGH for identity/clinical evidence,Treatment-aware model and matched-sequence natural experiment,NO_SEQUENCE_ONLY_TRAINING,"Residual platelet decreases occurred; lower risk is confounded with GalNAc3, dose intensity, regimen, population, and cross-trial design.",https://doi.org/10.1056/NEJMoa2400201
CC-TMB-18,OLG-TMB-044,Eplontersen,TTR,TCTTGGTTACATGAAATCCC,20,5-10-5 2′MOE full-PS gapmer + GalNAc3,,144,LOWER-RISK MATCHED-SEQUENCE CONTEXT COMPARATOR; NOT A CLEAN NEGATIVE,HIGH for identity/clinical evidence,Treatment-aware model and within-sequence switch analysis,NO_SEQUENCE_ONLY_TRAINING,Mild thrombocytopenia events occurred and historical-control/period effects remain; same sequence as inotersen does not imply same exposure or platelet risk.,https://doi.org/10.1001/jama.2023.18688
