kind,scientist_record_id,compound,oligo_id,scientist_value,branch_value,resolution
modification_map_retracted,OLG-TMB-044,eplontersen,TOLG061,eT*eC(5m)*eT*eT*eG*dG*dT*dT*dA*dC(5m)*dA*dT*dG*dA*dA*eA*eT*eC(5m)*eC(5m)*eC(5m),TBD (reverted),RETRACTED BY PIPELINE — composed from scientist position chemistry that propagated inotersen's all-PS backbone; contradicts this row's own backbone_chemistry=PS_PO_mix. The scientist package's position chemistry for this record needs correction; not overwritten here.
chemistry_disagreement,OLG-TMB-045,ARC1779,TOLG037,TBD (dataset value NOT overwritten; see disagreement),bb=TBD ps=TBD sugar=2'-OMe;DNA;inverted_dT,"NOT OVERWRITTEN — scientist adjudication required. THREE INTERNAL INCONSISTENCIES IN oligos.csv, reported not fixed. (1) length_nt=TBD while sequence_5to3 and modification_map are both unambiguously 40 residues (verified by tokenising the map: 40 tokens, and the concatenated bases reproduce sequence_5to3 character for character). (2) backbone_chemistry=TBD and ps_count=TBD while the stored modification_map encodes a specific backbone - 1 '*' and 38 '-', i.e. 1 PS and 38 PO. A map that asserts a backbone cannot coexist with backbone_chemistry=TBD. (3) The single '*' sits at linkage 20 (between mG at position 20 and dT at position 21) and is supported by NO source I reached; every fetched description of ARC1779 lists 2'-OMe, DNA and inverted dT with no phosphorothioate. This lone '*' is most likely a data-entry artifact. FLAGGED FOR ADJUDICATION - deliberately NOT overwritten."
chemistry_disagreement,,imetelstat,TOLG070,"NOTATION EXTENSION REQUIRED - see notes. Proposed: nT^nA^nG^nG^nG^nT^nT^nA^nG^nA^nC^nA^nA (n = 3'-amino-3'-deoxyribose; ^ = N3'->P5' thiophosphoramidate), plus ",bb=mixed ps=0 sugar=N3'-P5'_thiophosphoramidate,"NOT OVERWRITTEN — scientist adjudication required. RECOVERY plus a DEFINITIONAL CONFLICT. RECOVERED: sequence_5to3 = TAGGGTTAGACAA (was TBD; oligos.csv length_nt=13 is CONFIRMED). CONFLICT on ps_count: oligos.csv records 0, which is defensible if ps_count means strictly ""phosphorothioate diester"" - imetelstat has none, its backbone being N3'->P5' thiophosphoramidate - but it is misleading, because the molecule contains 13 thio-phosphorus centres including one true 5'-phosphorothioate monoester. A row reading ps_count=0 next to backbone_chemistry=mixed tells a model that imetelstat carries no sulfur, which is false. This needs a SCHEMA decision (define ps_count, or add a thio_phosphorus_count), not a silent overwrite."
chemistry_disagreement,OLG-TMB-031,inotersen,TOLG072,eT*eC(5m)*eT*eT*eG*dG*dT*dT*dA*dC(5m)*dA*dT*dG*dA*dA*eA*eT*eC(5m)*eC(5m)*eC(5m),bb=full_PS ps=19 sugar=2'-MOE;DNA_gap;5-methylcytosine;5-methyl,"NOT OVERWRITTEN — scientist adjudication required. NONE. The stored modification_map is CONFIRMED residue for residue and linkage for linkage - the strongest clean confirmation in this set. oligos.csv backbone_chemistry=full_PS, sugar_modifications (2'-MOE;DNA_gap;5-methylcytosine), gapmer_design=5-10-5_MOE, length_nt=20 and ps_count=19 are all CONFIRMED. RECOVERED: salt form = sodium 1:19."
chemistry_disagreement,,IONIS-TTRRx,TOLG073,"TBD - and should remain TBD until the duplicate identity is adjudicated, NOT filled from TOLG072",bb=TBD ps=TBD sugar=2'-MOE;DNA_gap,"NOT OVERWRITTEN — scientist adjudication required. *** LOUD FINDING - DUPLICATE COMPOUND IDENTITY *** IONIS-TTRRx is a development code for ISIS 420915, which is inotersen (TOLG072). TOLG072 and TOLG073 are therefore THE SAME MOLECULE carried under two oligo_ids: TOLG072 fully populated (sequence, 5-10-5 MOE, 19 PS, approved), TOLG073 almost entirely TBD (sequence, length, backbone, ps_count all TBD, max_phase phase_3). Consequences that matter more than the missing cells: (a) any model trained on this table sees two compounds where there is one, and the exact_sequence_group / scaffold_family grouping that exists to prevent train-test leakage CANNOT bind them, because TOLG073 has no sequence to group on; (b) the 2 clinical rows attached to TOLG073 and the 199 attached to TOLG072 are evidence about one substance but will be counted as two. REPORTED, NOT MERGED - merging is a scientist adjudication, and propagating TOLG072's chemistry into"
chemistry_disagreement,OLG-TMB-004,ISIS 104838,TOLG074,eG*eC(5m)*eT*eG*eA*dT*dT*dA*dG*dA*dG*dA*dG*dA*dG*eG*eT*eC(5m)*eC(5m)*eC(5m),bb=full_PS ps=19 sugar=2'-MOE;DNA_gap;5-methylcytosine,"NOT OVERWRITTEN — scientist adjudication required. NONE. The stored modification_map is CONFIRMED residue for residue and linkage for linkage. oligos.csv gapmer_design=5-10-5_MOE, backbone_chemistry=full_PS, sugar_modifications and length_nt=20 all CONFIRMED."
chemistry_disagreement,,ISIS 3521,TOLG085,dG*dT*dT*dC*dT*dC*dG*dC*dT*dG*dG*dT*dG*dA*dG*dT*dT*dT*dC*dA,bb=full_PS ps=19 sugar=TBD,"NOT OVERWRITTEN — scientist adjudication required. *** DISAGREEMENT ON COMPOUND CLASS *** oligos.csv records oligo_class=ASO_gapmer. Aprinocarsen is a FIRST-GENERATION uniform phosphorothioate oligodeoxynucleotide: every residue is unmodified 2'-deoxy, there are no 2'-modified wings, and therefore it is NOT a gapmer. The formula proves it - C196 and N68 are reproduced exactly by 20 unmodified 2'-deoxy residues (G 5x10C, T 8x10C, C 4x9C, A 2x10C = 196; N = 68), and any 2'-MOE wings or 5-methylcytosines would raise both counts. Misclassifying a first-generation PS ODN as a gapmer is a chemistry-class error that would corrupt any sugar-chemistry-stratified analysis, and it is the SAME error class as oblimersen (TOLG241). ALSO RECOVERED: sequence_5to3 = GTTCTCGCTGGTGAGTTTCA (was TBD); length_nt = 20 (was TBD); sugar_modifications = unmodified 2'-deoxy DNA (was TBD); ps_count = 19 (was TBD). oligos.csv backbone_chemistry=full_PS is CONFIRMED."
chemistry_disagreement,,ISIS 757456,TOLG199,TBD,bb=full_PS ps=19 sugar=2'-MOE;DNA_gap,"NOT OVERWRITTEN — scientist adjudication required. *** FLAGGED AS HIGH-RISK UNVERIFIED, NOT AS A CONTRADICTION *** oligos.csv records conjugate=GalNAc together with backbone_chemistry=full_PS and ps_count=19. I cannot call that wrong, and deliberately do not: the three GalNAc3 Ionis conjugates I DID verify in this file split both ways - eplontersen 13 PS / 6 PO, fesomersen 13 PS / 6 PO, but olezarsen a full 19 PS. So GalNAc3 conjugation does not determine the backbone and 19 is a chemically possible value. What makes it high-risk is that it is unverified, that the compound's 'LRx' designation is the same platform label the two mixed-backbone compounds carry, and that the one compound in this dataset whose map WAS wrongly filled by analogy (eplontersen, TOLG061) failed in exactly this way. Treat ps_count=19 for TOLG199 as unconfirmed until a chemical name or the Ionis AGT patent composition table is read. Ledger entry filed with a specifi"
chemistry_disagreement,OLG-TMB-020,mipomersen,TOLG236,eG*eC(5m)*eC(5m)*eT*eC(5m)*dA*dG*dT*dC(5m)*dT*dG*dC(5m)*dT*dT*dC(5m)*eG*eC(5m)*eA*eC(5m)*eC(5m),bb=full_PS ps=19 sugar=2'-MOE;DNA_gap;5-methylcytosine,"NOT OVERWRITTEN — scientist adjudication required. NONE. The stored modification_map is CONFIRMED residue for residue and linkage for linkage, by two independent namings. oligos.csv backbone_chemistry=full_PS, sugar_modifications, gapmer_design=5-10-5_MOE, length_nt=20 and ps_count=19 all CONFIRMED. RECOVERED: salt form = sodium 1:19."
chemistry_disagreement,,nusinersen,TOLG240,eT*eC(5m)*eA*eC(5m)*eT*eT*eT*eC(5m)*eA*eT*eA*eA*eT*eG*eC(5m)*eT*eG*eG,bb=full_PS ps=17 sugar=2'-MOE_uniform;2'-MOE,"NOT OVERWRITTEN — scientist adjudication required. RECOVERY plus an INCOMPLETENESS. RECOVERED: modification_map (was TBD); salt form sodium 1:17. oligos.csv ps_count=17, backbone_chemistry=full_PS, length_nt=18 and gapmer_design=NA are CONFIRMED. INCOMPLETE: sugar_modifications reads ""2'-MOE_uniform;2'-MOE"" - redundant, and it omits the 5-methylcytosine and 5-methyluracil base modifications that the label's own molecular formula PROVES are present at every pyrimidine."
chemistry_disagreement,,oblimersen,TOLG241,dT*dC*dT*dC*dC*dC*dA*dG*dC*dG*dT*dG*dC*dG*dC*dC*dA*dT,bb=full_PS ps=17 sugar=TBD,"NOT OVERWRITTEN — scientist adjudication required. *** DISAGREEMENT ON COMPOUND CLASS *** oligos.csv records oligo_class=ASO_gapmer. Oblimersen is a first-generation UNIFORM phosphorothioate oligodeoxynucleotide - 18 unmodified 2'-deoxy residues, no 2'-modified wings, no RNase-H gap architecture - so it is not a gapmer. The chemical name contains no 2'-modification and no 5-methyl annotation at all. This is the same misclassification as ISIS 3521 (TOLG085) and matters because a gapmer flag is a sugar-chemistry claim. ALSO RECOVERED: ps_count = 17 (was TBD); sugar_modifications = unmodified 2'-deoxy DNA (was TBD). oligos.csv backbone_chemistry=full_PS and length_nt=18 are CONFIRMED."
chemistry_disagreement,OLG-TMB-043,olezarsen,TOLG246,eA*eG*eC(5m)*eT*eT*dC(5m)*dT*dT*dG*dT*dC(5m)*dC(5m)*dA*dG*dC(5m)*eT*eT*eT*eA*eT,bb=full_PS ps=19 sugar=2'-MOE;DNA_gap,"NOT OVERWRITTEN — scientist adjudication required. NONE. The stored modification_map is CONFIRMED residue for residue and linkage for linkage. oligos.csv backbone_chemistry=full_PS, ps_count=19, gapmer_design=5-10-5_MOE, conjugate=GalNAc and length_nt=20 all CONFIRMED. RECOVERED: full conjugate structure and salt form sodium 1:20."
chemistry_disagreement,,patisiran,TOLG247,"NOTATION EXTENSION REQUIRED - rocksteady_v1 has no prefix for an UNMODIFIED ribonucleotide (2'-OH). Using 'r' as a flagged extension, guide strand: rA-rU-rG-rG-",bb=PS_PO_mix ps=0 sugar=2'-OMe;2'-F;DNA_dT_overhang,"NOT OVERWRITTEN — scientist adjudication required. *** LOUD DISAGREEMENT *** oligos.csv records sugar_modifications = ""2'-OMe;2'-F;DNA_dT_overhang"". PATISIRAN CONTAINS NO 2'-FLUORO. The FDA label's molecular formula C412H480N148Na40O290P40 has no fluorine atom at all, and the CAS name annotates only Um/Cm (2'-O-methyl) and dT. The real modification pattern is far sparser than the dataset implies: just TWO 2'-O-methyl residues on the guide strand (positions 7 and 17) and SEVEN on the sense strand, with every other ribose UNMODIFIED 2'-OH. The spurious ""2'-F"" has almost certainly bled in from the GalNAc-siRNA rows (inclisiran, vutrisiran) which genuinely do contain 2'-F - a cross-row contamination worth checking for elsewhere. oligos.csv length_nt=21, ps_count=0, gapmer_design=NA and conjugate=none are CONFIRMED."
modification_map_rejected,,tofersen,TOLG256,eC(5m)*eA-eG*eG-eA*dT*dA*dC(5m)*dA*dT*dT*dT*dC(5m)*dT*dA*eC(5m)*eA-eG*eC(5m)-eU(5m),bb=full_PS ps=19,NOT PORTED — backbone_chemistry=full_PS but map has 4 PO linkage(s). Scientist adjudication required; the proposed map and the row's own columns cannot both be right.
chemistry_disagreement,,tofersen,TOLG256,eC(5m)*eA-eG*eG-eA*dT*dA*dC(5m)*dA*dT*dT*dT*dC(5m)*dT*dA*eC(5m)*eA-eG*eC(5m)-eU(5m),bb=full_PS ps=19 sugar=2'-MOE;DNA_gap,"NOT OVERWRITTEN — scientist adjudication required. *** LOUD DISAGREEMENT - FALSIFIED TWICE BY THE SAME LABEL *** oligos.csv records backbone_chemistry = ""full_PS"" and ps_count = 19. BOTH ARE WRONG. Tofersen is a MIXED-BACKBONE oligonucleotide with 15 phosphorothioate and 4 phosphate diester linkages. Two independent falsifications from the one primary document: (1) the label states the 15/4 split in words; (2) the label's molecular formula contains S15, not S19 - sulfur count alone settles it. The full IUPAC name then localises the four phosphodiesters to linkages 2, 4, 17 and 19. SECOND DISAGREEMENT: sugar_modifications reads ""2'-MOE;DNA_gap"" and omits the 5-methylcytosine AND 5-methyluracil that the label states explicitly for every cytosine and uridine. DELIBERATELY NOT OVERWRITTEN - reported for adjudication. Confirmed as correct in oligos.csv: length_nt=20, gapmer_design=5-10-5_MOE, conjugate=none, sequence_5to3."
chemistry_disagreement,OLG-TMB-001,volanesorsen,TOLG258,eA*eG*eC(5m)*eT*eT*dC(5m)*dT*dT*dG*dT*dC(5m)*dC(5m)*dA*dG*dC(5m)*eT*eT*eT*eA*eT,bb=full_PS ps=19 sugar=2'-MOE;DNA_gap;5-methylcytosine,"NOT OVERWRITTEN — scientist adjudication required. NONE. The stored modification_map is CONFIRMED residue for residue and linkage for linkage. oligos.csv backbone_chemistry=full_PS, sugar_modifications, gapmer_design=5-10-5_MOE, length_nt=20 and ps_count=19 all CONFIRMED. RECOVERED: salt form (sodium, 19, ICP-OES-controlled); purity method (see notes); and the stereochemical character of the backbone (see notes)."
chemistry_disagreement,,2'-MOE ASO class pool,TOLG014,NOT_APPLICABLE (not TBD-pending-recovery),bb=full_PS ps=TBD sugar=2'-MOE;DNA_gap;5-methylcytosine,"NOT OVERWRITTEN — scientist adjudication required. NO DISAGREEMENT, but a DEFINITIONAL POINT that affects how TBD is counted. These rows carry human-clinical measurement rows yet have no single sequence, so position-specific chemistry is not merely unrecovered for them - it is UNDEFINED. Counting their modification_map as ""TBD"" conflates ""we have not found it"" with ""there is nothing to find"", which inflates the apparent recovery gap. Recommend a distinct NOT_APPLICABLE sentinel. Where oligos.csv does record aggregate chemistry (e.g. TOLG020 length_nt=""17-20"", ps_count=""16-19"", gapmer_design=""5-10-5_MOE (10/12); 3-9-8_MOE (ASO 1); 3-10-4_MOE (ASO 11)"") that is appropriate and should not be replaced by a single value."
chemistry_disagreement,,2'-MOE-PS ASO clinical pooled panel (Bijl 2026 meta-analysis),TOLG016,NOT_APPLICABLE (not TBD-pending-recovery),bb=full_PS ps=TBD sugar=2'-MOE,"NOT OVERWRITTEN — scientist adjudication required. NO DISAGREEMENT, but a DEFINITIONAL POINT that affects how TBD is counted. These rows carry human-clinical measurement rows yet have no single sequence, so position-specific chemistry is not merely unrecovered for them - it is UNDEFINED. Counting their modification_map as ""TBD"" conflates ""we have not found it"" with ""there is nothing to find"", which inflates the apparent recovery gap. Recommend a distinct NOT_APPLICABLE sentinel. Where oligos.csv does record aggregate chemistry (e.g. TOLG020 length_nt=""17-20"", ps_count=""16-19"", gapmer_design=""5-10-5_MOE (10/12); 3-9-8_MOE (ASO 1); 3-10-4_MOE (ASO 11)"") that is appropriate and should not be replaced by a single value."
chemistry_disagreement,,2'-OMe-PS ASO clinical pooled panel (Bijl 2026 meta-analysis),TOLG017,NOT_APPLICABLE (not TBD-pending-recovery),bb=full_PS ps=TBD sugar=2'-OMe,"NOT OVERWRITTEN — scientist adjudication required. NO DISAGREEMENT, but a DEFINITIONAL POINT that affects how TBD is counted. These rows carry human-clinical measurement rows yet have no single sequence, so position-specific chemistry is not merely unrecovered for them - it is UNDEFINED. Counting their modification_map as ""TBD"" conflates ""we have not found it"" with ""there is nothing to find"", which inflates the apparent recovery gap. Recommend a distinct NOT_APPLICABLE sentinel. Where oligos.csv does record aggregate chemistry (e.g. TOLG020 length_nt=""17-20"", ps_count=""16-19"", gapmer_design=""5-10-5_MOE (10/12); 3-9-8_MOE (ASO 1); 3-10-4_MOE (ASO 11)"") that is appropriate and should not be replaced by a single value."
chemistry_disagreement,,2'MOE chimeric ASO pooled panel (12 ASOs),TOLG020,NOT_APPLICABLE (not TBD-pending-recovery),bb=full_PS ps=16-19 sugar=2'-MOE;DNA_gap,"NOT OVERWRITTEN — scientist adjudication required. NO DISAGREEMENT, but a DEFINITIONAL POINT that affects how TBD is counted. These rows carry human-clinical measurement rows yet have no single sequence, so position-specific chemistry is not merely unrecovered for them - it is UNDEFINED. Counting their modification_map as ""TBD"" conflates ""we have not found it"" with ""there is nothing to find"", which inflates the apparent recovery gap. Recommend a distinct NOT_APPLICABLE sentinel. Where oligos.csv does record aggregate chemistry (e.g. TOLG020 length_nt=""17-20"", ps_count=""16-19"", gapmer_design=""5-10-5_MOE (10/12); 3-9-8_MOE (ASO 1); 3-10-4_MOE (ASO 11)"") that is appropriate and should not be replaced by a single value."
chemistry_disagreement,,ASO clinical pooled panel (Bijl 2026 meta-analysis),TOLG049,NOT_APPLICABLE (not TBD-pending-recovery),bb=mixed ps=TBD sugar=2'-MOE;2'-OMe;DNA;morpholino,"NOT OVERWRITTEN — scientist adjudication required. NO DISAGREEMENT, but a DEFINITIONAL POINT that affects how TBD is counted. These rows carry human-clinical measurement rows yet have no single sequence, so position-specific chemistry is not merely unrecovered for them - it is UNDEFINED. Counting their modification_map as ""TBD"" conflates ""we have not found it"" with ""there is nothing to find"", which inflates the apparent recovery gap. Recommend a distinct NOT_APPLICABLE sentinel. Where oligos.csv does record aggregate chemistry (e.g. TOLG020 length_nt=""17-20"", ps_count=""16-19"", gapmer_design=""5-10-5_MOE (10/12); 3-9-8_MOE (ASO 1); 3-10-4_MOE (ASO 11)"") that is appropriate and should not be replaced by a single value."
chemistry_disagreement,,GalNAc3-2'-MOE ASO class pool (Crooke 2018 phase 1 integrated),TOLG065,NOT_APPLICABLE (not TBD-pending-recovery),bb=mixed ps=TBD sugar=2'-MOE;DNA_gap,"NOT OVERWRITTEN — scientist adjudication required. NO DISAGREEMENT, but a DEFINITIONAL POINT that affects how TBD is counted. These rows carry human-clinical measurement rows yet have no single sequence, so position-specific chemistry is not merely unrecovered for them - it is UNDEFINED. Counting their modification_map as ""TBD"" conflates ""we have not found it"" with ""there is nothing to find"", which inflates the apparent recovery gap. Recommend a distinct NOT_APPLICABLE sentinel. Where oligos.csv does record aggregate chemistry (e.g. TOLG020 length_nt=""17-20"", ps_count=""16-19"", gapmer_design=""5-10-5_MOE (10/12); 3-9-8_MOE (ASO 1); 3-10-4_MOE (ASO 11)"") that is appropriate and should not be replaced by a single value."
chemistry_disagreement,,PMO clinical pooled panel (Bijl 2026 meta-analysis),TOLG250,NOT_APPLICABLE (not TBD-pending-recovery),bb=PMO_neutral ps=0 sugar=morpholino,"NOT OVERWRITTEN — scientist adjudication required. NO DISAGREEMENT, but a DEFINITIONAL POINT that affects how TBD is counted. These rows carry human-clinical measurement rows yet have no single sequence, so position-specific chemistry is not merely unrecovered for them - it is UNDEFINED. Counting their modification_map as ""TBD"" conflates ""we have not found it"" with ""there is nothing to find"", which inflates the apparent recovery gap. Recommend a distinct NOT_APPLICABLE sentinel. Where oligos.csv does record aggregate chemistry (e.g. TOLG020 length_nt=""17-20"", ps_count=""16-19"", gapmer_design=""5-10-5_MOE (10/12); 3-9-8_MOE (ASO 1); 3-10-4_MOE (ASO 11)"") that is appropriate and should not be replaced by a single value."
