Control_ID,Compound,Sequence_Record_ID,Control_Type,Endpoint_Domain,Evidence_Summary,Permitted_Use,Prohibited_Inference,Scientist_Status,Source_URL
CTRL-TMB-001,Volanesorsen,OLG-TMB-001,CLINICAL POSITIVE,Thrombocytopenia phenotype 1 and severe events,"16/33 below 100,000/µL; 2/33 below 25,000/µL in APPROACH.",Positive clinical anchor,Do not generalize to every APOC3 sequence or every FCS patient.,APPROVED WITH LIMITATIONS,https://doi.org/10.1056/NEJMoa1715944
CTRL-TMB-002,Inotersen,OLG-TMB-031,CLINICAL POSITIVE,Frequent decline plus rare severe immune phenotype,Three severe cases with platelet-reactive IgG; one fatal intracranial hemorrhage.,Severe phenotype anchor,"Keep lab nadir, antibody status, and bleeding event separate.",APPROVED WITH LIMITATIONS,https://doi.org/10.1056/NEJMoa1716793
CTRL-TMB-003,ISIS 104838,OLG-TMB-004,CLINICAL/MEC POSITIVE,Phenotype 1 + human platelet activation,Primary phase I reports a reversible decline; later studies link moderate clinical decline and GPVI-associated activation.,Moderate phenotype/mechanistic anchor,Do not compute a primary-study rate without the exposed denominator.,PROVISIONAL,https://pubmed.ncbi.nlm.nih.gov/12438559/
CTRL-TMB-004,ISIS 404173,OLG-TMB-022,CLINICAL POSITIVE / SEVERE-ENDPOINT NEGATIVE,"Moderate decline >30%; no <75,000/µL",Demonstrates endpoint-specific classification.,Moderate phenotype benchmark,Do not label universally negative because severe threshold was not reached.,PROVISIONAL,https://doi.org/10.1089/nat.2017.0666
CTRL-TMB-005,Olezarsen,OLG-TMB-043,MATCHED-SEQUENCE LOWER-RISK COMPARATOR,Same nucleotide sequence as volanesorsen; lower-dose GalNAc3 context,"5/43 decreased platelet count; no treated patient <50,000/µL.",Treatment-aware comparator,Do not call clean negative or attribute difference solely to GalNAc.,PROVISIONAL,https://www.accessdata.fda.gov/drugsatfda_docs/label/2024/218614s000lbl.pdf
CTRL-TMB-006,Eplontersen,OLG-TMB-044,MATCHED-SEQUENCE LOWER-RISK COMPARATOR,Same nucleotide sequence as inotersen; lower-dose GalNAc3 context,3/144 mild thrombocytopenia; switch cohort mean nadir -3.2% versus -40.7% on inotersen.,Treatment-aware comparator,Do not use as sequence-only negative.,PROVISIONAL,https://doi.org/10.1001/jama.2023.18688
CTRL-TMB-007,487660,OLG-TMB-003,HUMAN MECHANISTIC LOW-RESPONSE CONTROL,Platelet activation/aggregates,No detectable platelet effects in Slingsby conditions.,Mechanistic negative control,No clinical safety inference.,PROVISIONAL,https://doi.org/10.3324/haematol.2020.260059
CTRL-TMB-008,ODN 2395-PS,OLG-TMB-007,HUMAN MECHANISTIC POSITIVE CONTROL,Platelet activation/GPVI,Strong platelet activation and GPVI binding.,Mechanistic positive control,Not a clinical thrombocytopenia label.,PROVISIONAL,https://doi.org/10.3324/haematol.2020.260059
CTRL-TMB-009,ODN 2395-PO,OLG-TMB-042,MATCHED BACKBONE CONTROL,Platelet activation/GPVI,Strongly attenuated versus same-sequence PS construct.,Backbone-specific mechanistic control,Do not infer universal safety of phosphodiester oligos.,PROVISIONAL,https://doi.org/10.1371/journal.pone.0187574
CTRL-TMB-010,AC8-LNA-PS,OLG-TMB-039,MATCHED CHEMISTRY MITIGATION CONTROL,Platelet activation/GPVI/PF4,Attenuated relative to same-sequence AC8-PS in the tested scaffold.,Scaffold-specific mitigation control,Do not generalize that LNA is universally protective.,PROVISIONAL,https://doi.org/10.1371/journal.pone.0187574
CTRL-TMB-011,Pooled placebo,NA,CLINICAL COMPARATOR,Platelet decline incidence,Valid pooled comparator without an oligo sequence.,Pooled descriptive baseline,Cannot train a sequence model.,APPROVED FOR AGGREGATE USE,https://doi.org/10.1089/nat.2016.0650
CTRL-TMB-012,ARC1779,OLG-TMB-045,INTENDED PHARMACOLOGY / THERAPEUTIC CORRECTION,VWF inhibition and platelet-count improvement,In type 2B VWD platelet counts rose from median 40 to maximum 146 ×10^9/L.,Ontology and therapeutic-control example,Not a thrombocytopenia negative or safety label.,APPROVED SUPPORT ONLY,https://pubmed.ncbi.nlm.nih.gov/22740102/
