Pooled_Record_ID,Source_Table,Panel,Population_or_Treatment,Dose_Band_mg_week,Endpoint,Denominator_N,Event_N,Event_Pct,Analysis_Unit,Interpretation,Source_Location,Source_URL,Scientist_Use_Rule
CPC-TMB-001,Table 3,Panel A,Placebo,,"Confirmed nadir: LLN to <100,000/µL",749,13,1.7356475300400533,participants,Pooled threshold count; not a per-sequence label.,Table 3A,https://doi.org/10.1089/nat.2016.0650,Use for class/dose descriptive context only.
CPC-TMB-002,Table 3,Panel A,Placebo,,"Confirmed nadir: 75,000 to <100,000/µL",749,0,0,participants,Pooled threshold count; not a per-sequence label.,Table 3A,https://doi.org/10.1089/nat.2016.0650,Use for class/dose descriptive context only.
CPC-TMB-003,Table 3,Panel A,Placebo,,"Confirmed nadir: 50,000 to <75,000/µL",749,1,0.13351134846461948,participants,Pooled threshold count; not a per-sequence label.,Table 3A,https://doi.org/10.1089/nat.2016.0650,Use for class/dose descriptive context only.
CPC-TMB-004,Table 3,Panel A,Placebo,,"Confirmed nadir: 25,000 to <50,000/µL",749,0,0,participants,Pooled threshold count; not a per-sequence label.,Table 3A,https://doi.org/10.1089/nat.2016.0650,Use for class/dose descriptive context only.
CPC-TMB-005,Table 3,Panel A,Placebo,,"Confirmed nadir: <25,000/µL",749,0,0,participants,Pooled threshold count; not a per-sequence label.,Table 3A,https://doi.org/10.1089/nat.2016.0650,Use for class/dose descriptive context only.
CPC-TMB-006,Table 3,Panel A,ASO total,All doses,"Confirmed nadir: LLN to <100,000/µL",2249,109,4.846598488216985,participants,Pooled threshold count; not a per-sequence label.,Table 3A,https://doi.org/10.1089/nat.2016.0650,Use for class/dose descriptive context only.
CPC-TMB-007,Table 3,Panel A,ASO total,All doses,"Confirmed nadir: 75,000 to <100,000/µL",2249,6,0.2667852378835038,participants,Pooled threshold count; not a per-sequence label.,Table 3A,https://doi.org/10.1089/nat.2016.0650,Use for class/dose descriptive context only.
CPC-TMB-008,Table 3,Panel A,ASO total,All doses,"Confirmed nadir: 50,000 to <75,000/µL",2249,1,0.044464206313917294,participants,Pooled threshold count; not a per-sequence label.,Table 3A,https://doi.org/10.1089/nat.2016.0650,Use for class/dose descriptive context only.
CPC-TMB-009,Table 3,Panel A,ASO total,All doses,"Confirmed nadir: 25,000 to <50,000/µL",2249,0,0,participants,Pooled threshold count; not a per-sequence label.,Table 3A,https://doi.org/10.1089/nat.2016.0650,Use for class/dose descriptive context only.
CPC-TMB-010,Table 3,Panel A,ASO total,All doses,"Confirmed nadir: <25,000/µL",2249,0,0,participants,Pooled threshold count; not a per-sequence label.,Table 3A,https://doi.org/10.1089/nat.2016.0650,Use for class/dose descriptive context only.
CPC-TMB-011,Table 3,Panel A,>0-75,>0-75,"Confirmed nadir: LLN to <100,000/µL",158,1,0.6329113924050633,participants,Pooled threshold count; not a per-sequence label.,Table 3A,https://doi.org/10.1089/nat.2016.0650,Use for class/dose descriptive context only.
CPC-TMB-012,Table 3,Panel A,>0-75,>0-75,"Confirmed nadir: 75,000 to <100,000/µL",158,0,0,participants,Pooled threshold count; not a per-sequence label.,Table 3A,https://doi.org/10.1089/nat.2016.0650,Use for class/dose descriptive context only.
CPC-TMB-013,Table 3,Panel A,>0-75,>0-75,"Confirmed nadir: 50,000 to <75,000/µL",158,0,0,participants,Pooled threshold count; not a per-sequence label.,Table 3A,https://doi.org/10.1089/nat.2016.0650,Use for class/dose descriptive context only.
CPC-TMB-014,Table 3,Panel A,>0-75,>0-75,"Confirmed nadir: 25,000 to <50,000/µL",158,0,0,participants,Pooled threshold count; not a per-sequence label.,Table 3A,https://doi.org/10.1089/nat.2016.0650,Use for class/dose descriptive context only.
CPC-TMB-015,Table 3,Panel A,>0-75,>0-75,"Confirmed nadir: <25,000/µL",158,0,0,participants,Pooled threshold count; not a per-sequence label.,Table 3A,https://doi.org/10.1089/nat.2016.0650,Use for class/dose descriptive context only.
CPC-TMB-016,Table 3,Panel A,>75-175,>75-175,"Confirmed nadir: LLN to <100,000/µL",344,6,1.744186046511628,participants,Pooled threshold count; not a per-sequence label.,Table 3A,https://doi.org/10.1089/nat.2016.0650,Use for class/dose descriptive context only.
CPC-TMB-017,Table 3,Panel A,>75-175,>75-175,"Confirmed nadir: 75,000 to <100,000/µL",344,0,0,participants,Pooled threshold count; not a per-sequence label.,Table 3A,https://doi.org/10.1089/nat.2016.0650,Use for class/dose descriptive context only.
CPC-TMB-018,Table 3,Panel A,>75-175,>75-175,"Confirmed nadir: 50,000 to <75,000/µL",344,0,0,participants,Pooled threshold count; not a per-sequence label.,Table 3A,https://doi.org/10.1089/nat.2016.0650,Use for class/dose descriptive context only.
CPC-TMB-019,Table 3,Panel A,>75-175,>75-175,"Confirmed nadir: 25,000 to <50,000/µL",344,0,0,participants,Pooled threshold count; not a per-sequence label.,Table 3A,https://doi.org/10.1089/nat.2016.0650,Use for class/dose descriptive context only.
CPC-TMB-020,Table 3,Panel A,>75-175,>75-175,"Confirmed nadir: <25,000/µL",344,0,0,participants,Pooled threshold count; not a per-sequence label.,Table 3A,https://doi.org/10.1089/nat.2016.0650,Use for class/dose descriptive context only.
CPC-TMB-021,Table 3,Panel A,>175-275,>175-275,"Confirmed nadir: LLN to <100,000/µL",1231,68,5.523964256701868,participants,Pooled threshold count; not a per-sequence label.,Table 3A,https://doi.org/10.1089/nat.2016.0650,Use for class/dose descriptive context only.
CPC-TMB-022,Table 3,Panel A,>175-275,>175-275,"Confirmed nadir: 75,000 to <100,000/µL",1231,4,0.3249390739236393,participants,Pooled threshold count; not a per-sequence label.,Table 3A,https://doi.org/10.1089/nat.2016.0650,Use for class/dose descriptive context only.
CPC-TMB-023,Table 3,Panel A,>175-275,>175-275,"Confirmed nadir: 50,000 to <75,000/µL",1231,0,0,participants,Pooled threshold count; not a per-sequence label.,Table 3A,https://doi.org/10.1089/nat.2016.0650,Use for class/dose descriptive context only.
CPC-TMB-024,Table 3,Panel A,>175-275,>175-275,"Confirmed nadir: 25,000 to <50,000/µL",1231,0,0,participants,Pooled threshold count; not a per-sequence label.,Table 3A,https://doi.org/10.1089/nat.2016.0650,Use for class/dose descriptive context only.
CPC-TMB-025,Table 3,Panel A,>175-275,>175-275,"Confirmed nadir: <25,000/µL",1231,0,0,participants,Pooled threshold count; not a per-sequence label.,Table 3A,https://doi.org/10.1089/nat.2016.0650,Use for class/dose descriptive context only.
CPC-TMB-026,Table 3,Panel A,>275-375,>275-375,"Confirmed nadir: LLN to <100,000/µL",257,17,6.614785992217899,participants,Pooled threshold count; not a per-sequence label.,Table 3A,https://doi.org/10.1089/nat.2016.0650,Use for class/dose descriptive context only.
CPC-TMB-027,Table 3,Panel A,>275-375,>275-375,"Confirmed nadir: 75,000 to <100,000/µL",257,1,0.38910505836575876,participants,Pooled threshold count; not a per-sequence label.,Table 3A,https://doi.org/10.1089/nat.2016.0650,Use for class/dose descriptive context only.
CPC-TMB-028,Table 3,Panel A,>275-375,>275-375,"Confirmed nadir: 50,000 to <75,000/µL",257,0,0,participants,Pooled threshold count; not a per-sequence label.,Table 3A,https://doi.org/10.1089/nat.2016.0650,Use for class/dose descriptive context only.
CPC-TMB-029,Table 3,Panel A,>275-375,>275-375,"Confirmed nadir: 25,000 to <50,000/µL",257,0,0,participants,Pooled threshold count; not a per-sequence label.,Table 3A,https://doi.org/10.1089/nat.2016.0650,Use for class/dose descriptive context only.
CPC-TMB-030,Table 3,Panel A,>275-375,>275-375,"Confirmed nadir: <25,000/µL",257,0,0,participants,Pooled threshold count; not a per-sequence label.,Table 3A,https://doi.org/10.1089/nat.2016.0650,Use for class/dose descriptive context only.
CPC-TMB-031,Table 3,Panel A,>375-475,>375-475,"Confirmed nadir: LLN to <100,000/µL",219,14,6.392694063926941,participants,Pooled threshold count; not a per-sequence label.,Table 3A,https://doi.org/10.1089/nat.2016.0650,Use for class/dose descriptive context only.
CPC-TMB-032,Table 3,Panel A,>375-475,>375-475,"Confirmed nadir: 75,000 to <100,000/µL",219,1,0.45662100456621,participants,Pooled threshold count; not a per-sequence label.,Table 3A,https://doi.org/10.1089/nat.2016.0650,Use for class/dose descriptive context only.
CPC-TMB-033,Table 3,Panel A,>375-475,>375-475,"Confirmed nadir: 50,000 to <75,000/µL",219,1,0.45662100456621,participants,Pooled threshold count; not a per-sequence label.,Table 3A,https://doi.org/10.1089/nat.2016.0650,Use for class/dose descriptive context only.
CPC-TMB-034,Table 3,Panel A,>375-475,>375-475,"Confirmed nadir: 25,000 to <50,000/µL",219,0,0,participants,Pooled threshold count; not a per-sequence label.,Table 3A,https://doi.org/10.1089/nat.2016.0650,Use for class/dose descriptive context only.
CPC-TMB-035,Table 3,Panel A,>375-475,>375-475,"Confirmed nadir: <25,000/µL",219,0,0,participants,Pooled threshold count; not a per-sequence label.,Table 3A,https://doi.org/10.1089/nat.2016.0650,Use for class/dose descriptive context only.
CPC-TMB-036,Table 3,Panel A,>475,>475,"Confirmed nadir: LLN to <100,000/µL",40,3,7.5,participants,Pooled threshold count; not a per-sequence label.,Table 3A,https://doi.org/10.1089/nat.2016.0650,Use for class/dose descriptive context only.
CPC-TMB-037,Table 3,Panel A,>475,>475,"Confirmed nadir: 75,000 to <100,000/µL",40,0,0,participants,Pooled threshold count; not a per-sequence label.,Table 3A,https://doi.org/10.1089/nat.2016.0650,Use for class/dose descriptive context only.
CPC-TMB-038,Table 3,Panel A,>475,>475,"Confirmed nadir: 50,000 to <75,000/µL",40,0,0,participants,Pooled threshold count; not a per-sequence label.,Table 3A,https://doi.org/10.1089/nat.2016.0650,Use for class/dose descriptive context only.
CPC-TMB-039,Table 3,Panel A,>475,>475,"Confirmed nadir: 25,000 to <50,000/µL",40,0,0,participants,Pooled threshold count; not a per-sequence label.,Table 3A,https://doi.org/10.1089/nat.2016.0650,Use for class/dose descriptive context only.
CPC-TMB-040,Table 3,Panel A,>475,>475,"Confirmed nadir: <25,000/µL",40,0,0,participants,Pooled threshold count; not a per-sequence label.,Table 3A,https://doi.org/10.1089/nat.2016.0650,Use for class/dose descriptive context only.
CPC-TMB-041,Table 3,Panel B - relative,Placebo,,Confirmed decline <0.7× baseline (>30%),777,13,1.673101673101673,participants,Pooled relative-decline count; dose-associated pattern.,Table 3B,https://doi.org/10.1089/nat.2016.0650,Do not infer which sequence produced the event.
CPC-TMB-042,Table 3,Panel B - relative,Placebo,,Confirmed decline <0.5× baseline (>50%),777,2,0.2574002574002574,participants,Pooled relative-decline count; dose-associated pattern.,Table 3B,https://doi.org/10.1089/nat.2016.0650,Do not infer which sequence produced the event.
CPC-TMB-043,Table 3,Panel B - relative,ASO total,All doses,Confirmed decline <0.7× baseline (>30%),2363,205,8.6754126110876,participants,Pooled relative-decline count; dose-associated pattern.,Table 3B,https://doi.org/10.1089/nat.2016.0650,Do not infer which sequence produced the event.
CPC-TMB-044,Table 3,Panel B - relative,ASO total,All doses,Confirmed decline <0.5× baseline (>50%),2363,20,0.8463817181548878,participants,Pooled relative-decline count; dose-associated pattern.,Table 3B,https://doi.org/10.1089/nat.2016.0650,Do not infer which sequence produced the event.
CPC-TMB-045,Table 3,Panel B - relative,>0-75,>0-75,Confirmed decline <0.7× baseline (>30%),161,2,1.2422360248447204,participants,Pooled relative-decline count; dose-associated pattern.,Table 3B,https://doi.org/10.1089/nat.2016.0650,Do not infer which sequence produced the event.
CPC-TMB-046,Table 3,Panel B - relative,>0-75,>0-75,Confirmed decline <0.5× baseline (>50%),161,0,0,participants,Pooled relative-decline count; dose-associated pattern.,Table 3B,https://doi.org/10.1089/nat.2016.0650,Do not infer which sequence produced the event.
CPC-TMB-047,Table 3,Panel B - relative,>75-175,>75-175,Confirmed decline <0.7× baseline (>30%),361,10,2.7700831024930745,participants,Pooled relative-decline count; dose-associated pattern.,Table 3B,https://doi.org/10.1089/nat.2016.0650,Do not infer which sequence produced the event.
CPC-TMB-048,Table 3,Panel B - relative,>75-175,>75-175,Confirmed decline <0.5× baseline (>50%),361,0,0,participants,Pooled relative-decline count; dose-associated pattern.,Table 3B,https://doi.org/10.1089/nat.2016.0650,Do not infer which sequence produced the event.
CPC-TMB-049,Table 3,Panel B - relative,>175-275,>175-275,Confirmed decline <0.7× baseline (>30%),1300,121,9.307692307692307,participants,Pooled relative-decline count; dose-associated pattern.,Table 3B,https://doi.org/10.1089/nat.2016.0650,Do not infer which sequence produced the event.
CPC-TMB-050,Table 3,Panel B - relative,>175-275,>175-275,Confirmed decline <0.5× baseline (>50%),1300,10,0.7692307692307693,participants,Pooled relative-decline count; dose-associated pattern.,Table 3B,https://doi.org/10.1089/nat.2016.0650,Do not infer which sequence produced the event.
CPC-TMB-051,Table 3,Panel B - relative,>275-375,>275-375,Confirmed decline <0.7× baseline (>30%),267,37,13.857677902621724,participants,Pooled relative-decline count; dose-associated pattern.,Table 3B,https://doi.org/10.1089/nat.2016.0650,Do not infer which sequence produced the event.
CPC-TMB-052,Table 3,Panel B - relative,>275-375,>275-375,Confirmed decline <0.5× baseline (>50%),267,1,0.37453183520599254,participants,Pooled relative-decline count; dose-associated pattern.,Table 3B,https://doi.org/10.1089/nat.2016.0650,Do not infer which sequence produced the event.
CPC-TMB-053,Table 3,Panel B - relative,>375-475,>375-475,Confirmed decline <0.7× baseline (>30%),233,31,13.304721030042918,participants,Pooled relative-decline count; dose-associated pattern.,Table 3B,https://doi.org/10.1089/nat.2016.0650,Do not infer which sequence produced the event.
CPC-TMB-054,Table 3,Panel B - relative,>375-475,>375-475,Confirmed decline <0.5× baseline (>50%),233,9,3.862660944206009,participants,Pooled relative-decline count; dose-associated pattern.,Table 3B,https://doi.org/10.1089/nat.2016.0650,Do not infer which sequence produced the event.
CPC-TMB-055,Table 3,Panel B - relative,>475,>475,Confirmed decline <0.7× baseline (>30%),41,4,9.75609756097561,participants,Pooled relative-decline count; dose-associated pattern.,Table 3B,https://doi.org/10.1089/nat.2016.0650,Do not infer which sequence produced the event.
CPC-TMB-056,Table 3,Panel B - relative,>475,>475,Confirmed decline <0.5× baseline (>50%),41,0,0,participants,Pooled relative-decline count; dose-associated pattern.,Table 3B,https://doi.org/10.1089/nat.2016.0650,Do not infer which sequence produced the event.
CPC-TMB-057,Table 3,Panel B - absolute,Placebo,,"Confirmed platelet count <75,000/µL",777,1,0.1287001287001287,participants,Pooled absolute-threshold count; denominator differs by evaluable analysis set.,Table 3B,https://doi.org/10.1089/nat.2016.0650,Keep analysis-specific denominator; no silent denominator harmonization.
CPC-TMB-058,Table 3,Panel B - absolute,Placebo,,"Confirmed platelet count <50,000/µL",777,0,0,participants,Pooled absolute-threshold count; denominator differs by evaluable analysis set.,Table 3B,https://doi.org/10.1089/nat.2016.0650,Keep analysis-specific denominator; no silent denominator harmonization.
CPC-TMB-059,Table 3,Panel B - absolute,ASO total,All doses,"Confirmed platelet count <75,000/µL",2368,4,0.16891891891891891,participants,Pooled absolute-threshold count; denominator differs by evaluable analysis set.,Table 3B,https://doi.org/10.1089/nat.2016.0650,Keep analysis-specific denominator; no silent denominator harmonization.
CPC-TMB-060,Table 3,Panel B - absolute,ASO total,All doses,"Confirmed platelet count <50,000/µL",2368,0,0,participants,Pooled absolute-threshold count; denominator differs by evaluable analysis set.,Table 3B,https://doi.org/10.1089/nat.2016.0650,Keep analysis-specific denominator; no silent denominator harmonization.
CPC-TMB-061,Table 3,Panel B - absolute,>0-75,>0-75,"Confirmed platelet count <75,000/µL",161,0,0,participants,Pooled absolute-threshold count; denominator differs by evaluable analysis set.,Table 3B,https://doi.org/10.1089/nat.2016.0650,Keep analysis-specific denominator; no silent denominator harmonization.
CPC-TMB-062,Table 3,Panel B - absolute,>0-75,>0-75,"Confirmed platelet count <50,000/µL",161,0,0,participants,Pooled absolute-threshold count; denominator differs by evaluable analysis set.,Table 3B,https://doi.org/10.1089/nat.2016.0650,Keep analysis-specific denominator; no silent denominator harmonization.
CPC-TMB-063,Table 3,Panel B - absolute,>75-175,>75-175,"Confirmed platelet count <75,000/µL",362,0,0,participants,Pooled absolute-threshold count; denominator differs by evaluable analysis set.,Table 3B,https://doi.org/10.1089/nat.2016.0650,Keep analysis-specific denominator; no silent denominator harmonization.
CPC-TMB-064,Table 3,Panel B - absolute,>75-175,>75-175,"Confirmed platelet count <50,000/µL",362,0,0,participants,Pooled absolute-threshold count; denominator differs by evaluable analysis set.,Table 3B,https://doi.org/10.1089/nat.2016.0650,Keep analysis-specific denominator; no silent denominator harmonization.
CPC-TMB-065,Table 3,Panel B - absolute,>175-275,>175-275,"Confirmed platelet count <75,000/µL",1303,1,0.07674597083653108,participants,Pooled absolute-threshold count; denominator differs by evaluable analysis set.,Table 3B,https://doi.org/10.1089/nat.2016.0650,Keep analysis-specific denominator; no silent denominator harmonization.
CPC-TMB-066,Table 3,Panel B - absolute,>175-275,>175-275,"Confirmed platelet count <50,000/µL",1303,0,0,participants,Pooled absolute-threshold count; denominator differs by evaluable analysis set.,Table 3B,https://doi.org/10.1089/nat.2016.0650,Keep analysis-specific denominator; no silent denominator harmonization.
CPC-TMB-067,Table 3,Panel B - absolute,>275-375,>275-375,"Confirmed platelet count <75,000/µL",267,1,0.37453183520599254,participants,Pooled absolute-threshold count; denominator differs by evaluable analysis set.,Table 3B,https://doi.org/10.1089/nat.2016.0650,Keep analysis-specific denominator; no silent denominator harmonization.
CPC-TMB-068,Table 3,Panel B - absolute,>275-375,>275-375,"Confirmed platelet count <50,000/µL",267,0,0,participants,Pooled absolute-threshold count; denominator differs by evaluable analysis set.,Table 3B,https://doi.org/10.1089/nat.2016.0650,Keep analysis-specific denominator; no silent denominator harmonization.
CPC-TMB-069,Table 3,Panel B - absolute,>375-475,>375-475,"Confirmed platelet count <75,000/µL",234,1,0.4273504273504274,participants,Pooled absolute-threshold count; denominator differs by evaluable analysis set.,Table 3B,https://doi.org/10.1089/nat.2016.0650,Keep analysis-specific denominator; no silent denominator harmonization.
CPC-TMB-070,Table 3,Panel B - absolute,>375-475,>375-475,"Confirmed platelet count <50,000/µL",234,0,0,participants,Pooled absolute-threshold count; denominator differs by evaluable analysis set.,Table 3B,https://doi.org/10.1089/nat.2016.0650,Keep analysis-specific denominator; no silent denominator harmonization.
CPC-TMB-071,Table 3,Panel B - absolute,>475,>475,"Confirmed platelet count <75,000/µL",41,1,2.4390243902439024,participants,Pooled absolute-threshold count; denominator differs by evaluable analysis set.,Table 3B,https://doi.org/10.1089/nat.2016.0650,Keep analysis-specific denominator; no silent denominator harmonization.
CPC-TMB-072,Table 3,Panel B - absolute,>475,>475,"Confirmed platelet count <50,000/µL",41,0,0,participants,Pooled absolute-threshold count; denominator differs by evaluable analysis set.,Table 3B,https://doi.org/10.1089/nat.2016.0650,Keep analysis-specific denominator; no silent denominator harmonization.
CPC-TMB-073,Table 4,Mipomersen subset,Total phase 3 RCT - Placebo,200 mg/week or study regimen,"Confirmed nadir: LLN to <100,000/µL",221,6,2.7149321266968327,participants,"Treatment-specific phase 3 comparator data; mipomersen remains a low-incidence comparator, not a clean negative.",Table 4,https://doi.org/10.1089/nat.2016.0650,May support comparator modeling only with study context attached.
CPC-TMB-074,Table 4,Mipomersen subset,Total phase 3 RCT - Placebo,200 mg/week or study regimen,"Confirmed nadir: 75,000 to <100,000/µL",221,0,0,participants,"Treatment-specific phase 3 comparator data; mipomersen remains a low-incidence comparator, not a clean negative.",Table 4,https://doi.org/10.1089/nat.2016.0650,May support comparator modeling only with study context attached.
CPC-TMB-075,Table 4,Mipomersen subset,Total phase 3 RCT - Placebo,200 mg/week or study regimen,"Confirmed nadir: 50,000 to <75,000/µL",221,0,0,participants,"Treatment-specific phase 3 comparator data; mipomersen remains a low-incidence comparator, not a clean negative.",Table 4,https://doi.org/10.1089/nat.2016.0650,May support comparator modeling only with study context attached.
CPC-TMB-076,Table 4,Mipomersen subset,Total phase 3 RCT - Placebo,200 mg/week or study regimen,"Confirmed nadir: 25,000 to <50,000/µL",221,0,0,participants,"Treatment-specific phase 3 comparator data; mipomersen remains a low-incidence comparator, not a clean negative.",Table 4,https://doi.org/10.1089/nat.2016.0650,May support comparator modeling only with study context attached.
CPC-TMB-077,Table 4,Mipomersen subset,Total phase 3 RCT - Placebo,200 mg/week or study regimen,"Confirmed nadir: <25,000/µL",221,0,0,participants,"Treatment-specific phase 3 comparator data; mipomersen remains a low-incidence comparator, not a clean negative.",Table 4,https://doi.org/10.1089/nat.2016.0650,May support comparator modeling only with study context attached.
CPC-TMB-078,Table 4,Mipomersen subset,Total phase 3 RCT - Mipomersen,200 mg/week or study regimen,"Confirmed nadir: LLN to <100,000/µL",433,27,6.235565819861432,participants,"Treatment-specific phase 3 comparator data; mipomersen remains a low-incidence comparator, not a clean negative.",Table 4,https://doi.org/10.1089/nat.2016.0650,May support comparator modeling only with study context attached.
CPC-TMB-079,Table 4,Mipomersen subset,Total phase 3 RCT - Mipomersen,200 mg/week or study regimen,"Confirmed nadir: 75,000 to <100,000/µL",433,1,0.23094688221709006,participants,"Treatment-specific phase 3 comparator data; mipomersen remains a low-incidence comparator, not a clean negative.",Table 4,https://doi.org/10.1089/nat.2016.0650,May support comparator modeling only with study context attached.
CPC-TMB-080,Table 4,Mipomersen subset,Total phase 3 RCT - Mipomersen,200 mg/week or study regimen,"Confirmed nadir: 50,000 to <75,000/µL",433,0,0,participants,"Treatment-specific phase 3 comparator data; mipomersen remains a low-incidence comparator, not a clean negative.",Table 4,https://doi.org/10.1089/nat.2016.0650,May support comparator modeling only with study context attached.
CPC-TMB-081,Table 4,Mipomersen subset,Total phase 3 RCT - Mipomersen,200 mg/week or study regimen,"Confirmed nadir: 25,000 to <50,000/µL",433,0,0,participants,"Treatment-specific phase 3 comparator data; mipomersen remains a low-incidence comparator, not a clean negative.",Table 4,https://doi.org/10.1089/nat.2016.0650,May support comparator modeling only with study context attached.
CPC-TMB-082,Table 4,Mipomersen subset,Total phase 3 RCT - Mipomersen,200 mg/week or study regimen,"Confirmed nadir: <25,000/µL",433,0,0,participants,"Treatment-specific phase 3 comparator data; mipomersen remains a low-incidence comparator, not a clean negative.",Table 4,https://doi.org/10.1089/nat.2016.0650,May support comparator modeling only with study context attached.
CPC-TMB-083,Table 4,Mipomersen subset,6-month phase 3 RCT - Placebo,200 mg/week or study regimen,"Confirmed nadir: LLN to <100,000/µL",121,5,4.132231404958678,participants,"Treatment-specific phase 3 comparator data; mipomersen remains a low-incidence comparator, not a clean negative.",Table 4,https://doi.org/10.1089/nat.2016.0650,May support comparator modeling only with study context attached.
CPC-TMB-084,Table 4,Mipomersen subset,6-month phase 3 RCT - Placebo,200 mg/week or study regimen,"Confirmed nadir: 75,000 to <100,000/µL",121,0,0,participants,"Treatment-specific phase 3 comparator data; mipomersen remains a low-incidence comparator, not a clean negative.",Table 4,https://doi.org/10.1089/nat.2016.0650,May support comparator modeling only with study context attached.
CPC-TMB-085,Table 4,Mipomersen subset,6-month phase 3 RCT - Placebo,200 mg/week or study regimen,"Confirmed nadir: 50,000 to <75,000/µL",121,0,0,participants,"Treatment-specific phase 3 comparator data; mipomersen remains a low-incidence comparator, not a clean negative.",Table 4,https://doi.org/10.1089/nat.2016.0650,May support comparator modeling only with study context attached.
CPC-TMB-086,Table 4,Mipomersen subset,6-month phase 3 RCT - Placebo,200 mg/week or study regimen,"Confirmed nadir: 25,000 to <50,000/µL",121,0,0,participants,"Treatment-specific phase 3 comparator data; mipomersen remains a low-incidence comparator, not a clean negative.",Table 4,https://doi.org/10.1089/nat.2016.0650,May support comparator modeling only with study context attached.
CPC-TMB-087,Table 4,Mipomersen subset,6-month phase 3 RCT - Placebo,200 mg/week or study regimen,"Confirmed nadir: <25,000/µL",121,0,0,participants,"Treatment-specific phase 3 comparator data; mipomersen remains a low-incidence comparator, not a clean negative.",Table 4,https://doi.org/10.1089/nat.2016.0650,May support comparator modeling only with study context attached.
CPC-TMB-088,Table 4,Mipomersen subset,6-month phase 3 RCT - Mipomersen,200 mg/week or study regimen,"Confirmed nadir: LLN to <100,000/µL",249,16,6.425702811244979,participants,"Treatment-specific phase 3 comparator data; mipomersen remains a low-incidence comparator, not a clean negative.",Table 4,https://doi.org/10.1089/nat.2016.0650,May support comparator modeling only with study context attached.
CPC-TMB-089,Table 4,Mipomersen subset,6-month phase 3 RCT - Mipomersen,200 mg/week or study regimen,"Confirmed nadir: 75,000 to <100,000/µL",249,0,0,participants,"Treatment-specific phase 3 comparator data; mipomersen remains a low-incidence comparator, not a clean negative.",Table 4,https://doi.org/10.1089/nat.2016.0650,May support comparator modeling only with study context attached.
CPC-TMB-090,Table 4,Mipomersen subset,6-month phase 3 RCT - Mipomersen,200 mg/week or study regimen,"Confirmed nadir: 50,000 to <75,000/µL",249,0,0,participants,"Treatment-specific phase 3 comparator data; mipomersen remains a low-incidence comparator, not a clean negative.",Table 4,https://doi.org/10.1089/nat.2016.0650,May support comparator modeling only with study context attached.
CPC-TMB-091,Table 4,Mipomersen subset,6-month phase 3 RCT - Mipomersen,200 mg/week or study regimen,"Confirmed nadir: 25,000 to <50,000/µL",249,0,0,participants,"Treatment-specific phase 3 comparator data; mipomersen remains a low-incidence comparator, not a clean negative.",Table 4,https://doi.org/10.1089/nat.2016.0650,May support comparator modeling only with study context attached.
CPC-TMB-092,Table 4,Mipomersen subset,6-month phase 3 RCT - Mipomersen,200 mg/week or study regimen,"Confirmed nadir: <25,000/µL",249,0,0,participants,"Treatment-specific phase 3 comparator data; mipomersen remains a low-incidence comparator, not a clean negative.",Table 4,https://doi.org/10.1089/nat.2016.0650,May support comparator modeling only with study context attached.
CPC-TMB-093,Table 4,Mipomersen subset,1-year phase 3 RCT - Placebo,200 mg/week or study regimen,"Confirmed nadir: LLN to <100,000/µL",100,1,1,participants,"Treatment-specific phase 3 comparator data; mipomersen remains a low-incidence comparator, not a clean negative.",Table 4,https://doi.org/10.1089/nat.2016.0650,May support comparator modeling only with study context attached.
CPC-TMB-094,Table 4,Mipomersen subset,1-year phase 3 RCT - Placebo,200 mg/week or study regimen,"Confirmed nadir: 75,000 to <100,000/µL",100,0,0,participants,"Treatment-specific phase 3 comparator data; mipomersen remains a low-incidence comparator, not a clean negative.",Table 4,https://doi.org/10.1089/nat.2016.0650,May support comparator modeling only with study context attached.
CPC-TMB-095,Table 4,Mipomersen subset,1-year phase 3 RCT - Placebo,200 mg/week or study regimen,"Confirmed nadir: 50,000 to <75,000/µL",100,0,0,participants,"Treatment-specific phase 3 comparator data; mipomersen remains a low-incidence comparator, not a clean negative.",Table 4,https://doi.org/10.1089/nat.2016.0650,May support comparator modeling only with study context attached.
CPC-TMB-096,Table 4,Mipomersen subset,1-year phase 3 RCT - Placebo,200 mg/week or study regimen,"Confirmed nadir: 25,000 to <50,000/µL",100,0,0,participants,"Treatment-specific phase 3 comparator data; mipomersen remains a low-incidence comparator, not a clean negative.",Table 4,https://doi.org/10.1089/nat.2016.0650,May support comparator modeling only with study context attached.
CPC-TMB-097,Table 4,Mipomersen subset,1-year phase 3 RCT - Placebo,200 mg/week or study regimen,"Confirmed nadir: <25,000/µL",100,0,0,participants,"Treatment-specific phase 3 comparator data; mipomersen remains a low-incidence comparator, not a clean negative.",Table 4,https://doi.org/10.1089/nat.2016.0650,May support comparator modeling only with study context attached.
CPC-TMB-098,Table 4,Mipomersen subset,1-year phase 3 RCT - Mipomersen,200 mg/week or study regimen,"Confirmed nadir: LLN to <100,000/µL",184,11,5.978260869565218,participants,"Treatment-specific phase 3 comparator data; mipomersen remains a low-incidence comparator, not a clean negative.",Table 4,https://doi.org/10.1089/nat.2016.0650,May support comparator modeling only with study context attached.
CPC-TMB-099,Table 4,Mipomersen subset,1-year phase 3 RCT - Mipomersen,200 mg/week or study regimen,"Confirmed nadir: 75,000 to <100,000/µL",184,1,0.5434782608695652,participants,"Treatment-specific phase 3 comparator data; mipomersen remains a low-incidence comparator, not a clean negative.",Table 4,https://doi.org/10.1089/nat.2016.0650,May support comparator modeling only with study context attached.
CPC-TMB-100,Table 4,Mipomersen subset,1-year phase 3 RCT - Mipomersen,200 mg/week or study regimen,"Confirmed nadir: 50,000 to <75,000/µL",184,0,0,participants,"Treatment-specific phase 3 comparator data; mipomersen remains a low-incidence comparator, not a clean negative.",Table 4,https://doi.org/10.1089/nat.2016.0650,May support comparator modeling only with study context attached.
CPC-TMB-101,Table 4,Mipomersen subset,1-year phase 3 RCT - Mipomersen,200 mg/week or study regimen,"Confirmed nadir: 25,000 to <50,000/µL",184,0,0,participants,"Treatment-specific phase 3 comparator data; mipomersen remains a low-incidence comparator, not a clean negative.",Table 4,https://doi.org/10.1089/nat.2016.0650,May support comparator modeling only with study context attached.
CPC-TMB-102,Table 4,Mipomersen subset,1-year phase 3 RCT - Mipomersen,200 mg/week or study regimen,"Confirmed nadir: <25,000/µL",184,0,0,participants,"Treatment-specific phase 3 comparator data; mipomersen remains a low-incidence comparator, not a clean negative.",Table 4,https://doi.org/10.1089/nat.2016.0650,May support comparator modeling only with study context attached.
CPC-TMB-103,Table 5,ASO-program analysis,Placebo,,ASOs with >10% incidence of confirmed >30% platelet decline,16,0,0,ASO programs,Program-level sequence/dose signal; shows heterogeneity across ASOs.,Table 5,https://doi.org/10.1089/nat.2016.0650,Use to justify sequence-aware modeling; not a compound identity label.
CPC-TMB-104,Table 5,ASO-program analysis,ASO total,All doses,ASOs with >10% incidence of confirmed >30% platelet decline,16,3,18.75,ASO programs,Program-level sequence/dose signal; shows heterogeneity across ASOs.,Table 5,https://doi.org/10.1089/nat.2016.0650,Use to justify sequence-aware modeling; not a compound identity label.
CPC-TMB-105,Table 5,ASO-program analysis,>0-75,>0-75,ASOs with >10% incidence of confirmed >30% platelet decline,16,0,0,ASO programs,Program-level sequence/dose signal; shows heterogeneity across ASOs.,Table 5,https://doi.org/10.1089/nat.2016.0650,Use to justify sequence-aware modeling; not a compound identity label.
CPC-TMB-106,Table 5,ASO-program analysis,>75-175,>75-175,ASOs with >10% incidence of confirmed >30% platelet decline,16,0,0,ASO programs,Program-level sequence/dose signal; shows heterogeneity across ASOs.,Table 5,https://doi.org/10.1089/nat.2016.0650,Use to justify sequence-aware modeling; not a compound identity label.
CPC-TMB-107,Table 5,ASO-program analysis,>175-275,>175-275,ASOs with >10% incidence of confirmed >30% platelet decline,15,3,20,ASO programs,Program-level sequence/dose signal; shows heterogeneity across ASOs.,Table 5,https://doi.org/10.1089/nat.2016.0650,Use to justify sequence-aware modeling; not a compound identity label.
CPC-TMB-108,Table 5,ASO-program analysis,>275-375,>275-375,ASOs with >10% incidence of confirmed >30% platelet decline,12,3,25,ASO programs,Program-level sequence/dose signal; shows heterogeneity across ASOs.,Table 5,https://doi.org/10.1089/nat.2016.0650,Use to justify sequence-aware modeling; not a compound identity label.
CPC-TMB-109,Table 5,ASO-program analysis,>375-475,>375-475,ASOs with >10% incidence of confirmed >30% platelet decline,15,6,40,ASO programs,Program-level sequence/dose signal; shows heterogeneity across ASOs.,Table 5,https://doi.org/10.1089/nat.2016.0650,Use to justify sequence-aware modeling; not a compound identity label.
CPC-TMB-110,Table 5,ASO-program analysis,>475,>475,ASOs with >10% incidence of confirmed >30% platelet decline,4,2,50,ASO programs,Program-level sequence/dose signal; shows heterogeneity across ASOs.,Table 5,https://doi.org/10.1089/nat.2016.0650,Use to justify sequence-aware modeling; not a compound identity label.
