Panel_ID,Sequence_Record_ID,ISIS_No,Target,Sequence_5to3,Length_nt,Gapmer_Design,Trials,Total_N,ASO_N,Backbone,Cytosine_Modification,Main_Article_Per_Sequence_Status,Cross_Source_v0.4_Label,Confidence,Model_Eligibility,Evidence_Basis,Blocking_Issue,Source_Location,Source_URL
CP-TMB-01,OLG-TMB-018,107248,CD49D,CTGAGTCTGTTTTCCATTCT,20,3-9-8,1,54,36,Full phosphorothioate,All cytosines 5-methylated,Exact sequence/design reported; main article does not provide a complete per-sequence incidence table.,POSSIBLE MILD POSITIVE - secondary report only,LOW-MODERATE,HOLD,Crooke integrated panel plus secondary ATL1102 signal,"Primary clinical denominator, nadirs, and exact outcome table remain unresolved.",Table 1; discussion of moderate thrombocytopenia,https://doi.org/10.1089/nat.2016.0650
CP-TMB-02,OLG-TMB-004,104838,TNF-α,GCTGATTAGAGAGAGGTCCC,20,5-10-5,5,281,212,Full phosphorothioate,All cytosines 5-methylated,Explicit example of time- and dose-dependent platelet declines >30% from baseline.,CLINICAL POSITIVE - phenotype 1 moderate dose-dependent decline,MODERATE-HIGH,PROVISIONAL_POSITIVE_ONLY,Crooke 2017 plus Slingsby 2022 human platelet mechanism,No compound-specific active/comparator event counts are disclosed in the pooled supplement.,Table 1; Figure 1; compound-specific discussion,https://doi.org/10.1089/nat.2016.0650
CP-TMB-03,OLG-TMB-019,113715,PTP1B,GCTCCTTCCACTGATCCTGC,20,5-10-5,9,301,236,Full phosphorothioate,All cytosines 5-methylated,Exact sequence/design and exposure reported; official supplement remains pooled and provides no per-sequence platelet incidence.,UNRESOLVED,LOW,HOLD_PRIMARY_SOURCE,Crooke integrated panel plus official pooled supplement,Official supplement does not map outcomes to individual sequences; recover the relevant primary trial or regulatory safety source.,Table 1; Supplementary Tables S1-S12 pooled only,https://journals.sagepub.com/doi/suppl/10.1089/nat.2016.0650/suppl_file/sj-pdf-1-nat-10.1089_nat.2016.0650.pdf
CP-TMB-04,OLG-TMB-020,301012,APOB,GCCTCAGTCTGCTTCGCACC,20,5-10-5,21,1414,1091,Full phosphorothioate,All cytosines 5-methylated,"Mipomersen phase 3 subset is reported separately; one confirmed 75,000-<100,000/µL event and low-frequency mild declines occurred.",LOW-INCIDENCE COMPARATOR - NOT A CLEAN NEGATIVE,MODERATE,COMPARATOR_ONLY,Crooke Table 4 mipomersen analysis,"Per-sequence baseline, dose, monitoring, and comparator context must remain attached.",Table 1 and Table 4,https://doi.org/10.1089/nat.2016.0650
CP-TMB-05,OLG-TMB-001,304801,APOC3,AGCTTCTTGTCCAGCTTTAT,20,5-10-5,3,136,99,Full phosphorothioate,All cytosines 5-methylated,Included in integrated panel; severe later APPROACH outcomes require separate phase 3 evidence.,CLINICAL POSITIVE - frequent and severe thrombocytopenia,HIGH,PROVISIONAL_POSITIVE_ONLY,Crooke panel + Witztum APPROACH + regulatory chemistry linkage,Pooled supplement does not provide participant-level trajectories.,Table 1; external phase 3 evidence,https://doi.org/10.1089/nat.2016.0650
CP-TMB-06,OLG-TMB-021,329993,CRP,AGCATAGTTAACGAGCTCCC,20,5-10-5,4,173,129,Full phosphorothioate,All cytosines 5-methylated,Exact sequence/design and exposure reported; official supplement remains pooled and provides no per-sequence platelet incidence.,UNRESOLVED,LOW,HOLD_PRIMARY_SOURCE,Crooke integrated panel plus official pooled supplement,Official supplement does not map outcomes to individual sequences; recover the relevant primary trial or regulatory safety source.,Table 1; Supplementary Tables S1-S12 pooled only,https://journals.sagepub.com/doi/suppl/10.1089/nat.2016.0650/suppl_file/sj-pdf-1-nat-10.1089_nat.2016.0650.pdf
CP-TMB-07,OLG-TMB-022,404173,PTP1B,AATGGTTTATTCCATGGCCA,20,5-10-5,2,140,98,Full phosphorothioate,All cytosines 5-methylated,Exact sequence/design reported; integrated paper does not fully disclose the compound-specific event count.,"CLINICAL POSITIVE - phenotype 1 >30% decline; no <75,000/µL",MODERATE-HIGH,PROVISIONAL_POSITIVE_ONLY,Crooke panel + independent Henry 2017 human translational study,Exact active-event count and placebo denominator remain required for quantitative sequence-level modeling.,Table 1; external DOI 10.1089/nat.2017.0666,https://doi.org/10.1089/nat.2016.0650
CP-TMB-08,OLG-TMB-023,416858,FXI,ACGGCATTGGTGCACAGTTT,20,5-10-5,3,408,312,Full phosphorothioate,All cytosines 5-methylated,"Platelet function/bleeding interpretation is tied to intended factor XI pharmacology, not a platelet-count label.",OTHER ENDPOINT - INTENDED ANTICOAGULATION,MODERATE,EXCLUDE_PLATELET_COUNT_MODEL,Crooke integrated panel and FXI clinical discussion,Must remain in coagulation/bleeding lane.,Table 1; FXI discussion,https://doi.org/10.1089/nat.2016.0650
CP-TMB-09,OLG-TMB-031,420915,TTR,TCTTGGTTACATGAAATCCC,20,5-10-5,1,65,51,Full phosphorothioate,All cytosines 5-methylated,Integrated panel predates/does not capture the full later severe NEURO-TTR phenotype.,CLINICAL POSITIVE - rare severe immune-mediated thrombocytopenia,HIGH,PROVISIONAL_POSITIVE_ONLY,Crooke panel + Benson NEURO-TTR,Patient-level trajectories and susceptibility factors remain incomplete.,Table 1; external phase 3 evidence,https://doi.org/10.1089/nat.2016.0650
CP-TMB-10,OLG-TMB-024,426115,GCCR,GCAGCCATGGTGATCAGGAG,20,5-10-5,2,95,65,Full phosphorothioate,All cytosines 5-methylated,Exact sequence/design and exposure reported; official supplement remains pooled and provides no per-sequence platelet incidence.,UNRESOLVED,LOW,HOLD_PRIMARY_SOURCE,Crooke integrated panel plus official pooled supplement,Official supplement does not map outcomes to individual sequences; recover the relevant primary trial or regulatory safety source.,Table 1; Supplementary Tables S1-S12 pooled only,https://journals.sagepub.com/doi/suppl/10.1089/nat.2016.0650/suppl_file/sj-pdf-1-nat-10.1089_nat.2016.0650.pdf
CP-TMB-11,OLG-TMB-025,449884,GCGR,GGTTCCCGAGGTGCCCA,17,3-10-4,2,126,88,Full phosphorothioate,All cytosines 5-methylated,Exact sequence/design and exposure reported; official supplement remains pooled and provides no per-sequence platelet incidence.,UNRESOLVED,LOW,HOLD_PRIMARY_SOURCE,Crooke integrated panel plus official pooled supplement,Official supplement does not map outcomes to individual sequences; recover the relevant primary trial or regulatory safety source.,Table 1; Supplementary Tables S1-S12 pooled only,https://journals.sagepub.com/doi/suppl/10.1089/nat.2016.0650/suppl_file/sj-pdf-1-nat-10.1089_nat.2016.0650.pdf
CP-TMB-12,OLG-TMB-026,463588,FGFR4,GCACACTCAGCAGGACCCCC,20,5-10-5,1,48,36,Full phosphorothioate,All cytosines 5-methylated,Exact sequence/design and exposure reported; official supplement remains pooled and provides no per-sequence platelet incidence.,UNRESOLVED,LOW,HOLD_PRIMARY_SOURCE,Crooke integrated panel plus official pooled supplement,Official supplement does not map outcomes to individual sequences; recover the relevant primary trial or regulatory safety source.,Table 1; Supplementary Tables S1-S12 pooled only,https://journals.sagepub.com/doi/suppl/10.1089/nat.2016.0650/suppl_file/sj-pdf-1-nat-10.1089_nat.2016.0650.pdf
CP-TMB-13,OLG-TMB-027,494372,LPA,TGCTCCGTTGGTGCTTGTTC,20,5-10-5,2,111,72,Full phosphorothioate,All cytosines 5-methylated,Exact sequence/design and exposure reported; official supplement remains pooled and provides no per-sequence platelet incidence.,UNRESOLVED,LOW,HOLD_PRIMARY_SOURCE,Crooke integrated panel plus official pooled supplement,Official supplement does not map outcomes to individual sequences; recover the relevant primary trial or regulatory safety source.,Table 1; Supplementary Tables S1-S12 pooled only,https://journals.sagepub.com/doi/suppl/10.1089/nat.2016.0650/suppl_file/sj-pdf-1-nat-10.1089_nat.2016.0650.pdf
CP-TMB-14,OLG-TMB-028,505358,HBV,GCAGAGGTGAAGCGAAGTGC,20,5-10-5,1,28,21,Full phosphorothioate,All cytosines 5-methylated,Exact sequence/design and exposure reported; official supplement remains pooled and provides no per-sequence platelet incidence.,UNRESOLVED,LOW,HOLD_PRIMARY_SOURCE,Crooke integrated panel plus official pooled supplement,Official supplement does not map outcomes to individual sequences; recover the relevant primary trial or regulatory safety source.,Table 1; Supplementary Tables S1-S12 pooled only,https://journals.sagepub.com/doi/suppl/10.1089/nat.2016.0650/suppl_file/sj-pdf-1-nat-10.1089_nat.2016.0650.pdf
CP-TMB-15,OLG-TMB-029,546254,PKK,TGCAAGTCTCTTGGCAAACA,20,5-10-5,1,49,37,Full phosphorothioate,All cytosines 5-methylated,Exact sequence/design and exposure reported; official supplement remains pooled and provides no per-sequence platelet incidence.,UNRESOLVED,LOW,HOLD_PRIMARY_SOURCE,Crooke integrated panel plus official pooled supplement,Official supplement does not map outcomes to individual sequences; recover the relevant primary trial or regulatory safety source.,Table 1; Supplementary Tables S1-S12 pooled only,https://journals.sagepub.com/doi/suppl/10.1089/nat.2016.0650/suppl_file/sj-pdf-1-nat-10.1089_nat.2016.0650.pdf
CP-TMB-16,OLG-TMB-030,563580,ANGPTL3,GGACATTGCCAGTAATCGCA,20,5-10-5,1,47,35,Full phosphorothioate,All cytosines 5-methylated,Exact sequence/design and exposure reported; official supplement remains pooled and provides no per-sequence platelet incidence.,UNRESOLVED,LOW,HOLD_PRIMARY_SOURCE,Crooke integrated panel plus official pooled supplement,Official supplement does not map outcomes to individual sequences; recover the relevant primary trial or regulatory safety source.,Table 1; Supplementary Tables S1-S12 pooled only,https://journals.sagepub.com/doi/suppl/10.1089/nat.2016.0650/suppl_file/sj-pdf-1-nat-10.1089_nat.2016.0650.pdf
