scientist_record_id,canonical_name,scientist_sequence,match_basis,branch_oligo_id,crosswalk_status,scientist_disposition,clinical_model_eligibility,mechanistic_model_eligibility,exact_sequence_group,position_chemistry_rows,purity_in_scientist_package,scientist_required_action
OLG-TMB-001,Volanesorsen,AGCTTCTTGTCCAGCTTTAT,exact_sequence (sequence+exact_name),TOLG258,retained_matched,PROVISIONALLY_APPROVED_CLINICAL_POSITIVE,PROVISIONAL ONLY,NO,EXACT-APOC3-VOL-OLE,20,,Obtain patient-level trajectories/Supplementary Appendix for individual-level modeling; retain Table 4 aggregate rows now.
OLG-TMB-002,Givosiran,,name_or_alias (single_candidate),TOLG066,retained_matched,EXCLUDE_FROM_PLATELET_COUNT_TRAINING,NO,NO,DUPLEX-GIVOSIRAN-23x21,0,,None for support-only structure documentation; do not promote to platelet-count or mechanistic platelet model.
OLG-TMB-003,487660,CCAGCTCAACCCTTCTTTAA,name_or_alias (single_candidate),TOLG171,retained_matched,PROVISIONALLY_APPROVED_MECHANISTIC_CONTROL,NO,YES,EXACT-5E42B83AB1,20,,Do not equate ex vivo inactivity with complete clinical safety; retain as a mechanistic comparator.
OLG-TMB-004,104838,GCTGATTAGAGAGAGGTCCC,exact_sequence (sequence+alias),TOLG074,retained_matched,PROVISIONALLY_APPROVED_CLINICAL_MODERATE_AND_MECHANISTIC,PROVISIONAL ONLY,YES,EXACT-259366D092,20,,Keep clinical platelet-count decline and ex vivo activation as linked but distinct outcomes.
OLG-TMB-005,501861,TCACAGAATTATCAGCAGTA,name_or_alias (single_candidate),TOLG174,retained_matched,PROVISIONALLY_APPROVED_MECHANISTIC_POSITIVE_CLINICAL_UNKNOWN,NO,YES,EXACT-982E4420B4,20,,Do not assign a clinical thrombocytopenia label without direct human clinical evidence.
OLG-TMB-006,120704,TCGTCGTTTTGTCGTTTTGTCGTT,name_or_alias (single_candidate),TOLG077,retained_matched,PROVISIONALLY_APPROVED_MECHANISTIC_POSITIVE_CONTROL,NO,YES,EXACT-72AD9D480E,24,,"Keep inflammatory cytokines, platelet activation, and platelet-count toxicity as separate endpoints."
OLG-TMB-007,ODN 2395,TCGTCGTTTTCGGCGCGCGCCG,"exact_sequence (single_candidate_chem_vetoed:TOLG242,TOLG243)",TOLG244,retained_matched,PROVISIONALLY_APPROVED_MECHANISTIC_POSITIVE_CONTROL,NO,YES,EXACT-ODN2395-PS-PO,22,,"Use as mechanistic positive control only, not a direct clinical thrombocytopenia label."
OLG-TMB-008,575013,CAGATATAGGACTGGA,,,newly_proposed_by_scientist_absent_from_branch,SUPPORT_ONLY_CROSS_DOMAIN,NO,NO,EXACT-A325E0161B,16,,None for support/exclusion role; do not promote to final clinical ground truth.
OLG-TMB-009,465131,TGCCACCGTAGACACG,,,newly_proposed_by_scientist_absent_from_branch,SUPPORT_ONLY_CROSS_DOMAIN,NO,NO,EXACT-62936CC1DD,16,,None for support/exclusion role; do not promote to final clinical ground truth.
OLG-TMB-010,549139,GACGCGCCTGAAGGTT,,,newly_proposed_by_scientist_absent_from_branch,SUPPORT_ONLY_CROSS_DOMAIN,NO,NO,EXACT-19B2F54D7E,16,,None for support/exclusion role; do not promote to final clinical ground truth.
OLG-TMB-011,549148,GGCTACTACGCCGTCA,,,newly_proposed_by_scientist_absent_from_branch,SUPPORT_ONLY_CROSS_DOMAIN,NO,NO,EXACT-47497CA8FA,16,,None for support/exclusion role; do not promote to final clinical ground truth.
OLG-TMB-012,464932,GGCCACCACGCTGTCA,,,newly_proposed_by_scientist_absent_from_branch,SUPPORT_ONLY_CROSS_DOMAIN,NO,NO,EXACT-68D2C73595,16,,None for support/exclusion role; do not promote to final clinical ground truth.
OLG-TMB-013,449093,TTCAGTCATGACTTCC,,,newly_proposed_by_scientist_absent_from_branch,SUPPORT_ONLY_CROSS_DOMAIN,NO,NO,EXACT-9C7CC9A5A9,16,,None for support/exclusion role; do not promote to final clinical ground truth.
OLG-TMB-014,482050,ATCATGGCTGCAGCTT,,,newly_proposed_by_scientist_absent_from_branch,SUPPORT_ONLY_CROSS_DOMAIN,NO,NO,EXACT-B4BEA5A490,16,,None for support/exclusion role; do not promote to final clinical ground truth.
OLG-TMB-015,508031,TGAGGTCCTGCACTGG,,,newly_proposed_by_scientist_absent_from_branch,SUPPORT_ONLY_CROSS_DOMAIN,NO,NO,EXACT-476AF311C8,16,,None for support/exclusion role; do not promote to final clinical ground truth.
OLG-TMB-016,558807,GCATGTTCTCACATTA,,,newly_proposed_by_scientist_absent_from_branch,SUPPORT_ONLY_CROSS_DOMAIN,NO,NO,EXACT-ED0CAB0875,16,,None for support/exclusion role; do not promote to final clinical ground truth.
OLG-TMB-017,464917,GTCTGTGCATCTCTCC,,,newly_proposed_by_scientist_absent_from_branch,SUPPORT_ONLY_CROSS_DOMAIN,NO,NO,EXACT-F34A7461F0,16,,None for support/exclusion role; do not promote to final clinical ground truth.
OLG-TMB-018,107248,CTGAGTCTGTTTTCCATTCT,exact_sequence (single_candidate),TOLG075,retained_matched,HOLD_PRIMARY_CLINICAL_SOURCE,NO,NO,EXACT-729B09D950,20,,Obtain supplement-level per-sequence platelet outcomes before final supervised training.
OLG-TMB-019,113715,GCTCCTTCCACTGATCCTGC,exact_sequence (single_candidate),TOLG076,retained_matched,HOLD_PER_SEQUENCE_OUTCOME,NO,NO,EXACT-ABDD249D20,20,,Obtain supplement-level per-sequence platelet outcomes before final supervised training.
OLG-TMB-020,301012,GCCTCAGTCTGCTTCGCACC,exact_sequence (single_candidate),TOLG236,retained_matched,PROVISIONAL_CLINICAL_LOW_RISK_COMPARATOR,PROVISIONAL COMPARATOR,NO,EXACT-F2929C5733,20,,Retain the stated restricted role; do not overgeneralize.
OLG-TMB-021,329993,AGCATAGTTAACGAGCTCCC,exact_sequence (single_candidate),TOLG084,retained_matched,HOLD_PER_SEQUENCE_OUTCOME,NO,NO,EXACT-13FA4C711D,20,,Obtain supplement-level per-sequence platelet outcomes before final supervised training.
OLG-TMB-022,404173,AATGGTTTATTCCATGGCCA,exact_sequence (single_candidate),TOLG087,retained_matched,PROVISIONALLY_APPROVED_CLINICAL_POSITIVE,PROVISIONAL - POSITIVE ONLY,NO,EXACT-2D3BC52128,20,,Obtain exact active-event count and placebo denominator for final quantitative modeling.
OLG-TMB-023,416858,ACGGCATTGGTGCACAGTTT,exact_sequence (single_candidate_chem_vetoed:TOLG063),TOLG108,retained_matched,SUPPORT_ONLY_INTENDED_COAGULATION_PHARMACOLOGY,NO,NO,EXACT-B064ABB46C,20,,None for support/exclusion role; do not promote to final clinical ground truth.
OLG-TMB-024,426115,GCAGCCATGGTGATCAGGAG,exact_sequence (single_candidate),TOLG145,retained_matched,HOLD_PER_SEQUENCE_OUTCOME,NO,NO,EXACT-C39D6A2A1C,20,,Obtain supplement-level per-sequence platelet outcomes before final supervised training.
OLG-TMB-025,449884,GGTTCCCGAGGTGCCCA,exact_sequence (single_candidate),TOLG162,retained_matched,HOLD_PER_SEQUENCE_OUTCOME,NO,NO,EXACT-E62F6A11EB,17,,Obtain supplement-level per-sequence platelet outcomes before final supervised training.
OLG-TMB-026,463588,GCACACTCAGCAGGACCCCC,exact_sequence (single_candidate),TOLG169,retained_matched,HOLD_PER_SEQUENCE_OUTCOME,NO,NO,EXACT-877C6A16F0,20,,Obtain supplement-level per-sequence platelet outcomes before final supervised training.
OLG-TMB-027,494372,TGCTCCGTTGGTGCTTGTTC,exact_sequence (sequence+alias),TOLG173,retained_matched,HOLD_PER_SEQUENCE_OUTCOME,NO,NO,EXACT-37BF9A66FA,20,,Obtain supplement-level per-sequence platelet outcomes before final supervised training.
OLG-TMB-028,505358,GCAGAGGTGAAGCGAAGTGC,exact_sequence (sequence+alias),TOLG175,retained_matched,HOLD_PER_SEQUENCE_OUTCOME,NO,NO,EXACT-E1F3EAF267,20,,Obtain supplement-level per-sequence platelet outcomes before final supervised training.
OLG-TMB-029,546254,TGCAAGTCTCTTGGCAAACA,exact_sequence (sequence+alias),TOLG184,retained_matched,HOLD_PER_SEQUENCE_OUTCOME,NO,NO,EXACT-9AF5ECE8B8,20,,Obtain supplement-level per-sequence platelet outcomes before final supervised training.
OLG-TMB-030,563580,GGACATTGCCAGTAATCGCA,exact_sequence (sequence+alias),TOLG191,retained_matched,HOLD_PER_SEQUENCE_OUTCOME,NO,NO,EXACT-8DD510C7A2,20,,Obtain supplement-level per-sequence platelet outcomes before final supervised training.
OLG-TMB-031,Inotersen,TCTTGGTTACATGAAATCCC,exact_sequence (sequence+exact_name),TOLG072,retained_matched,PROVISIONALLY_APPROVED_CLINICAL_SEVERE_IMMUNE_POSITIVE,PROVISIONAL ONLY,NO,EXACT-TTR-INO-EPL,20,,Seek patient-level platelet trajectories and formal adjudication metadata; aggregate label is usable provisionally.
OLG-TMB-032,AC5-PS,ACACACACAC,exact_sequence (single_candidate),TOLG004,retained_matched,PROVISIONALLY_APPROVED_MECHANISTIC_TOOL,NO,YES,EXACT-D95C31491A,10,,Use for mechanistic/ordinal platelet-activation models only; do not infer clinical thrombocytopenia.
OLG-TMB-033,AC6-PS,ACACACACACAC,exact_sequence (single_candidate),TOLG005,retained_matched,PROVISIONALLY_APPROVED_MECHANISTIC_TOOL,NO,YES,EXACT-391328A147,12,,Use for mechanistic/ordinal platelet-activation models only; do not infer clinical thrombocytopenia.
OLG-TMB-034,AC7-PS,ACACACACACACAC,exact_sequence (single_candidate),TOLG006,retained_matched,PROVISIONALLY_APPROVED_MECHANISTIC_TOOL,NO,YES,EXACT-F25BCCF89C,14,,Use for mechanistic/ordinal platelet-activation models only; do not infer clinical thrombocytopenia.
OLG-TMB-035,AC8-PS,ACACACACACACACAC,exact_sequence (sequence+alias),TOLG007,retained_matched,PROVISIONALLY_APPROVED_MECHANISTIC_TOOL,NO,YES,EXACT-AC8-PS-LNA,16,,Use for mechanistic/ordinal platelet-activation models only; do not infer clinical thrombocytopenia.
OLG-TMB-036,AC9-PS,ACACACACACACACACAC,exact_sequence (sequence+alias),TOLG009,retained_matched,PROVISIONALLY_APPROVED_MECHANISTIC_TOOL,NO,YES,EXACT-AC9-PS-LNA,18,,Use for mechanistic/ordinal platelet-activation models only; do not infer clinical thrombocytopenia.
OLG-TMB-037,AC10-PS,ACACACACACACACACACAC,exact_sequence (sequence+alias),TOLG001,retained_matched,PROVISIONALLY_APPROVED_MECHANISTIC_TOOL,NO,YES,EXACT-AC10-PS-LNA,20,,Use for mechanistic/ordinal platelet-activation models only; do not infer clinical thrombocytopenia.
OLG-TMB-038,AC11-PS,ACACACACACACACACACACAC,exact_sequence (single_candidate),TOLG003,retained_matched,PROVISIONALLY_APPROVED_MECHANISTIC_TOOL,NO,YES,EXACT-AF285C7125,22,,Use for mechanistic/ordinal platelet-activation models only; do not infer clinical thrombocytopenia.
OLG-TMB-039,AC8-LNA-PS,ACACACACACACACAC,exact_sequence (sequence+LNA_token),TOLG008,retained_matched,PROVISIONALLY_APPROVED_MECHANISTIC_MITIGATION,NO,YES,EXACT-AC8-PS-LNA,16,,Treat as scaffold-specific evidence; do not generalize LNA as universally protective.
OLG-TMB-040,AC9-LNA-PS,ACACACACACACACACAC,exact_sequence (sequence+LNA_token),TOLG010,retained_matched,PROVISIONALLY_APPROVED_MECHANISTIC_MITIGATION,NO,YES,EXACT-AC9-PS-LNA,18,,Treat as scaffold-specific evidence; do not generalize LNA as universally protective.
OLG-TMB-041,AC10-LNA-PS,ACACACACACACACACACAC,exact_sequence (sequence+LNA_token),TOLG002,retained_matched,PROVISIONALLY_APPROVED_MECHANISTIC_MITIGATION,NO,YES,EXACT-AC10-PS-LNA,20,,Treat as scaffold-specific evidence; do not generalize LNA as universally protective.
OLG-TMB-042,ODN 2395-PO,TCGTCGTTTTCGGCGCGCGCCG,exact_sequence (sequence+exact_name_chem_vetoed:TOLG244),TOLG243,retained_matched,PROVISIONALLY_APPROVED_MECHANISTIC_BACKBONE_CONTROL,NO,YES,EXACT-ODN2395-PS-PO,22,,Use to isolate the contribution of the PS backbone under defined human assay conditions.
OLG-TMB-043,Olezarsen,AGCTTCTTGTCCAGCTTTAT,exact_sequence (sequence+exact_name),TOLG246,retained_matched,PROVISIONALLY_APPROVED_MATCHED_SEQUENCE_CONTEXT_COMPARATOR,TREATMENT-AWARE ONLY,NO,EXACT-APOC3-VOL-OLE,20,,Keep all platelet endpoints separate; do not label as intrinsically safe or use in a sequence-only negative class.
OLG-TMB-044,Eplontersen,TCTTGGTTACATGAAATCCC,exact_sequence (sequence+exact_name),TOLG061,retained_matched,PROVISIONALLY_APPROVED_MATCHED_SEQUENCE_CONTEXT_COMPARATOR,TREATMENT-AWARE ONLY,NO,EXACT-TTR-INO-EPL,20,,Do not treat as a clean clinical sequence negative; preserve historical-control and switch-period limitations.
OLG-TMB-045,ARC1779,GCGUGCAGUGCCUUCGGCCGTGCGGTGCCUCCGUCACGCT,name_or_alias (single_candidate),TOLG037,retained_matched,SUPPORT_ONLY_HUMAN_CLINICAL_INTENDED_PHARMACOLOGY,NO,NO,SEQFAM-ARC1779-40MER,40,,Keep restricted to endpoint-ontology/intended-pharmacology support; analytical purity and lot data remain missing.
