Evidence_Record_ID,Lane,Sequence_Record_ID,Canonical_Name,Study_Citation,Source_System_or_Population,Evidence_Directness_or_Role,Exact_Sequence_Status,Position_Chemistry_Status,N_or_Replicates,Dose_or_Concentration,Time_or_Duration,Endpoint_Domain,Endpoint,Numeric_Result_Status,Comparator_Status,Source_Location,Scientist_Status,Existing_Training_Role,Source_URL,Exact_Check,Chemistry_Check,Human_Check,N_Check,Dose_Check,Time_Check,Endpoint_Check,Numeric_Check,Comparator_Check,Provenance_Check,Scientist_Check,Evidence_Score,Evidence_Tier,Model_Eligibility,Blocking_Reasons,Scientist_Tier_Override,Automated_Tier,Tier_Alignment
CLIN-TMB-001,HUMAN_CLINICAL,OLG-TMB-001,Volanesorsen,Witztum et al. 2019,Familial chylomicronemia syndrome,PRIMARY HUMAN CLINICAL,YES,COMPLETE,33,300 mg once weekly,52 weeks,THROMBOCYTOPENIA,Confirmed platelet nadir below normal,NUMERIC,PRESENT,Table 4 and safety text,SCIENTIST_PROVISIONALLY_APPROVED,PROVISIONAL_AGGREGATE_TRAINING,https://doi.org/10.1056/NEJMoa1715944,1,1,1,1,1,1,1,1,1,1,1,11,GOLD,CLINICAL_DESCRIPTIVE_ONLY,sequence-only clinical classifier globally blocked,GOLD,GOLD,ALIGNED
CLIN-TMB-002,HUMAN_CLINICAL,OLG-TMB-001,Volanesorsen,Witztum et al. 2019,Familial chylomicronemia syndrome,PRIMARY HUMAN CLINICAL,YES,COMPLETE,33,300 mg once weekly,52 weeks,THROMBOCYTOPENIA,"Confirmed platelet nadir <100,000/µL",NUMERIC,PRESENT,Table 4 and safety text,SCIENTIST_PROVISIONALLY_APPROVED,PROVISIONAL_AGGREGATE_TRAINING,https://doi.org/10.1056/NEJMoa1715944,1,1,1,1,1,1,1,1,1,1,1,11,GOLD,CLINICAL_DESCRIPTIVE_ONLY,sequence-only clinical classifier globally blocked,GOLD,GOLD,ALIGNED
CLIN-TMB-003,HUMAN_CLINICAL,OLG-TMB-001,Volanesorsen,Witztum et al. 2019,Familial chylomicronemia syndrome,PRIMARY HUMAN CLINICAL,YES,COMPLETE,33,300 mg once weekly,52 weeks,THROMBOCYTOPENIA,"Confirmed platelet nadir 100,000-<140,000/µL",NUMERIC,PRESENT,Table 4 and safety text,SCIENTIST_PROVISIONALLY_APPROVED,PROVISIONAL_AGGREGATE_TRAINING,https://doi.org/10.1056/NEJMoa1715944,1,1,1,1,1,1,1,1,1,1,1,11,GOLD,CLINICAL_DESCRIPTIVE_ONLY,sequence-only clinical classifier globally blocked,GOLD,GOLD,ALIGNED
CLIN-TMB-004,HUMAN_CLINICAL,OLG-TMB-001,Volanesorsen,Witztum et al. 2019,Familial chylomicronemia syndrome,PRIMARY HUMAN CLINICAL,YES,COMPLETE,33,300 mg once weekly,52 weeks,THROMBOCYTOPENIA,"Confirmed platelet nadir 75,000-<100,000/µL",NUMERIC,PRESENT,Table 4 and safety text,SCIENTIST_PROVISIONALLY_APPROVED,PROVISIONAL_AGGREGATE_TRAINING,https://doi.org/10.1056/NEJMoa1715944,1,1,1,1,1,1,1,1,1,1,1,11,GOLD,CLINICAL_DESCRIPTIVE_ONLY,sequence-only clinical classifier globally blocked,GOLD,GOLD,ALIGNED
CLIN-TMB-005,HUMAN_CLINICAL,OLG-TMB-001,Volanesorsen,Witztum et al. 2019,Familial chylomicronemia syndrome,PRIMARY HUMAN CLINICAL,YES,COMPLETE,33,300 mg once weekly,52 weeks,THROMBOCYTOPENIA,"Confirmed platelet nadir 50,000-<75,000/µL",NUMERIC,PRESENT,Table 4 and safety text,SCIENTIST_PROVISIONALLY_APPROVED,PROVISIONAL_AGGREGATE_TRAINING,https://doi.org/10.1056/NEJMoa1715944,1,1,1,1,1,1,1,1,1,1,1,11,GOLD,CLINICAL_DESCRIPTIVE_ONLY,sequence-only clinical classifier globally blocked,GOLD,GOLD,ALIGNED
CLIN-TMB-006,HUMAN_CLINICAL,OLG-TMB-001,Volanesorsen,Witztum et al. 2019,Familial chylomicronemia syndrome,PRIMARY HUMAN CLINICAL,YES,COMPLETE,33,300 mg once weekly,52 weeks,THROMBOCYTOPENIA,"Confirmed platelet nadir 25,000-<50,000/µL",NUMERIC,PRESENT,Table 4 and safety text,SCIENTIST_PROVISIONALLY_APPROVED,PROVISIONAL_AGGREGATE_TRAINING,https://doi.org/10.1056/NEJMoa1715944,1,1,1,1,1,1,1,1,1,1,1,11,GOLD,CLINICAL_DESCRIPTIVE_ONLY,sequence-only clinical classifier globally blocked,GOLD,GOLD,ALIGNED
CLIN-TMB-007,HUMAN_CLINICAL,OLG-TMB-001,Volanesorsen,Witztum et al. 2019,Familial chylomicronemia syndrome,PRIMARY HUMAN CLINICAL,YES,COMPLETE,33,300 mg once weekly,52 weeks,THROMBOCYTOPENIA,"Confirmed platelet nadir <25,000/µL",NUMERIC,PRESENT,Table 4 and safety text,SCIENTIST_PROVISIONALLY_APPROVED,PROVISIONAL_AGGREGATE_TRAINING,https://doi.org/10.1056/NEJMoa1715944,1,1,1,1,1,1,1,1,1,1,1,11,GOLD,SEVERE_CASE_SERIES_ONLY,sequence-only clinical classifier globally blocked,GOLD,GOLD,ALIGNED
CLIN-TMB-008,HUMAN_CLINICAL,OLG-TMB-001,Volanesorsen,Witztum et al. 2019,Two severe cases,PRIMARY HUMAN CLINICAL,YES,COMPLETE,2,300 mg once weekly before discontinuation,Mid-trial,THROMBOCYTOPENIA,Recovery after grade 4 thrombocytopenia,NUMERIC,PRESENT,Safety text following Table 4,SCIENTIST_PROVISIONALLY_APPROVED,SUPPORTS_RECOVERY_AND_MANAGEMENT,https://doi.org/10.1056/NEJMoa1715944,1,1,1,1,1,1,1,1,1,1,1,11,GOLD,CLINICAL_DESCRIPTIVE_ONLY,no concurrent/explicit comparator denominator; sequence-only clinical classifier globally blocked,GOLD,GOLD,ALIGNED
CLIN-TMB-009,HUMAN_CLINICAL,OLG-TMB-001,Volanesorsen,Witztum et al. 2019,Trial cohort after protocol amendment,PRIMARY HUMAN CLINICAL,YES,COMPLETE,33,300 mg weekly with protocol-directed modification,After May 2016 amendment,RISK MITIGATION,Monitoring and dose-action thresholds,NUMERIC,ABSENT,Safety text after Table 4,SCIENTIST_PROVISIONALLY_APPROVED,SUPPORT_ONLY_MANAGEMENT,https://doi.org/10.1056/NEJMoa1715944,1,1,1,1,1,1,1,1,0,1,1,10,SILVER,CLINICAL_DESCRIPTIVE_ONLY,no concurrent/explicit comparator denominator; sequence-only clinical classifier globally blocked,SILVER,GOLD,SCIENTIST_OVERRIDE
CLIN-TMB-010,HUMAN_CLINICAL,OLG-TMB-031,Inotersen,Benson et al. 2018,Hereditary transthyretin amyloidosis with polyneuropathy,PRIMARY HUMAN CLINICAL,YES,COMPLETE,112,300 mg once weekly,15 months,THROMBOCYTOPENIA,"Confirmed platelet count <140,000/µL",NUMERIC,PRESENT,Safety section and Table 2,SCIENTIST_PROVISIONALLY_APPROVED,PROVISIONAL_AGGREGATE_TRAINING,https://pmc.ncbi.nlm.nih.gov/articles/PMC12611561/,1,1,1,1,1,1,1,1,1,1,1,11,GOLD,CLINICAL_DESCRIPTIVE_ONLY,sequence-only clinical classifier globally blocked,GOLD,GOLD,ALIGNED
CLIN-TMB-011,HUMAN_CLINICAL,OLG-TMB-031,Inotersen,Benson et al. 2018,Hereditary transthyretin amyloidosis with polyneuropathy,PRIMARY HUMAN CLINICAL,YES,COMPLETE,112,300 mg once weekly,15 months,THROMBOCYTOPENIA,"Platelet nadir <25,000/µL",NUMERIC,PRESENT,Safety section and Table 2,SCIENTIST_PROVISIONALLY_APPROVED,PROVISIONAL_AGGREGATE_TRAINING,https://pmc.ncbi.nlm.nih.gov/articles/PMC12611561/,1,1,1,1,1,1,1,1,1,1,1,11,GOLD,SEVERE_CASE_SERIES_ONLY,sequence-only clinical classifier globally blocked,GOLD,GOLD,ALIGNED
CLIN-TMB-012,HUMAN_CLINICAL,OLG-TMB-031,Inotersen,Benson et al. 2018,Inotersen-treated cohort,PRIMARY HUMAN CLINICAL,YES,COMPLETE,112,300 mg once weekly,15 months,CLINICAL OUTCOME,Fatal intracranial hemorrhage associated with grade 4 thrombocytopenia,NUMERIC,PRESENT,Safety text and Table 2,SCIENTIST_PROVISIONALLY_APPROVED,SUPPORTS_SEVERITY_NOT_BINARY_LABEL,https://pmc.ncbi.nlm.nih.gov/articles/PMC12611561/,1,1,1,1,1,1,1,1,1,1,1,11,GOLD,CLINICAL_DESCRIPTIVE_ONLY,sequence-only clinical classifier globally blocked,GOLD,GOLD,ALIGNED
CLIN-TMB-013,HUMAN_CLINICAL,OLG-TMB-031,Inotersen,Benson et al. 2018,Trial cohort after severe cases,PRIMARY HUMAN CLINICAL,YES,COMPLETE,112,300 mg weekly with monitoring-based management,Later trial period,RISK MITIGATION,Weekly platelet monitoring,NUMERIC,ABSENT,Safety section,SCIENTIST_PROVISIONALLY_APPROVED,SUPPORT_ONLY_MANAGEMENT,https://pmc.ncbi.nlm.nih.gov/articles/PMC12611561/,1,1,1,1,1,1,1,1,0,1,1,10,SILVER,CLINICAL_DESCRIPTIVE_ONLY,no concurrent/explicit comparator denominator; sequence-only clinical classifier globally blocked,SILVER,GOLD,SCIENTIST_OVERRIDE
CLIN-TMB-014,HUMAN_CLINICAL,,2′MOE ASO class,Crooke et al. 2017,"2,363 active-exposed subjects vs 777 placebo for >30% decline analysis",PRIMARY INTEGRATED HUMAN CLINICAL,YES,INCOMPLETE,2363,Dose groups across 16 ASOs,Multiple trials,THROMBOCYTOPENIA,Platelet decline >30% from baseline,NUMERIC,PRESENT,Figure 1 and Results,SCIENTIST_PROVISIONALLY_APPROVED,CLASS_LEVEL_ONLY,https://journals.sagepub.com/doi/full/10.1089/nat.2016.0650,1,0,1,1,1,1,1,1,1,1,1,10,BRONZE,CLASS_LEVEL_DESCRIPTIVE,position chemistry incomplete; sequence-only clinical classifier globally blocked,BRONZE,SILVER,SCIENTIST_OVERRIDE
CLIN-TMB-015,HUMAN_CLINICAL,,2′MOE ASO class,Crooke et al. 2017,ASO-exposed vs placebo across included trials,PRIMARY INTEGRATED HUMAN CLINICAL,YES,INCOMPLETE,2249,Multiple,Multiple,THROMBOCYTOPENIA,"Confirmed platelet count 75,000-<100,000/µL",NUMERIC,PRESENT,Table 3,SCIENTIST_PROVISIONALLY_APPROVED,CLASS_LEVEL_ONLY,https://journals.sagepub.com/doi/full/10.1089/nat.2016.0650,1,0,1,1,1,1,1,1,1,1,1,10,BRONZE,CLASS_LEVEL_DESCRIPTIVE,position chemistry incomplete; sequence-only clinical classifier globally blocked,BRONZE,SILVER,SCIENTIST_OVERRIDE
CLIN-TMB-016,HUMAN_CLINICAL,,2′MOE ASO class,Crooke et al. 2017,ASO-exposed vs placebo across included trials,PRIMARY INTEGRATED HUMAN CLINICAL,YES,INCOMPLETE,2249,Multiple,Multiple,THROMBOCYTOPENIA,"Confirmed platelet count 50,000-<75,000/µL",NUMERIC,PRESENT,Table 3,SCIENTIST_PROVISIONALLY_APPROVED,CLASS_LEVEL_ONLY,https://journals.sagepub.com/doi/full/10.1089/nat.2016.0650,1,0,1,1,1,1,1,1,1,1,1,10,BRONZE,CLASS_LEVEL_DESCRIPTIVE,position chemistry incomplete; sequence-only clinical classifier globally blocked,BRONZE,SILVER,SCIENTIST_OVERRIDE
CLIN-TMB-017,HUMAN_CLINICAL,,2′MOE ASO class,Crooke et al. 2017,ASO-exposed vs placebo across included trials,PRIMARY INTEGRATED HUMAN CLINICAL,YES,INCOMPLETE,2249,Multiple,Multiple,THROMBOCYTOPENIA,"Confirmed platelet count <50,000/µL",NUMERIC,PRESENT,Table 3,SCIENTIST_PROVISIONALLY_APPROVED,CLASS_LEVEL_ONLY,https://journals.sagepub.com/doi/full/10.1089/nat.2016.0650,1,0,1,1,1,1,1,1,1,1,1,10,BRONZE,CLASS_LEVEL_DESCRIPTIVE,position chemistry incomplete; sequence-only clinical classifier globally blocked,BRONZE,SILVER,SCIENTIST_OVERRIDE
CLIN-TMB-018,HUMAN_CLINICAL,OLG-TMB-004,104838,Crooke et al. 2017,Human rheumatoid arthritis patients,PRIMARY/INTEGRATED HUMAN CLINICAL,YES,COMPLETE,,"100, 200, or 400 mg/week",Repeated dosing,THROMBOCYTOPENIA,Moderate platelet-count decline,QUALITATIVE_ONLY,ABSENT,Figure 1 and compound-specific discussion,SCIENTIST_PROVISIONALLY_APPROVED,PROVISIONAL_POSITIVE_QUALITATIVE,https://journals.sagepub.com/doi/full/10.1089/nat.2016.0650,1,1,1,0,1,1,1,0,0,1,1,8,BRONZE,CLINICAL_DESCRIPTIVE_ONLY,no concurrent/explicit comparator denominator; quantitative endpoint incomplete; sequence-only clinical classifier globally blocked,BRONZE,SILVER,SCIENTIST_OVERRIDE
CLIN-TMB-019,HUMAN_CLINICAL,OLG-TMB-018,107248,Crooke et al. 2017 citing external phase 2a,Relapsing-remitting multiple sclerosis,SECONDARY HUMAN CLINICAL,YES,COMPLETE,,400 mg/week,12 weeks,THROMBOCYTOPENIA,Platelet count below lower limit of normal / severe nadir,QUALITATIVE_ONLY,ABSENT,Discussion/external comparison,SCIENTIST_HOLD,HOLD_PRIMARY_SOURCE,https://journals.sagepub.com/doi/full/10.1089/nat.2016.0650,1,1,1,0,1,1,1,0,0,1,0,7,BRONZE,HOLD_PENDING_PRIMARY_SOURCE,no concurrent/explicit comparator denominator; quantitative endpoint incomplete; sequence-only clinical classifier globally blocked,BRONZE,BRONZE,ALIGNED
CLIN-TMB-020,HUMAN_CLINICAL,OLG-TMB-020,Mipomersen,Crooke et al. 2017,Familial hypercholesterolemia,PRIMARY INTEGRATED HUMAN CLINICAL,YES,COMPLETE,184,Long-term therapeutic dosing,1 year,THROMBOCYTOPENIA,"Confirmed platelet nadir 75,000-<100,000/µL",NUMERIC,PRESENT,Long-term treatment subsection,SCIENTIST_PROVISIONALLY_APPROVED,PROVISIONAL_LOW_RISK_COMPARATOR,https://journals.sagepub.com/doi/full/10.1089/nat.2016.0650,1,1,1,1,1,1,1,1,1,1,1,11,GOLD,CLINICAL_DESCRIPTIVE_ONLY,sequence-only clinical classifier globally blocked,GOLD,GOLD,ALIGNED
CLIN-TMB-021,HUMAN_CLINICAL,OLG-TMB-023,IONIS-FXI Rx,Crooke et al. 2017 citing FXI trial,Patients undergoing total knee arthroplasty,PRIMARY/SECONDARY HUMAN CLINICAL,YES,COMPLETE,144,300 mg/week,Perioperative,BLEEDING / COAGULATION,Clinically relevant bleeding,NUMERIC,PRESENT,FXI safety discussion,SCIENTIST_SUPPORT_ONLY,EXCLUDE_FROM_PLATELET_COUNT_LABELS,https://journals.sagepub.com/doi/full/10.1089/nat.2016.0650,1,1,1,1,1,1,1,1,1,1,0,10,SILVER,SUPPORT_ONLY_NOT_TRAINING,sequence-only clinical classifier globally blocked,SILVER,GOLD,SCIENTIST_OVERRIDE
CLIN-TMB-022,HUMAN_CLINICAL,OLG-TMB-022,404173,Henry et al. 2017,Human participants treated in the ISIS 404173 Phase 2 program,Direct human clinical qualitative evidence,YES,COMPLETE,62,200 mg/week (~3.3 mg/kg/week),26 weeks,THROMBOCYTOPENIA / PLATELET-COUNT DECLINE,Platelet count decrease >30% from baseline,QUALITATIVE_ONLY,ABSENT,Abstract/results summary,SCIENTIST_PROVISIONALLY_APPROVED,PROVISIONAL_POSITIVE_ONLY,https://doi.org/10.1089/nat.2017.0666,1,1,1,1,1,1,1,0,0,1,1,9,BRONZE,CLINICAL_DESCRIPTIVE_ONLY,no concurrent/explicit comparator denominator; quantitative endpoint incomplete; sequence-only clinical classifier globally blocked,BRONZE,SILVER,SCIENTIST_OVERRIDE
CLIN-TMB-023,HUMAN_CLINICAL,OLG-TMB-022,404173,Henry et al. 2017,Human participants treated in the ISIS 404173 Phase 2 program,Direct human clinical threshold evidence,YES,COMPLETE,62,200 mg/week (~3.3 mg/kg/week),26 weeks,SEVERE THROMBOCYTOPENIA THRESHOLD,"Platelet count <75,000/µL",NUMERIC,ABSENT,Abstract/results summary,SCIENTIST_PROVISIONALLY_APPROVED,ENDPOINT_SPECIFIC_NEGATIVE_ONLY,https://doi.org/10.1089/nat.2017.0666,1,1,1,1,1,1,1,1,0,1,1,10,SILVER,TREATMENT_CONTEXT_DESCRIPTIVE,no concurrent/explicit comparator denominator; sequence-only clinical classifier globally blocked,SILVER,GOLD,SCIENTIST_OVERRIDE
CLIN-TMB-024,HUMAN_CLINICAL,OLG-TMB-043,Olezarsen,Stroes et al. 2024,Adults with genetically confirmed familial chylomicronemia syndrome,PRIMARY HUMAN RANDOMIZED CLINICAL,YES,COMPLETE,43,50 or 80 mg every 4 weeks,53 weeks,SEVERE THROMBOCYTOPENIA / BLEEDING COMPOSITE,"Prespecified platelet-reduction adverse event of interest: <50,000/µL with major or clinically relevant nonmajor bleeding, or <25,000/µL irrespective of bleeding",NUMERIC,PRESENT,NEJM Table 2 and footnote,SCIENTIST_PROVISIONALLY_APPROVED,MATCHED_SEQUENCE_CONTEXT_COMPARATOR_ONLY,https://doi.org/10.1056/NEJMoa2400201,1,1,1,1,1,1,1,1,1,1,1,11,GOLD,SEVERE_CASE_SERIES_ONLY,sequence-only clinical classifier globally blocked,GOLD,GOLD,ALIGNED
CLIN-TMB-025,HUMAN_CLINICAL,OLG-TMB-043,Olezarsen,Stroes et al. 2024,80-mg olezarsen arm in familial chylomicronemia syndrome,PRIMARY HUMAN RANDOMIZED CLINICAL,YES,COMPLETE,22,80 mg every 4 weeks,53 weeks,PLATELET-COUNT ADVERSE EVENT,Investigator-assessed transient decrease in platelet count related to trial drug,NUMERIC,PRESENT,"NEJM safety text, page 7",SCIENTIST_PROVISIONALLY_APPROVED,MATCHED_SEQUENCE_CONTEXT_COMPARATOR_ONLY,https://doi.org/10.1056/NEJMoa2400201,1,1,1,1,1,1,1,1,1,1,1,11,GOLD,TREATMENT_CONTEXT_DESCRIPTIVE,sequence-only clinical classifier globally blocked,GOLD,GOLD,ALIGNED
CLIN-TMB-026,HUMAN_CLINICAL,OLG-TMB-043,Olezarsen,FDA TRYNGOLZA Prescribing Information 2024,Patients with familial chylomicronemia syndrome in the pivotal safety population,PRIMARY REGULATORY HUMAN CLINICAL,YES,COMPLETE,43,50 or 80 mg every 4 weeks; approved dose 80 mg,53 weeks,THROMBOCYTOPENIA / PLATELET-COUNT DECLINE,Adverse reaction grouped as decreased platelet count,NUMERIC,PRESENT,FDA Table 1 and section 6.1,SCIENTIST_PROVISIONALLY_APPROVED,MATCHED_SEQUENCE_CONTEXT_COMPARATOR_ONLY,https://www.accessdata.fda.gov/drugsatfda_docs/label/2024/218614s000lbl.pdf,1,1,1,1,1,1,1,1,1,1,1,11,GOLD,TREATMENT_CONTEXT_DESCRIPTIVE,sequence-only clinical classifier globally blocked,GOLD,GOLD,ALIGNED
CLIN-TMB-027,HUMAN_CLINICAL,OLG-TMB-043,Olezarsen,FDA TRYNGOLZA Prescribing Information 2024,Olezarsen-treated FCS population,PRIMARY REGULATORY HUMAN CLINICAL,YES,COMPLETE,43,50 or 80 mg every 4 weeks; approved dose 80 mg,53 weeks,SEVERE THROMBOCYTOPENIA THRESHOLD,"Confirmed platelet count <50,000/µL",NUMERIC,ABSENT,FDA section 5.1,SCIENTIST_PROVISIONALLY_APPROVED,ENDPOINT_SPECIFIC_NEGATIVE_ONLY,https://www.accessdata.fda.gov/drugsatfda_docs/label/2024/218614s000lbl.pdf,1,1,1,1,1,1,1,1,0,1,1,10,SILVER,TREATMENT_CONTEXT_DESCRIPTIVE,no concurrent/explicit comparator denominator; sequence-only clinical classifier globally blocked,SILVER,GOLD,SCIENTIST_OVERRIDE
CLIN-TMB-028,HUMAN_CLINICAL,OLG-TMB-044,Eplontersen,Coelho et al. 2023,Adults with hereditary transthyretin amyloidosis with polyneuropathy,PRIMARY HUMAN PHASE 3 CLINICAL,YES,COMPLETE,144,45 mg every 4 weeks,66 weeks,THROMBOCYTOPENIA / PLATELET-COUNT DECLINE,Treatment-emergent adverse event of special interest: thrombocytopenia,NUMERIC,PRESENT,JAMA Table 2 and safety discussion,SCIENTIST_PROVISIONALLY_APPROVED,MATCHED_SEQUENCE_CONTEXT_COMPARATOR_ONLY,https://doi.org/10.1001/jama.2023.18688,1,1,1,1,1,1,1,1,1,1,1,11,GOLD,TREATMENT_CONTEXT_DESCRIPTIVE,sequence-only clinical classifier globally blocked,GOLD,GOLD,ALIGNED
CLIN-TMB-029,HUMAN_CLINICAL,OLG-TMB-044,Eplontersen,Conceição et al. 2024,NEURO-TTRansform participants who received inotersen through week 35 and then eplontersen,PRIMARY HUMAN WITHIN-PARTICIPANT SWITCH,YES,COMPLETE,20,Eplontersen 45 mg every 4 weeks versus prior inotersen 300 mg weekly,Weeks 37-85 versus baseline-to-week 35,THROMBOCYTOPENIA / PLATELET-COUNT DECLINE,Platelet count below lower limit of normal (<140 × 10^9/L),NUMERIC,PRESENT,Switch-study platelet analysis,SCIENTIST_PROVISIONALLY_APPROVED,MATCHED_SEQUENCE_CONTEXT_COMPARATOR_ONLY,https://doi.org/10.1007/s00415-024-12616-6,1,1,1,1,1,1,1,1,1,1,1,11,GOLD,TREATMENT_CONTEXT_DESCRIPTIVE,sequence-only clinical classifier globally blocked,GOLD,GOLD,ALIGNED
CLIN-TMB-030,HUMAN_CLINICAL,OLG-TMB-044,Eplontersen,Conceição et al. 2024,Participants completing the two treatment periods,PRIMARY HUMAN WITHIN-PARTICIPANT SWITCH,YES,COMPLETE,20,Eplontersen 45 mg every 4 weeks versus prior inotersen 300 mg weekly,Treatment-period nadirs,PLATELET-COUNT CONTINUOUS CHANGE,Mean nadir percentage change from baseline,NUMERIC,PRESENT,Switch-study abstract/results,SCIENTIST_PROVISIONALLY_APPROVED,TREATMENT_AWARE_MODEL_ONLY,https://doi.org/10.1007/s00415-024-12616-6,1,1,1,1,1,1,1,1,1,1,1,11,GOLD,TREATMENT_CONTEXT_DESCRIPTIVE,sequence-only clinical classifier globally blocked,GOLD,GOLD,ALIGNED
CLIN-TMB-031,HUMAN_CLINICAL,OLG-TMB-044,Eplontersen,Conceição et al. 2024,Participants completing the two treatment periods,PRIMARY HUMAN WITHIN-PARTICIPANT SWITCH,YES,COMPLETE,20,Eplontersen 45 mg every 4 weeks versus prior inotersen 300 mg weekly,Treatment periods,SEVERE THROMBOCYTOPENIA THRESHOLD,Platelet count <25 × 10^9/L,NUMERIC,PRESENT,Switch-study results,SCIENTIST_PROVISIONALLY_APPROVED,ENDPOINT_SPECIFIC_NEGATIVE_ONLY,https://doi.org/10.1007/s00415-024-12616-6,1,1,1,1,1,1,1,1,1,1,1,11,GOLD,TREATMENT_CONTEXT_DESCRIPTIVE,sequence-only clinical classifier globally blocked,GOLD,GOLD,ALIGNED
CLIN-TMB-032,HUMAN_CLINICAL,OLG-TMB-044,Eplontersen,Conceição et al. 2024,Participants completing the two treatment periods,PRIMARY HUMAN WITHIN-PARTICIPANT SWITCH,YES,COMPLETE,20,Eplontersen 45 mg every 4 weeks versus prior inotersen 300 mg weekly,Treatment periods,RISK MANAGEMENT / TREATMENT DISCONTINUATION,Discontinuation or study withdrawal due to platelet-count reduction,NUMERIC,PRESENT,Switch-study results,SCIENTIST_PROVISIONALLY_APPROVED,CONTEXTUAL_SUPPORT_ONLY,https://doi.org/10.1007/s00415-024-12616-6,1,1,1,1,1,1,1,1,1,1,1,11,GOLD,CLINICAL_DESCRIPTIVE_ONLY,sequence-only clinical classifier globally blocked,GOLD,GOLD,ALIGNED
CLIN-TMB-033,HUMAN_CLINICAL,OLG-TMB-004,104838,Sewell et al. 2002,Healthy adult volunteers,PRIMARY HUMAN PHASE I CLINICAL,YES,COMPLETE,,0.1-6 mg/kg intravenous dose escalation with additional subcutaneous administration,Single-dose/dose-escalation,THROMBOCYTOPENIA / PLATELET-COUNT DECLINE,Reversible platelet decrease reported as an adverse event,NUMERIC,ABSENT,PubMed abstract,SCIENTIST_PROVISIONALLY_APPROVED,PROVISIONAL_POSITIVE_QUALITATIVE,https://pubmed.ncbi.nlm.nih.gov/12438559/,1,1,1,0,1,1,1,1,0,1,1,9,SILVER,CLINICAL_DESCRIPTIVE_ONLY,no concurrent/explicit comparator denominator; sequence-only clinical classifier globally blocked,SILVER,SILVER,ALIGNED
CLIN-TMB-034,HUMAN_CLINICAL,OLG-TMB-045,ARC1779,Gilbert et al. 2007,Healthy volunteers,PRIMARY HUMAN FIRST-IN-HUMAN,YES,COMPLETE,,Dose/concentration escalation; exact regimen requires full primary paper,Acute pharmacology study,INTENDED ANTIPLATELET / ANTITHROMBOTIC PHARMACOLOGY,Dose- and concentration-dependent inhibition of VWF-dependent platelet function,QUALITATIVE_ONLY,ABSENT,PubMed abstract,SCIENTIST_APPROVED_SUPPORT_ONLY,EXCLUDE_THROMBOCYTOPENIA_MODEL,https://pubmed.ncbi.nlm.nih.gov/18025536/,1,1,1,0,1,1,1,0,0,1,1,8,BRONZE,SUPPORT_ONLY_NOT_TRAINING,no concurrent/explicit comparator denominator; quantitative endpoint incomplete; sequence-only clinical classifier globally blocked,BRONZE,SILVER,SCIENTIST_OVERRIDE
CLIN-TMB-035,HUMAN_CLINICAL,OLG-TMB-045,ARC1779,Jilma-Stohlawetz et al. 2012,Three thrombocytopenic patients with type 2B von Willebrand disease,PRIMARY HUMAN PROSPECTIVE CLINICAL,YES,COMPLETE,3,0.23 mg/kg loading dose followed by 4 μg/kg/min intravenously for 72 hours,72 hours plus follow-up,THERAPEUTIC PLATELET-COUNT CORRECTION,Platelet count increased from median 40 ×10^9/L to maximum 146 ×10^9/L,NUMERIC,ABSENT,PubMed abstract lines describing dose and platelet rise,SCIENTIST_APPROVED_SUPPORT_ONLY,THERAPEUTIC_CORRECTION_CONTROL_ONLY,https://pubmed.ncbi.nlm.nih.gov/22740102/,1,1,1,1,1,1,1,1,0,1,1,10,SILVER,SUPPORT_ONLY_NOT_TRAINING,no concurrent/explicit comparator denominator; sequence-only clinical classifier globally blocked,SILVER,GOLD,SCIENTIST_OVERRIDE
EXV-TMB-001,HUMAN_EX_VIVO,OLG-TMB-003,487660,Slingsby et al. 2022,Healthy-human platelet-rich plasma,PRIMARY HUMAN EX VIVO MECHANISTIC,YES,COMPLETE,3,5 µM,30 min,PLATELET ACTIVATION,P-selectin-positive platelets,QUALITATIVE_ONLY,PRESENT,Figure 3A-D,SCIENTIST_PROVISIONALLY_APPROVED,PRIMARY HUMAN EX VIVO MECHANISTIC,https://haematologica.org/article/view/haematol.2020.260059,1,1,1,1,1,1,1,0,1,1,1,10,SILVER,MECHANISTIC_QUALITATIVE_POC,raw numeric outcome absent,SILVER,SILVER,ALIGNED
EXV-TMB-002,HUMAN_EX_VIVO,OLG-TMB-004,104838,Slingsby et al. 2022,Healthy-human platelet-rich plasma,PRIMARY HUMAN EX VIVO MECHANISTIC,YES,COMPLETE,9,5 µM,30 min,PLATELET ACTIVATION,P-selectin-positive platelets,NUMERIC,PRESENT,Figure 3A-D,SCIENTIST_PROVISIONALLY_APPROVED,PRIMARY HUMAN EX VIVO MECHANISTIC,https://haematologica.org/article/view/haematol.2020.260059,1,1,1,1,1,1,1,1,1,1,1,11,GOLD,MECHANISTIC_NUMERIC_POC,none for restricted POC; clinical extrapolation prohibited,GOLD,GOLD,ALIGNED
EXV-TMB-003,HUMAN_EX_VIVO,OLG-TMB-005,501861,Slingsby et al. 2022,Healthy-human platelet-rich plasma,PRIMARY HUMAN EX VIVO MECHANISTIC,YES,COMPLETE,9,5 µM,30 min,PLATELET ACTIVATION,P-selectin-positive platelets,NUMERIC,PRESENT,Figure 3A-D,SCIENTIST_PROVISIONALLY_APPROVED,PRIMARY HUMAN EX VIVO MECHANISTIC,https://haematologica.org/article/view/haematol.2020.260059,1,1,1,1,1,1,1,1,1,1,1,11,GOLD,MECHANISTIC_NUMERIC_POC,none for restricted POC; clinical extrapolation prohibited,GOLD,GOLD,ALIGNED
EXV-TMB-004,HUMAN_EX_VIVO,OLG-TMB-006,120704,Slingsby et al. 2022,Healthy-human platelet-rich plasma,PRIMARY HUMAN EX VIVO MECHANISTIC,YES,COMPLETE,9,5 µM,30 min,PLATELET ACTIVATION,P-selectin-positive platelets,NUMERIC,PRESENT,Figure 3A-D,SCIENTIST_PROVISIONALLY_APPROVED,PRIMARY HUMAN EX VIVO MECHANISTIC,https://haematologica.org/article/view/haematol.2020.260059,1,1,1,1,1,1,1,1,1,1,1,11,GOLD,MECHANISTIC_NUMERIC_POC,none for restricted POC; clinical extrapolation prohibited,GOLD,GOLD,ALIGNED
EXV-TMB-005,HUMAN_EX_VIVO,OLG-TMB-007,ODN 2395,Slingsby et al. 2022,Healthy-human platelet-rich plasma,PRIMARY HUMAN EX VIVO MECHANISTIC,YES,COMPLETE,9,5 µM,30 min,PLATELET ACTIVATION,P-selectin-positive platelets,NUMERIC,PRESENT,Figure 3A-D,SCIENTIST_PROVISIONALLY_APPROVED,PRIMARY HUMAN EX VIVO MECHANISTIC,https://haematologica.org/article/view/haematol.2020.260059,1,1,1,1,1,1,1,1,1,1,1,11,GOLD,MECHANISTIC_NUMERIC_POC,none for restricted POC; clinical extrapolation prohibited,GOLD,GOLD,ALIGNED
EXV-TMB-006,HUMAN_EX_VIVO,OLG-TMB-003,487660,Slingsby et al. 2022,Healthy-human whole blood,PRIMARY HUMAN EX VIVO MECHANISTIC,YES,COMPLETE,Approximately 5-9 donors,5 µM,30 min,PLATELET-LEUKOCYTE INTERACTION,Platelet-leukocyte aggregates,QUALITATIVE_ONLY,PRESENT,Figures 6-7,SCIENTIST_PROVISIONALLY_APPROVED,PRIMARY HUMAN EX VIVO MECHANISTIC,https://haematologica.org/article/view/haematol.2020.260059,1,1,1,1,1,1,1,0,1,1,1,10,SILVER,MECHANISTIC_QUALITATIVE_POC,raw numeric outcome absent,SILVER,SILVER,ALIGNED
EXV-TMB-007,HUMAN_EX_VIVO,OLG-TMB-004,104838,Slingsby et al. 2022,Healthy-human whole blood,PRIMARY HUMAN EX VIVO MECHANISTIC,YES,COMPLETE,Approximately 5-9 donors,5 µM,30 min,PLATELET-LEUKOCYTE INTERACTION,Platelet-leukocyte aggregates,NUMERIC,PRESENT,Figures 6-7,SCIENTIST_PROVISIONALLY_APPROVED,PRIMARY HUMAN EX VIVO MECHANISTIC,https://haematologica.org/article/view/haematol.2020.260059,1,1,1,1,1,1,1,1,1,1,1,11,GOLD,MECHANISTIC_NUMERIC_POC,none for restricted POC; clinical extrapolation prohibited,GOLD,GOLD,ALIGNED
EXV-TMB-008,HUMAN_EX_VIVO,OLG-TMB-005,501861,Slingsby et al. 2022,Healthy-human whole blood,PRIMARY HUMAN EX VIVO MECHANISTIC,YES,COMPLETE,Approximately 5-9 donors,5 µM,30 min,PLATELET-LEUKOCYTE INTERACTION,Platelet-leukocyte aggregates,NUMERIC,PRESENT,Figures 6-7,SCIENTIST_PROVISIONALLY_APPROVED,PRIMARY HUMAN EX VIVO MECHANISTIC,https://haematologica.org/article/view/haematol.2020.260059,1,1,1,1,1,1,1,1,1,1,1,11,GOLD,MECHANISTIC_NUMERIC_POC,none for restricted POC; clinical extrapolation prohibited,GOLD,GOLD,ALIGNED
EXV-TMB-009,HUMAN_EX_VIVO,OLG-TMB-006,120704,Slingsby et al. 2022,Healthy-human whole blood,PRIMARY HUMAN EX VIVO MECHANISTIC,YES,COMPLETE,Approximately 5-9 donors,5 µM,30 min,PLATELET-LEUKOCYTE INTERACTION,Platelet-leukocyte aggregates,NUMERIC,PRESENT,Figures 6-7,SCIENTIST_PROVISIONALLY_APPROVED,PRIMARY HUMAN EX VIVO MECHANISTIC,https://haematologica.org/article/view/haematol.2020.260059,1,1,1,1,1,1,1,1,1,1,1,11,GOLD,MECHANISTIC_NUMERIC_POC,none for restricted POC; clinical extrapolation prohibited,GOLD,GOLD,ALIGNED
EXV-TMB-010,HUMAN_EX_VIVO,OLG-TMB-007,ODN 2395,Slingsby et al. 2022,Healthy-human whole blood,PRIMARY HUMAN EX VIVO MECHANISTIC,YES,COMPLETE,Approximately 5-9 donors,5 µM,30 min,PLATELET-LEUKOCYTE INTERACTION,Platelet-leukocyte aggregates,NUMERIC,PRESENT,Figures 6-7,SCIENTIST_PROVISIONALLY_APPROVED,PRIMARY HUMAN EX VIVO MECHANISTIC,https://haematologica.org/article/view/haematol.2020.260059,1,1,1,1,1,1,1,1,1,1,1,11,GOLD,MECHANISTIC_NUMERIC_POC,none for restricted POC; clinical extrapolation prohibited,GOLD,GOLD,ALIGNED
EXV-TMB-011,HUMAN_EX_VIVO,OLG-TMB-003,487660,Slingsby et al. 2022,Healthy-human whole blood,PRIMARY HUMAN EX VIVO MECHANISTIC,YES,COMPLETE,7,5 µM,30 min,PLATELET AGGREGATION,Platelet-platelet aggregates,QUALITATIVE_ONLY,PRESENT,Figure 4E,SCIENTIST_PROVISIONALLY_APPROVED,PRIMARY HUMAN EX VIVO MECHANISTIC,https://haematologica.org/article/view/haematol.2020.260059,1,1,1,1,1,1,1,0,1,1,1,10,SILVER,MECHANISTIC_QUALITATIVE_POC,raw numeric outcome absent,SILVER,SILVER,ALIGNED
EXV-TMB-012,HUMAN_EX_VIVO,OLG-TMB-004,104838,Slingsby et al. 2022,Healthy-human whole blood,PRIMARY HUMAN EX VIVO MECHANISTIC,YES,COMPLETE,7,5 µM,30 min,PLATELET AGGREGATION,Platelet-platelet aggregates,QUALITATIVE_ONLY,PRESENT,Figure 4E,SCIENTIST_PROVISIONALLY_APPROVED,PRIMARY HUMAN EX VIVO MECHANISTIC,https://haematologica.org/article/view/haematol.2020.260059,1,1,1,1,1,1,1,0,1,1,1,10,SILVER,MECHANISTIC_QUALITATIVE_POC,raw numeric outcome absent,SILVER,SILVER,ALIGNED
EXV-TMB-013,HUMAN_EX_VIVO,OLG-TMB-005,501861,Slingsby et al. 2022,Healthy-human whole blood,PRIMARY HUMAN EX VIVO MECHANISTIC,YES,COMPLETE,7,5 µM,30 min,PLATELET AGGREGATION,Platelet-platelet aggregates,QUALITATIVE_ONLY,PRESENT,Figure 4E,SCIENTIST_PROVISIONALLY_APPROVED,PRIMARY HUMAN EX VIVO MECHANISTIC,https://haematologica.org/article/view/haematol.2020.260059,1,1,1,1,1,1,1,0,1,1,1,10,SILVER,MECHANISTIC_QUALITATIVE_POC,raw numeric outcome absent,SILVER,SILVER,ALIGNED
EXV-TMB-014,HUMAN_EX_VIVO,OLG-TMB-006,120704,Slingsby et al. 2022,Healthy-human whole blood,PRIMARY HUMAN EX VIVO MECHANISTIC,YES,COMPLETE,7,5 µM,30 min,PLATELET AGGREGATION,Platelet-platelet aggregates,NUMERIC,PRESENT,Figure 4E; Online Supplementary Figure S3,SCIENTIST_PROVISIONALLY_APPROVED,PRIMARY HUMAN EX VIVO MECHANISTIC,https://haematologica.org/article/view/haematol.2020.260059,1,1,1,1,1,1,1,1,1,1,1,11,GOLD,MECHANISTIC_NUMERIC_POC,none for restricted POC; clinical extrapolation prohibited,GOLD,GOLD,ALIGNED
EXV-TMB-015,HUMAN_EX_VIVO,OLG-TMB-007,ODN 2395,Slingsby et al. 2022,Healthy-human whole blood,PRIMARY HUMAN EX VIVO MECHANISTIC,YES,COMPLETE,7,5 µM,30 min,PLATELET AGGREGATION,Platelet-platelet aggregates,NUMERIC,PRESENT,Figure 4E; Online Supplementary Figure S3,SCIENTIST_PROVISIONALLY_APPROVED,PRIMARY HUMAN EX VIVO MECHANISTIC,https://haematologica.org/article/view/haematol.2020.260059,1,1,1,1,1,1,1,1,1,1,1,11,GOLD,MECHANISTIC_NUMERIC_POC,none for restricted POC; clinical extrapolation prohibited,GOLD,GOLD,ALIGNED
EXV-TMB-016,HUMAN_EX_VIVO,OLG-TMB-004,104838,Slingsby et al. 2022,Healthy-human platelets,HOST-FACTOR / MECHANISTIC FEATURE,YES,COMPLETE,7,5 µM,30 min,MECHANISM,Correlation of donor GPVI expression with platelet activation,NUMERIC,PRESENT,Figure 3C-D,SCIENTIST_PROVISIONALLY_APPROVED,HOST-FACTOR / MECHANISTIC FEATURE,https://haematologica.org/article/view/haematol.2020.260059,1,1,1,1,1,1,1,1,1,1,1,11,GOLD,MECHANISTIC_NUMERIC_POC,none for restricted POC; clinical extrapolation prohibited,GOLD,GOLD,ALIGNED
EXV-TMB-017,HUMAN_EX_VIVO,OLG-TMB-005,501861,Slingsby et al. 2022,Healthy-human platelets,HOST-FACTOR / MECHANISTIC FEATURE,YES,COMPLETE,7,5 µM,30 min,MECHANISM,Correlation of donor GPVI expression with platelet activation,NUMERIC,PRESENT,Figure 3C-D,SCIENTIST_PROVISIONALLY_APPROVED,HOST-FACTOR / MECHANISTIC FEATURE,https://haematologica.org/article/view/haematol.2020.260059,1,1,1,1,1,1,1,1,1,1,1,11,GOLD,MECHANISTIC_NUMERIC_POC,none for restricted POC; clinical extrapolation prohibited,GOLD,GOLD,ALIGNED
EXV-TMB-018,HUMAN_EX_VIVO,OLG-TMB-006,120704,Slingsby et al. 2022,Healthy-human platelets,HOST-FACTOR / MECHANISTIC FEATURE,YES,COMPLETE,7,5 µM,30 min,MECHANISM,Correlation of donor GPVI expression with platelet activation,NUMERIC,PRESENT,Figure 3C-D,SCIENTIST_PROVISIONALLY_APPROVED,HOST-FACTOR / MECHANISTIC FEATURE,https://haematologica.org/article/view/haematol.2020.260059,1,1,1,1,1,1,1,1,1,1,1,11,GOLD,MECHANISTIC_NUMERIC_POC,none for restricted POC; clinical extrapolation prohibited,GOLD,GOLD,ALIGNED
EXV-TMB-019,HUMAN_EX_VIVO,OLG-TMB-007,ODN 2395,Slingsby et al. 2022,Healthy-human platelets,HOST-FACTOR / MECHANISTIC FEATURE,YES,COMPLETE,7,5 µM,30 min,MECHANISM,Correlation of donor GPVI expression with platelet activation,NUMERIC,PRESENT,Figure 3C-D,SCIENTIST_PROVISIONALLY_APPROVED,HOST-FACTOR / MECHANISTIC FEATURE,https://haematologica.org/article/view/haematol.2020.260059,1,1,1,1,1,1,1,1,1,1,1,11,GOLD,MECHANISTIC_NUMERIC_POC,none for restricted POC; clinical extrapolation prohibited,GOLD,GOLD,ALIGNED
EXV-TMB-020,HUMAN_EX_VIVO,OLG-TMB-003,487660,Slingsby et al. 2022,Human cord-blood-derived mature megakaryocytes,MECHANISTIC NEGATIVE ENDPOINT,YES,COMPLETE,Biological culture replicates,5 µM,24 h,PLATELET PRODUCTION,Proplatelet production,QUALITATIVE_ONLY,PRESENT,Figure 1,SCIENTIST_PROVISIONALLY_APPROVED,MECHANISTIC NEGATIVE ENDPOINT,https://haematologica.org/article/view/haematol.2020.260059,1,1,1,1,1,1,1,0,1,1,1,10,SILVER,CONTEXT_OR_CONTROL_ONLY,raw numeric outcome absent,SILVER,SILVER,ALIGNED
EXV-TMB-021,HUMAN_EX_VIVO,OLG-TMB-003,487660,Slingsby et al. 2022,Washed human platelets,MECHANISTIC NEGATIVE ENDPOINT,YES,COMPLETE,3,1 and 5 µM,30 min,CELL INJURY,LDH leakage,QUALITATIVE_ONLY,PRESENT,Online Supplementary Figure S1,SCIENTIST_PROVISIONALLY_APPROVED,MECHANISTIC NEGATIVE ENDPOINT,https://haematologica.org/article/view/haematol.2020.260059,1,1,1,1,1,1,1,0,1,1,1,10,SILVER,CONTEXT_OR_CONTROL_ONLY,raw numeric outcome absent,SILVER,SILVER,ALIGNED
EXV-TMB-022,HUMAN_EX_VIVO,OLG-TMB-004,104838,Slingsby et al. 2022,Human cord-blood-derived mature megakaryocytes,MECHANISTIC NEGATIVE ENDPOINT,YES,COMPLETE,Biological culture replicates,5 µM,24 h,PLATELET PRODUCTION,Proplatelet production,QUALITATIVE_ONLY,PRESENT,Figure 1,SCIENTIST_PROVISIONALLY_APPROVED,MECHANISTIC NEGATIVE ENDPOINT,https://haematologica.org/article/view/haematol.2020.260059,1,1,1,1,1,1,1,0,1,1,1,10,SILVER,CONTEXT_OR_CONTROL_ONLY,raw numeric outcome absent,SILVER,SILVER,ALIGNED
EXV-TMB-023,HUMAN_EX_VIVO,OLG-TMB-004,104838,Slingsby et al. 2022,Washed human platelets,MECHANISTIC NEGATIVE ENDPOINT,YES,COMPLETE,3,1 and 5 µM,30 min,CELL INJURY,LDH leakage,QUALITATIVE_ONLY,PRESENT,Online Supplementary Figure S1,SCIENTIST_PROVISIONALLY_APPROVED,MECHANISTIC NEGATIVE ENDPOINT,https://haematologica.org/article/view/haematol.2020.260059,1,1,1,1,1,1,1,0,1,1,1,10,SILVER,CONTEXT_OR_CONTROL_ONLY,raw numeric outcome absent,SILVER,SILVER,ALIGNED
EXV-TMB-024,HUMAN_EX_VIVO,OLG-TMB-005,501861,Slingsby et al. 2022,Human cord-blood-derived mature megakaryocytes,MECHANISTIC NEGATIVE ENDPOINT,YES,COMPLETE,Biological culture replicates,5 µM,24 h,PLATELET PRODUCTION,Proplatelet production,QUALITATIVE_ONLY,PRESENT,Figure 1,SCIENTIST_PROVISIONALLY_APPROVED,MECHANISTIC NEGATIVE ENDPOINT,https://haematologica.org/article/view/haematol.2020.260059,1,1,1,1,1,1,1,0,1,1,1,10,SILVER,CONTEXT_OR_CONTROL_ONLY,raw numeric outcome absent,SILVER,SILVER,ALIGNED
EXV-TMB-025,HUMAN_EX_VIVO,OLG-TMB-005,501861,Slingsby et al. 2022,Washed human platelets,MECHANISTIC NEGATIVE ENDPOINT,YES,COMPLETE,3,1 and 5 µM,30 min,CELL INJURY,LDH leakage,QUALITATIVE_ONLY,PRESENT,Online Supplementary Figure S1,SCIENTIST_PROVISIONALLY_APPROVED,MECHANISTIC NEGATIVE ENDPOINT,https://haematologica.org/article/view/haematol.2020.260059,1,1,1,1,1,1,1,0,1,1,1,10,SILVER,CONTEXT_OR_CONTROL_ONLY,raw numeric outcome absent,SILVER,SILVER,ALIGNED
EXV-TMB-026,HUMAN_EX_VIVO,OLG-TMB-006,120704,Slingsby et al. 2022,Human cord-blood-derived mature megakaryocytes,MECHANISTIC NEGATIVE ENDPOINT,YES,COMPLETE,Biological culture replicates,5 µM,24 h,PLATELET PRODUCTION,Proplatelet production,NUMERIC,PRESENT,Figure 1,SCIENTIST_PROVISIONALLY_APPROVED,MECHANISTIC NEGATIVE ENDPOINT,https://haematologica.org/article/view/haematol.2020.260059,1,1,1,1,1,1,1,1,1,1,1,11,GOLD,CONTEXT_OR_CONTROL_ONLY,none for restricted POC; clinical extrapolation prohibited,GOLD,GOLD,ALIGNED
EXV-TMB-027,HUMAN_EX_VIVO,OLG-TMB-006,120704,Slingsby et al. 2022,Washed human platelets,MECHANISTIC NEGATIVE ENDPOINT,YES,COMPLETE,3,1 and 5 µM,30 min,CELL INJURY,LDH leakage,QUALITATIVE_ONLY,PRESENT,Online Supplementary Figure S1,SCIENTIST_PROVISIONALLY_APPROVED,MECHANISTIC NEGATIVE ENDPOINT,https://haematologica.org/article/view/haematol.2020.260059,1,1,1,1,1,1,1,0,1,1,1,10,SILVER,CONTEXT_OR_CONTROL_ONLY,raw numeric outcome absent,SILVER,SILVER,ALIGNED
EXV-TMB-028,HUMAN_EX_VIVO,OLG-TMB-007,ODN 2395,Slingsby et al. 2022,Human cord-blood-derived mature megakaryocytes,MECHANISTIC NEGATIVE ENDPOINT,YES,COMPLETE,Biological culture replicates,5 µM,24 h,PLATELET PRODUCTION,Proplatelet production,QUALITATIVE_ONLY,PRESENT,Figure 1,SCIENTIST_PROVISIONALLY_APPROVED,MECHANISTIC NEGATIVE ENDPOINT,https://haematologica.org/article/view/haematol.2020.260059,1,1,1,1,1,1,1,0,1,1,1,10,SILVER,CONTEXT_OR_CONTROL_ONLY,raw numeric outcome absent,SILVER,SILVER,ALIGNED
EXV-TMB-029,HUMAN_EX_VIVO,OLG-TMB-007,ODN 2395,Slingsby et al. 2022,Washed human platelets,MECHANISTIC NEGATIVE ENDPOINT,YES,COMPLETE,3,1 and 5 µM,30 min,CELL INJURY,LDH leakage,QUALITATIVE_ONLY,PRESENT,Online Supplementary Figure S1,SCIENTIST_PROVISIONALLY_APPROVED,MECHANISTIC NEGATIVE ENDPOINT,https://haematologica.org/article/view/haematol.2020.260059,1,1,1,1,1,1,1,0,1,1,1,10,SILVER,CONTEXT_OR_CONTROL_ONLY,raw numeric outcome absent,SILVER,SILVER,ALIGNED
EXV-TMB-030,HUMAN_EX_VIVO,OLG-TMB-003,487660,Slingsby et al. 2022,Healthy-human platelet-rich plasma and whole blood,PRIMARY HUMAN EX VIVO MECHANISTIC,YES,COMPLETE,4 donors,"1, 5 and 10 µM",30 min,PLATELET DEGRANULATION,SDF1α release,QUALITATIVE_ONLY,PRESENT,Figure 3E-F,SCIENTIST_PROVISIONALLY_APPROVED,PRIMARY HUMAN EX VIVO MECHANISTIC,https://haematologica.org/article/view/haematol.2020.260059,1,1,1,1,1,1,1,0,1,1,1,10,SILVER,MECHANISTIC_QUALITATIVE_POC,raw numeric outcome absent,SILVER,SILVER,ALIGNED
EXV-TMB-031,HUMAN_EX_VIVO,OLG-TMB-003,487660,Slingsby et al. 2022,Healthy-human whole blood,CONTEXTUAL HUMAN EX VIVO,YES,COMPLETE,4 donors,"1, 5 and 10 µM",6 h,INFLAMMATORY CONTEXT,IL-8 and MCP-1 release,QUALITATIVE_ONLY,PRESENT,Figure 5,SCIENTIST_PROVISIONALLY_APPROVED,CONTEXTUAL HUMAN EX VIVO,https://haematologica.org/article/view/haematol.2020.260059,1,1,1,1,1,1,1,0,1,1,1,10,SILVER,CONTEXT_OR_CONTROL_ONLY,raw numeric outcome absent,SILVER,SILVER,ALIGNED
EXV-TMB-032,HUMAN_EX_VIVO,OLG-TMB-004,104838,Slingsby et al. 2022,Healthy-human platelet-rich plasma and whole blood,PRIMARY HUMAN EX VIVO MECHANISTIC,YES,COMPLETE,4 donors,"1, 5 and 10 µM",30 min,PLATELET DEGRANULATION,SDF1α release,QUALITATIVE_ONLY,PRESENT,Figure 3E-F,SCIENTIST_PROVISIONALLY_APPROVED,PRIMARY HUMAN EX VIVO MECHANISTIC,https://haematologica.org/article/view/haematol.2020.260059,1,1,1,1,1,1,1,0,1,1,1,10,SILVER,MECHANISTIC_QUALITATIVE_POC,raw numeric outcome absent,SILVER,SILVER,ALIGNED
EXV-TMB-033,HUMAN_EX_VIVO,OLG-TMB-004,104838,Slingsby et al. 2022,Healthy-human whole blood,CONTEXTUAL HUMAN EX VIVO,YES,COMPLETE,4 donors,"1, 5 and 10 µM",6 h,INFLAMMATORY CONTEXT,IL-8 and MCP-1 release,QUALITATIVE_ONLY,PRESENT,Figure 5,SCIENTIST_PROVISIONALLY_APPROVED,CONTEXTUAL HUMAN EX VIVO,https://haematologica.org/article/view/haematol.2020.260059,1,1,1,1,1,1,1,0,1,1,1,10,SILVER,CONTEXT_OR_CONTROL_ONLY,raw numeric outcome absent,SILVER,SILVER,ALIGNED
EXV-TMB-034,HUMAN_EX_VIVO,OLG-TMB-005,501861,Slingsby et al. 2022,Healthy-human platelet-rich plasma and whole blood,PRIMARY HUMAN EX VIVO MECHANISTIC,YES,COMPLETE,4 donors,"1, 5 and 10 µM",30 min,PLATELET DEGRANULATION,SDF1α release,QUALITATIVE_ONLY,PRESENT,Figure 3E-F,SCIENTIST_PROVISIONALLY_APPROVED,PRIMARY HUMAN EX VIVO MECHANISTIC,https://haematologica.org/article/view/haematol.2020.260059,1,1,1,1,1,1,1,0,1,1,1,10,SILVER,MECHANISTIC_QUALITATIVE_POC,raw numeric outcome absent,SILVER,SILVER,ALIGNED
EXV-TMB-035,HUMAN_EX_VIVO,OLG-TMB-005,501861,Slingsby et al. 2022,Healthy-human whole blood,CONTEXTUAL HUMAN EX VIVO,YES,COMPLETE,4 donors,"1, 5 and 10 µM",6 h,INFLAMMATORY CONTEXT,IL-8 and MCP-1 release,QUALITATIVE_ONLY,PRESENT,Figure 5,SCIENTIST_PROVISIONALLY_APPROVED,CONTEXTUAL HUMAN EX VIVO,https://haematologica.org/article/view/haematol.2020.260059,1,1,1,1,1,1,1,0,1,1,1,10,SILVER,CONTEXT_OR_CONTROL_ONLY,raw numeric outcome absent,SILVER,SILVER,ALIGNED
EXV-TMB-036,HUMAN_EX_VIVO,OLG-TMB-006,120704,Slingsby et al. 2022,Healthy-human platelet-rich plasma and whole blood,PRIMARY HUMAN EX VIVO MECHANISTIC,YES,COMPLETE,4 donors,"1, 5 and 10 µM",30 min,PLATELET DEGRANULATION,SDF1α release,QUALITATIVE_ONLY,PRESENT,Figure 3E-F,SCIENTIST_PROVISIONALLY_APPROVED,PRIMARY HUMAN EX VIVO MECHANISTIC,https://haematologica.org/article/view/haematol.2020.260059,1,1,1,1,1,1,1,0,1,1,1,10,SILVER,MECHANISTIC_QUALITATIVE_POC,raw numeric outcome absent,SILVER,SILVER,ALIGNED
EXV-TMB-037,HUMAN_EX_VIVO,OLG-TMB-006,120704,Slingsby et al. 2022,Healthy-human whole blood,CONTEXTUAL HUMAN EX VIVO,YES,COMPLETE,4 donors,"1, 5 and 10 µM",6 h,INFLAMMATORY CONTEXT,IL-8 and MCP-1 release,QUALITATIVE_ONLY,PRESENT,Figure 5,SCIENTIST_PROVISIONALLY_APPROVED,CONTEXTUAL HUMAN EX VIVO,https://haematologica.org/article/view/haematol.2020.260059,1,1,1,1,1,1,1,0,1,1,1,10,SILVER,CONTEXT_OR_CONTROL_ONLY,raw numeric outcome absent,SILVER,SILVER,ALIGNED
EXV-TMB-038,HUMAN_EX_VIVO,OLG-TMB-007,ODN 2395,Slingsby et al. 2022,Healthy-human platelet-rich plasma and whole blood,PRIMARY HUMAN EX VIVO MECHANISTIC,YES,COMPLETE,4 donors,"1, 5 and 10 µM",30 min,PLATELET DEGRANULATION,SDF1α release,QUALITATIVE_ONLY,PRESENT,Figure 3E-F,SCIENTIST_PROVISIONALLY_APPROVED,PRIMARY HUMAN EX VIVO MECHANISTIC,https://haematologica.org/article/view/haematol.2020.260059,1,1,1,1,1,1,1,0,1,1,1,10,SILVER,MECHANISTIC_QUALITATIVE_POC,raw numeric outcome absent,SILVER,SILVER,ALIGNED
EXV-TMB-039,HUMAN_EX_VIVO,OLG-TMB-007,ODN 2395,Slingsby et al. 2022,Healthy-human whole blood,CONTEXTUAL HUMAN EX VIVO,YES,COMPLETE,4 donors,"1, 5 and 10 µM",6 h,INFLAMMATORY CONTEXT,IL-8 and MCP-1 release,QUALITATIVE_ONLY,PRESENT,Figure 5,SCIENTIST_PROVISIONALLY_APPROVED,CONTEXTUAL HUMAN EX VIVO,https://haematologica.org/article/view/haematol.2020.260059,1,1,1,1,1,1,1,0,1,1,1,10,SILVER,CONTEXT_OR_CONTROL_ONLY,raw numeric outcome absent,SILVER,SILVER,ALIGNED
EXV-TMB-040,HUMAN_EX_VIVO,OLG-TMB-032,AC5-PS,Sewing et al. 2017,Washed healthy-human platelets,MECHANISTIC TRAINING CANDIDATE,YES,COMPLETE,Multiple donors,10 µM,10 min,PLATELET ACTIVATION,PAC1 binding and P-selectin,QUALITATIVE_ONLY,PRESENT,Figure 1 and Table 1,SCIENTIST_PROVISIONALLY_APPROVED,MECHANISTIC TRAINING CANDIDATE,https://journals.plos.org/plosone/article?id=10.1371/journal.pone.0187574,1,1,1,1,1,1,1,0,1,1,1,10,SILVER,MECHANISTIC_QUALITATIVE_POC,raw numeric outcome absent,SILVER,SILVER,ALIGNED
EXV-TMB-041,HUMAN_EX_VIVO,OLG-TMB-033,AC6-PS,Sewing et al. 2017,Washed healthy-human platelets,MECHANISTIC TRAINING CANDIDATE,YES,COMPLETE,Multiple donors,10 µM,10 min,PLATELET ACTIVATION,PAC1 binding and P-selectin,QUALITATIVE_ONLY,PRESENT,Figure 1 and Table 1,SCIENTIST_PROVISIONALLY_APPROVED,MECHANISTIC TRAINING CANDIDATE,https://journals.plos.org/plosone/article?id=10.1371/journal.pone.0187574,1,1,1,1,1,1,1,0,1,1,1,10,SILVER,MECHANISTIC_QUALITATIVE_POC,raw numeric outcome absent,SILVER,SILVER,ALIGNED
EXV-TMB-042,HUMAN_EX_VIVO,OLG-TMB-034,AC7-PS,Sewing et al. 2017,Washed healthy-human platelets,MECHANISTIC TRAINING CANDIDATE,YES,COMPLETE,Multiple donors,10 µM,10 min,PLATELET ACTIVATION,PAC1 binding and P-selectin,QUALITATIVE_ONLY,PRESENT,Figure 1 and Table 1,SCIENTIST_PROVISIONALLY_APPROVED,MECHANISTIC TRAINING CANDIDATE,https://journals.plos.org/plosone/article?id=10.1371/journal.pone.0187574,1,1,1,1,1,1,1,0,1,1,1,10,SILVER,MECHANISTIC_QUALITATIVE_POC,raw numeric outcome absent,SILVER,SILVER,ALIGNED
EXV-TMB-043,HUMAN_EX_VIVO,OLG-TMB-035,AC8-PS,Sewing et al. 2017,Washed healthy-human platelets,MECHANISTIC TRAINING CANDIDATE,YES,COMPLETE,Multiple donors,10 µM,10 min,PLATELET ACTIVATION,PAC1 binding and P-selectin,QUALITATIVE_ONLY,PRESENT,Figure 1 and Table 1,SCIENTIST_PROVISIONALLY_APPROVED,MECHANISTIC TRAINING CANDIDATE,https://journals.plos.org/plosone/article?id=10.1371/journal.pone.0187574,1,1,1,1,1,1,1,0,1,1,1,10,SILVER,MECHANISTIC_QUALITATIVE_POC,raw numeric outcome absent,SILVER,SILVER,ALIGNED
EXV-TMB-044,HUMAN_EX_VIVO,OLG-TMB-036,AC9-PS,Sewing et al. 2017,Washed healthy-human platelets,MECHANISTIC TRAINING CANDIDATE,YES,COMPLETE,Multiple donors,10 µM,10 min,PLATELET ACTIVATION,PAC1 binding and P-selectin,QUALITATIVE_ONLY,PRESENT,Figure 1 and Table 1,SCIENTIST_PROVISIONALLY_APPROVED,MECHANISTIC TRAINING CANDIDATE,https://journals.plos.org/plosone/article?id=10.1371/journal.pone.0187574,1,1,1,1,1,1,1,0,1,1,1,10,SILVER,MECHANISTIC_QUALITATIVE_POC,raw numeric outcome absent,SILVER,SILVER,ALIGNED
EXV-TMB-045,HUMAN_EX_VIVO,OLG-TMB-037,AC10-PS,Sewing et al. 2017,Washed healthy-human platelets,MECHANISTIC TRAINING CANDIDATE,YES,COMPLETE,Multiple donors,10 µM,10 min,PLATELET ACTIVATION,PAC1 binding and P-selectin,QUALITATIVE_ONLY,PRESENT,Figure 1 and Table 1,SCIENTIST_PROVISIONALLY_APPROVED,MECHANISTIC TRAINING CANDIDATE,https://journals.plos.org/plosone/article?id=10.1371/journal.pone.0187574,1,1,1,1,1,1,1,0,1,1,1,10,SILVER,MECHANISTIC_QUALITATIVE_POC,raw numeric outcome absent,SILVER,SILVER,ALIGNED
EXV-TMB-046,HUMAN_EX_VIVO,OLG-TMB-038,AC11-PS,Sewing et al. 2017,Washed healthy-human platelets,MECHANISTIC TRAINING CANDIDATE,YES,COMPLETE,Multiple donors,10 µM,10 min,PLATELET ACTIVATION,PAC1 binding and P-selectin,QUALITATIVE_ONLY,PRESENT,Figure 1 and Table 1,SCIENTIST_PROVISIONALLY_APPROVED,MECHANISTIC TRAINING CANDIDATE,https://journals.plos.org/plosone/article?id=10.1371/journal.pone.0187574,1,1,1,1,1,1,1,0,1,1,1,10,SILVER,MECHANISTIC_QUALITATIVE_POC,raw numeric outcome absent,SILVER,SILVER,ALIGNED
EXV-TMB-047,HUMAN_EX_VIVO,OLG-TMB-035,AC8-PS,Sewing et al. 2017,Washed healthy-human platelets,DOSE-RESPONSE SUPPORT,YES,COMPLETE,Multiple donors,Concentration series,10 min,PLATELET ACTIVATION,Activation threshold,NUMERIC,PRESENT,Figure 1 concentration-response,SCIENTIST_PROVISIONALLY_APPROVED,DOSE-RESPONSE SUPPORT,https://journals.plos.org/plosone/article?id=10.1371/journal.pone.0187574,1,1,1,1,1,1,1,1,1,1,1,11,GOLD,CONTEXT_OR_CONTROL_ONLY,none for restricted POC; clinical extrapolation prohibited,GOLD,GOLD,ALIGNED
EXV-TMB-048,HUMAN_EX_VIVO,OLG-TMB-039,AC8-LNA-PS,Sewing et al. 2017,Washed healthy-human platelets / human whole blood,MATCHED CHEMISTRY MITIGATION CANDIDATE,YES,COMPLETE,Multiple donors,Matched to parent AC construct,10 min to 6 h,MECHANISTIC MITIGATION,"Platelet activation, GPVI/PF4 binding, and cytokine response",QUALITATIVE_ONLY,PRESENT,Figures 2-6,SCIENTIST_PROVISIONALLY_APPROVED,MATCHED CHEMISTRY MITIGATION CANDIDATE,https://journals.plos.org/plosone/article?id=10.1371/journal.pone.0187574,1,1,1,1,1,1,1,0,1,1,1,10,SILVER,MECHANISTIC_QUALITATIVE_POC,raw numeric outcome absent,SILVER,SILVER,ALIGNED
EXV-TMB-049,HUMAN_EX_VIVO,OLG-TMB-040,AC9-LNA-PS,Sewing et al. 2017,Washed healthy-human platelets / human whole blood,MATCHED CHEMISTRY MITIGATION CANDIDATE,YES,COMPLETE,Multiple donors,Matched to parent AC construct,10 min to 6 h,MECHANISTIC MITIGATION,"Platelet activation, GPVI/PF4 binding, and cytokine response",QUALITATIVE_ONLY,PRESENT,Figures 2-6,SCIENTIST_PROVISIONALLY_APPROVED,MATCHED CHEMISTRY MITIGATION CANDIDATE,https://journals.plos.org/plosone/article?id=10.1371/journal.pone.0187574,1,1,1,1,1,1,1,0,1,1,1,10,SILVER,MECHANISTIC_QUALITATIVE_POC,raw numeric outcome absent,SILVER,SILVER,ALIGNED
EXV-TMB-050,HUMAN_EX_VIVO,OLG-TMB-041,AC10-LNA-PS,Sewing et al. 2017,Washed healthy-human platelets / human whole blood,MATCHED CHEMISTRY MITIGATION CANDIDATE,YES,COMPLETE,Multiple donors,Matched to parent AC construct,10 min to 6 h,MECHANISTIC MITIGATION,"Platelet activation, GPVI/PF4 binding, and cytokine response",QUALITATIVE_ONLY,PRESENT,Figures 2-6,SCIENTIST_PROVISIONALLY_APPROVED,MATCHED CHEMISTRY MITIGATION CANDIDATE,https://journals.plos.org/plosone/article?id=10.1371/journal.pone.0187574,1,1,1,1,1,1,1,0,1,1,1,10,SILVER,MECHANISTIC_QUALITATIVE_POC,raw numeric outcome absent,SILVER,SILVER,ALIGNED
EXV-TMB-051,HUMAN_EX_VIVO,OLG-TMB-007,ODN 2395,Sewing et al. 2017,Washed healthy-human platelets / whole blood,MATCHED BACKBONE POSITIVE,YES,COMPLETE,Multiple donors,10 µM,10 min to 24 h,PLATELET/IMMUNE ACTIVATION,"Platelet activation, GPVI/PF4 binding, complement and cytokines",QUALITATIVE_ONLY,PRESENT,Figures 2-6,SCIENTIST_PROVISIONALLY_APPROVED,MATCHED BACKBONE POSITIVE,https://journals.plos.org/plosone/article?id=10.1371/journal.pone.0187574,1,1,1,1,1,1,1,0,1,1,1,10,SILVER,MECHANISTIC_QUALITATIVE_POC,raw numeric outcome absent,SILVER,SILVER,ALIGNED
EXV-TMB-052,HUMAN_EX_VIVO,OLG-TMB-042,ODN 2395-PO,Sewing et al. 2017,Washed healthy-human platelets / whole blood,MATCHED BACKBONE NEGATIVE,YES,COMPLETE,Multiple donors,10 µM,10 min to 24 h,PLATELET/IMMUNE ACTIVATION,"Platelet activation, GPVI/PF4 binding, complement and cytokines",QUALITATIVE_ONLY,PRESENT,Figures 2-6,SCIENTIST_PROVISIONALLY_APPROVED,MATCHED BACKBONE NEGATIVE,https://journals.plos.org/plosone/article?id=10.1371/journal.pone.0187574,1,1,1,1,1,1,1,0,1,1,1,10,SILVER,MECHANISTIC_QUALITATIVE_POC,raw numeric outcome absent,SILVER,SILVER,ALIGNED
EXV-TMB-053,HUMAN_EX_VIVO,,AC PS length series,Sewing et al. 2017,Human bone-marrow progenitor cultures,GROUPED MECHANISTIC NEGATIVE,YES,INCOMPLETE,Multiple donors,Up to 10 µM,5 days,PLATELET PRODUCTION,Hematopoietic progenitor / megakaryocyte effects,QUALITATIVE_ONLY,PRESENT,Bone marrow assay section,SCIENTIST_PROVISIONALLY_APPROVED,GROUPED MECHANISTIC NEGATIVE,https://journals.plos.org/plosone/article?id=10.1371/journal.pone.0187574,1,0,1,1,1,1,1,0,1,1,1,9,BRONZE,CONTEXT_OR_CONTROL_ONLY,position chemistry incomplete; raw numeric outcome absent,BRONZE,SILVER,SCIENTIST_OVERRIDE
EXV-TMB-054,HUMAN_EX_VIVO,OLG-TMB-035,AC8-PS,Sewing et al. 2017,Human whole blood,CONTEXTUAL MECHANISTIC SUPPORT,YES,COMPLETE,Multiple donors,50 µM,24 h,INFLAMMATORY CONTEXT,IL-8 and MCP-1 release,QUALITATIVE_ONLY,PRESENT,Cytokine Figure 6,SCIENTIST_PROVISIONALLY_APPROVED,CONTEXTUAL MECHANISTIC SUPPORT,https://journals.plos.org/plosone/article?id=10.1371/journal.pone.0187574,1,1,1,1,1,1,1,0,1,1,1,10,SILVER,CONTEXT_OR_CONTROL_ONLY,raw numeric outcome absent,SILVER,SILVER,ALIGNED
EXV-TMB-055,HUMAN_EX_VIVO,OLG-TMB-003,487660,Slingsby et al. 2022,Purified recombinant human GPVI-Fc binding assay,PRIMARY HUMAN-PROTEIN MECHANISTIC,YES,COMPLETE,Replicate binding experiment,Concentration series,Equilibrium binding,PROTEIN BINDING,Human GPVI binding Kd,NUMERIC,ABSENT,Main article GPVI binding figure/results,SCIENTIST_PROVISIONALLY_APPROVED,PRIMARY HUMAN-PROTEIN MECHANISTIC,https://haematologica.org/article/view/haematol.2020.260059,1,1,1,1,1,1,1,1,0,1,1,10,SILVER,CONTEXT_OR_CONTROL_ONLY,comparator absent,SILVER,GOLD,SCIENTIST_OVERRIDE
EXV-TMB-056,HUMAN_EX_VIVO,OLG-TMB-004,104838,Slingsby et al. 2022,Purified recombinant human GPVI-Fc binding assay,PRIMARY HUMAN-PROTEIN MECHANISTIC,YES,COMPLETE,Replicate binding experiment,Concentration series,Equilibrium binding,PROTEIN BINDING,Human GPVI binding Kd,NUMERIC,ABSENT,Main article GPVI binding figure/results,SCIENTIST_PROVISIONALLY_APPROVED,PRIMARY HUMAN-PROTEIN MECHANISTIC,https://haematologica.org/article/view/haematol.2020.260059,1,1,1,1,1,1,1,1,0,1,1,10,SILVER,CONTEXT_OR_CONTROL_ONLY,comparator absent,SILVER,GOLD,SCIENTIST_OVERRIDE
EXV-TMB-057,HUMAN_EX_VIVO,OLG-TMB-005,501861,Slingsby et al. 2022,Purified recombinant human GPVI-Fc binding assay,PRIMARY HUMAN-PROTEIN MECHANISTIC,YES,COMPLETE,Replicate binding experiment,Concentration series,Equilibrium binding,PROTEIN BINDING,Human GPVI binding Kd,NUMERIC,ABSENT,Main article GPVI binding figure/results,SCIENTIST_PROVISIONALLY_APPROVED,PRIMARY HUMAN-PROTEIN MECHANISTIC,https://haematologica.org/article/view/haematol.2020.260059,1,1,1,1,1,1,1,1,0,1,1,10,SILVER,CONTEXT_OR_CONTROL_ONLY,comparator absent,SILVER,GOLD,SCIENTIST_OVERRIDE
EXV-TMB-058,HUMAN_EX_VIVO,OLG-TMB-006,120704,Slingsby et al. 2022,Purified recombinant human GPVI-Fc binding assay,PRIMARY HUMAN-PROTEIN MECHANISTIC,YES,COMPLETE,Replicate binding experiment,Concentration series,Equilibrium binding,PROTEIN BINDING,Human GPVI binding Kd,NUMERIC,ABSENT,Main article GPVI binding figure/results,SCIENTIST_PROVISIONALLY_APPROVED,PRIMARY HUMAN-PROTEIN MECHANISTIC,https://haematologica.org/article/view/haematol.2020.260059,1,1,1,1,1,1,1,1,0,1,1,10,SILVER,CONTEXT_OR_CONTROL_ONLY,comparator absent,SILVER,GOLD,SCIENTIST_OVERRIDE
EXV-TMB-059,HUMAN_EX_VIVO,OLG-TMB-007,ODN 2395,Slingsby et al. 2022,Purified recombinant human GPVI-Fc binding assay,PRIMARY HUMAN-PROTEIN MECHANISTIC,YES,COMPLETE,Replicate binding experiment,Concentration series,Equilibrium binding,PROTEIN BINDING,Human GPVI binding Kd,NUMERIC,ABSENT,Main article GPVI binding figure/results,SCIENTIST_PROVISIONALLY_APPROVED,PRIMARY HUMAN-PROTEIN MECHANISTIC,https://haematologica.org/article/view/haematol.2020.260059,1,1,1,1,1,1,1,1,0,1,1,10,SILVER,CONTEXT_OR_CONTROL_ONLY,comparator absent,SILVER,GOLD,SCIENTIST_OVERRIDE
EXV-TMB-060,HUMAN_EX_VIVO,OLG-TMB-003,487660,Slingsby et al. 2022,Purified human serum albumin binding assay,CONTEXT FEATURE / HUMAN PROTEIN BINDING,YES,COMPLETE,Replicate binding experiment,Concentration series,Equilibrium binding,PLASMA PROTEIN BINDING,Human serum albumin binding Kd,NUMERIC,ABSENT,Online Supplementary Figure S5,SCIENTIST_SUPPORT_ONLY,CONTEXT FEATURE / HUMAN PROTEIN BINDING,https://haematologica.org/article/view/haematol.2020.260059,1,1,1,1,1,1,1,1,0,1,0,9,SILVER,SUPPORT_ONLY,comparator absent,SILVER,SILVER,ALIGNED
EXV-TMB-061,HUMAN_EX_VIVO,OLG-TMB-004,104838,Slingsby et al. 2022,Purified human serum albumin binding assay,CONTEXT FEATURE / HUMAN PROTEIN BINDING,YES,COMPLETE,Replicate binding experiment,Concentration series,Equilibrium binding,PLASMA PROTEIN BINDING,Human serum albumin binding Kd,NUMERIC,ABSENT,Online Supplementary Figure S5,SCIENTIST_SUPPORT_ONLY,CONTEXT FEATURE / HUMAN PROTEIN BINDING,https://haematologica.org/article/view/haematol.2020.260059,1,1,1,1,1,1,1,1,0,1,0,9,SILVER,SUPPORT_ONLY,comparator absent,SILVER,SILVER,ALIGNED
EXV-TMB-062,HUMAN_EX_VIVO,OLG-TMB-005,501861,Slingsby et al. 2022,Purified human serum albumin binding assay,CONTEXT FEATURE / HUMAN PROTEIN BINDING,YES,COMPLETE,Replicate binding experiment,Concentration series,Equilibrium binding,PLASMA PROTEIN BINDING,Human serum albumin binding Kd,NUMERIC,ABSENT,Online Supplementary Figure S5,SCIENTIST_SUPPORT_ONLY,CONTEXT FEATURE / HUMAN PROTEIN BINDING,https://haematologica.org/article/view/haematol.2020.260059,1,1,1,1,1,1,1,1,0,1,0,9,SILVER,SUPPORT_ONLY,comparator absent,SILVER,SILVER,ALIGNED
EXV-TMB-063,HUMAN_EX_VIVO,OLG-TMB-006,120704,Slingsby et al. 2022,Purified human serum albumin binding assay,CONTEXT FEATURE / HUMAN PROTEIN BINDING,YES,COMPLETE,Replicate binding experiment,Concentration series,Equilibrium binding,PLASMA PROTEIN BINDING,Human serum albumin binding Kd,NUMERIC,ABSENT,Online Supplementary Figure S5,SCIENTIST_SUPPORT_ONLY,CONTEXT FEATURE / HUMAN PROTEIN BINDING,https://haematologica.org/article/view/haematol.2020.260059,1,1,1,1,1,1,1,1,0,1,0,9,SILVER,SUPPORT_ONLY,comparator absent,SILVER,SILVER,ALIGNED
EXV-TMB-064,HUMAN_EX_VIVO,OLG-TMB-007,ODN 2395,Slingsby et al. 2022,Purified human serum albumin binding assay,CONTEXT FEATURE / HUMAN PROTEIN BINDING,YES,COMPLETE,Replicate binding experiment,Concentration series,Equilibrium binding,PLASMA PROTEIN BINDING,Human serum albumin binding Kd,NUMERIC,ABSENT,Online Supplementary Figure S5,SCIENTIST_SUPPORT_ONLY,CONTEXT FEATURE / HUMAN PROTEIN BINDING,https://haematologica.org/article/view/haematol.2020.260059,1,1,1,1,1,1,1,1,0,1,0,9,SILVER,SUPPORT_ONLY,comparator absent,SILVER,SILVER,ALIGNED
EXV-TMB-065,HUMAN_EX_VIVO,OLG-TMB-006,120704,Slingsby et al. 2022,Healthy-human platelet-rich plasma; high-GPVI donor subset,PRIMARY HUMAN EX VIVO HOST-FACTOR MECHANISTIC,YES,COMPLETE,2,5 µM,30 min,HOST-SUSCEPTIBILITY / PLATELET AGGREGATION,Spontaneous platelet aggregation in high-GPVI donors,QUALITATIVE_ONLY,PRESENT,Online Supplementary Figure S3,SCIENTIST_PROVISIONALLY_APPROVED,PRIMARY HUMAN EX VIVO HOST-FACTOR MECHANISTIC,https://haematologica.org/article/view/haematol.2020.260059,1,1,1,1,1,1,1,0,1,1,1,10,SILVER,MECHANISTIC_QUALITATIVE_POC,raw numeric outcome absent,SILVER,SILVER,ALIGNED
EXV-TMB-066,HUMAN_EX_VIVO,OLG-TMB-007,ODN 2395,Slingsby et al. 2022,Healthy-human platelet-rich plasma; high-GPVI donor subset,PRIMARY HUMAN EX VIVO HOST-FACTOR MECHANISTIC,YES,COMPLETE,2,5 µM,30 min,HOST-SUSCEPTIBILITY / PLATELET AGGREGATION,Spontaneous platelet aggregation in high-GPVI donors,QUALITATIVE_ONLY,PRESENT,Online Supplementary Figure S3,SCIENTIST_PROVISIONALLY_APPROVED,PRIMARY HUMAN EX VIVO HOST-FACTOR MECHANISTIC,https://haematologica.org/article/view/haematol.2020.260059,1,1,1,1,1,1,1,0,1,1,1,10,SILVER,MECHANISTIC_QUALITATIVE_POC,raw numeric outcome absent,SILVER,SILVER,ALIGNED
EXV-TMB-067,HUMAN_EX_VIVO,,TRAP positive control,Slingsby et al. 2022,Healthy-human platelet-rich plasma,ASSAY CONTROL ONLY,NO,INCOMPLETE,5,25 µM,Activation condition,RECEPTOR-STATE CONTROL,Platelet-surface GPVI after TRAP activation,QUALITATIVE_ONLY,PRESENT,Online Supplementary Figure S2,SCIENTIST_SUPPORT_ONLY,ASSAY CONTROL ONLY,https://haematologica.org/article/view/haematol.2020.260059,0,0,1,1,1,1,1,0,1,1,0,7,BRONZE,SUPPORT_ONLY,exact sequence absent; position chemistry incomplete; raw numeric outcome absent,BRONZE,BRONZE,ALIGNED
EXV-TMB-068,HUMAN_EX_VIVO,OLG-TMB-004,104838,Slingsby et al. 2022,Healthy-human whole blood,MECHANISM DISAMBIGUATION CONTROL,YES,COMPLETE,9,5 µM,30 min,DIRECT LEUKOCYTE ACTIVATION,Neutrophil CD11b expression,QUALITATIVE_ONLY,PRESENT,Online Supplementary Figure S4,SCIENTIST_PROVISIONALLY_APPROVED,MECHANISM DISAMBIGUATION CONTROL,https://haematologica.org/article/view/haematol.2020.260059,1,1,1,1,1,1,1,0,1,1,1,10,SILVER,MECHANISTIC_QUALITATIVE_POC,raw numeric outcome absent,SILVER,SILVER,ALIGNED
EXV-TMB-069,HUMAN_EX_VIVO,OLG-TMB-004,104838,Slingsby et al. 2022,Healthy-human whole blood,MECHANISM DISAMBIGUATION CONTROL,YES,COMPLETE,9,5 µM,30 min,DIRECT LEUKOCYTE ACTIVATION,Monocyte CD11b expression,QUALITATIVE_ONLY,PRESENT,Online Supplementary Figure S4,SCIENTIST_PROVISIONALLY_APPROVED,MECHANISM DISAMBIGUATION CONTROL,https://haematologica.org/article/view/haematol.2020.260059,1,1,1,1,1,1,1,0,1,1,1,10,SILVER,MECHANISTIC_QUALITATIVE_POC,raw numeric outcome absent,SILVER,SILVER,ALIGNED
EXV-TMB-070,HUMAN_EX_VIVO,OLG-TMB-005,501861,Slingsby et al. 2022,Healthy-human whole blood,MECHANISM DISAMBIGUATION CONTROL,YES,COMPLETE,9,5 µM,30 min,DIRECT LEUKOCYTE ACTIVATION,Neutrophil CD11b expression,QUALITATIVE_ONLY,PRESENT,Online Supplementary Figure S4,SCIENTIST_PROVISIONALLY_APPROVED,MECHANISM DISAMBIGUATION CONTROL,https://haematologica.org/article/view/haematol.2020.260059,1,1,1,1,1,1,1,0,1,1,1,10,SILVER,MECHANISTIC_QUALITATIVE_POC,raw numeric outcome absent,SILVER,SILVER,ALIGNED
EXV-TMB-071,HUMAN_EX_VIVO,OLG-TMB-005,501861,Slingsby et al. 2022,Healthy-human whole blood,MECHANISM DISAMBIGUATION CONTROL,YES,COMPLETE,9,5 µM,30 min,DIRECT LEUKOCYTE ACTIVATION,Monocyte CD11b expression,QUALITATIVE_ONLY,PRESENT,Online Supplementary Figure S4,SCIENTIST_PROVISIONALLY_APPROVED,MECHANISM DISAMBIGUATION CONTROL,https://haematologica.org/article/view/haematol.2020.260059,1,1,1,1,1,1,1,0,1,1,1,10,SILVER,MECHANISTIC_QUALITATIVE_POC,raw numeric outcome absent,SILVER,SILVER,ALIGNED
EXV-TMB-072,HUMAN_EX_VIVO,OLG-TMB-006,120704,Slingsby et al. 2022,Healthy-human whole blood,MECHANISM DISAMBIGUATION CONTROL,YES,COMPLETE,9,5 µM,30 min,DIRECT LEUKOCYTE ACTIVATION,Neutrophil CD11b expression,QUALITATIVE_ONLY,PRESENT,Online Supplementary Figure S4,SCIENTIST_PROVISIONALLY_APPROVED,MECHANISM DISAMBIGUATION CONTROL,https://haematologica.org/article/view/haematol.2020.260059,1,1,1,1,1,1,1,0,1,1,1,10,SILVER,MECHANISTIC_QUALITATIVE_POC,raw numeric outcome absent,SILVER,SILVER,ALIGNED
EXV-TMB-073,HUMAN_EX_VIVO,OLG-TMB-006,120704,Slingsby et al. 2022,Healthy-human whole blood,MECHANISM DISAMBIGUATION CONTROL,YES,COMPLETE,9,5 µM,30 min,DIRECT LEUKOCYTE ACTIVATION,Monocyte CD11b expression,QUALITATIVE_ONLY,PRESENT,Online Supplementary Figure S4,SCIENTIST_PROVISIONALLY_APPROVED,MECHANISM DISAMBIGUATION CONTROL,https://haematologica.org/article/view/haematol.2020.260059,1,1,1,1,1,1,1,0,1,1,1,10,SILVER,MECHANISTIC_QUALITATIVE_POC,raw numeric outcome absent,SILVER,SILVER,ALIGNED
EXV-TMB-074,HUMAN_EX_VIVO,OLG-TMB-007,ODN 2395,Slingsby et al. 2022,Healthy-human whole blood,MECHANISM DISAMBIGUATION CONTROL,YES,COMPLETE,9,5 µM,30 min,DIRECT LEUKOCYTE ACTIVATION,Neutrophil CD11b expression,QUALITATIVE_ONLY,PRESENT,Online Supplementary Figure S4,SCIENTIST_PROVISIONALLY_APPROVED,MECHANISM DISAMBIGUATION CONTROL,https://haematologica.org/article/view/haematol.2020.260059,1,1,1,1,1,1,1,0,1,1,1,10,SILVER,MECHANISTIC_QUALITATIVE_POC,raw numeric outcome absent,SILVER,SILVER,ALIGNED
EXV-TMB-075,HUMAN_EX_VIVO,OLG-TMB-007,ODN 2395,Slingsby et al. 2022,Healthy-human whole blood,MECHANISM DISAMBIGUATION CONTROL,YES,COMPLETE,9,5 µM,30 min,DIRECT LEUKOCYTE ACTIVATION,Monocyte CD11b expression,QUALITATIVE_ONLY,PRESENT,Online Supplementary Figure S4,SCIENTIST_PROVISIONALLY_APPROVED,MECHANISM DISAMBIGUATION CONTROL,https://haematologica.org/article/view/haematol.2020.260059,1,1,1,1,1,1,1,0,1,1,1,10,SILVER,MECHANISTIC_QUALITATIVE_POC,raw numeric outcome absent,SILVER,SILVER,ALIGNED
