Clinical_Record_ID,Sequence_Record_ID,Canonical_Name,Alias_or_Study_ID,Target,Sequence_5to3,Chemistry_Summary,Study_Citation,Study_Design,Population,Active_N,Comparator_N,Dose_Regimen,Route,Duration,Outcome_Domain,Endpoint,Threshold_Lower,Threshold_Upper,Threshold_Units,Active_Events,Comparator_Events,Active_Rate,Comparator_Rate,Severity_or_Phenotype,Time_Course,Recovery_or_Management,Mechanistic_Interpretation,Adverse_vs_Intended,Evidence_Directness,Evidence_Confidence,Training_Eligibility,Scientist_Status,Source_Location,Source_URL,Notes
CLIN-TMB-001,OLG-TMB-001,Volanesorsen,ISIS 304801 / APPROACH,APOC3,AGCTTCTTGTCCAGCTTTAT,"20-mer, full PS, 5-10-5 2′MOE gapmer, all C 5mC",Witztum et al. 2019,Randomized placebo-controlled phase 3,Familial chylomicronemia syndrome,33,33,300 mg once weekly,Subcutaneous,52 weeks,THROMBOCYTOPENIA,Confirmed platelet nadir below normal,,140000,platelets/µL,25,8,0.7575757575757576,0.24242424242424243,Any below-normal platelet count,Confirmed nadir during treatment,Dose interruption/discontinuation and intensified monitoring for lower counts,Clinical platelet-count toxicity; mechanism not fully established in trial,ADVERSE,PRIMARY HUMAN CLINICAL,HIGH,PROVISIONAL_AGGREGATE_TRAINING,SCIENTIST_PROVISIONALLY_APPROVED,Table 4 and safety text,https://doi.org/10.1056/NEJMoa1715944,Table/text reports 16 below 100k; the abstract reports 15. Table-level value retained and discrepancy logged.
CLIN-TMB-002,OLG-TMB-001,Volanesorsen,ISIS 304801 / APPROACH,APOC3,AGCTTCTTGTCCAGCTTTAT,"20-mer, full PS, 5-10-5 2′MOE gapmer, all C 5mC",Witztum et al. 2019,Randomized placebo-controlled phase 3,Familial chylomicronemia syndrome,33,33,300 mg once weekly,Subcutaneous,52 weeks,THROMBOCYTOPENIA,"Confirmed platelet nadir <100,000/µL",,100000,platelets/µL,16,0,0.48484848484848486,0,Clinically relevant thrombocytopenia,Confirmed nadir during treatment,Dose interruption/discontinuation and intensified monitoring for lower counts,Clinical platelet-count toxicity; mechanism not fully established in trial,ADVERSE,PRIMARY HUMAN CLINICAL,HIGH,PROVISIONAL_AGGREGATE_TRAINING,SCIENTIST_PROVISIONALLY_APPROVED,Table 4 and safety text,https://doi.org/10.1056/NEJMoa1715944,Table/text reports 16 below 100k; the abstract reports 15. Table-level value retained and discrepancy logged.
CLIN-TMB-003,OLG-TMB-001,Volanesorsen,ISIS 304801 / APPROACH,APOC3,AGCTTCTTGTCCAGCTTTAT,"20-mer, full PS, 5-10-5 2′MOE gapmer, all C 5mC",Witztum et al. 2019,Randomized placebo-controlled phase 3,Familial chylomicronemia syndrome,33,33,300 mg once weekly,Subcutaneous,52 weeks,THROMBOCYTOPENIA,"Confirmed platelet nadir 100,000-<140,000/µL",100000,140000,platelets/µL,9,8,0.2727272727272727,0.24242424242424243,Mild,Confirmed nadir during treatment,Dose interruption/discontinuation and intensified monitoring for lower counts,Clinical platelet-count toxicity; mechanism not fully established in trial,ADVERSE,PRIMARY HUMAN CLINICAL,HIGH,PROVISIONAL_AGGREGATE_TRAINING,SCIENTIST_PROVISIONALLY_APPROVED,Table 4 and safety text,https://doi.org/10.1056/NEJMoa1715944,Table/text reports 16 below 100k; the abstract reports 15. Table-level value retained and discrepancy logged.
CLIN-TMB-004,OLG-TMB-001,Volanesorsen,ISIS 304801 / APPROACH,APOC3,AGCTTCTTGTCCAGCTTTAT,"20-mer, full PS, 5-10-5 2′MOE gapmer, all C 5mC",Witztum et al. 2019,Randomized placebo-controlled phase 3,Familial chylomicronemia syndrome,33,33,300 mg once weekly,Subcutaneous,52 weeks,THROMBOCYTOPENIA,"Confirmed platelet nadir 75,000-<100,000/µL",75000,100000,platelets/µL,6,0,0.18181818181818182,0,Moderate,Confirmed nadir during treatment,Dose interruption/discontinuation and intensified monitoring for lower counts,Clinical platelet-count toxicity; mechanism not fully established in trial,ADVERSE,PRIMARY HUMAN CLINICAL,HIGH,PROVISIONAL_AGGREGATE_TRAINING,SCIENTIST_PROVISIONALLY_APPROVED,Table 4 and safety text,https://doi.org/10.1056/NEJMoa1715944,Table/text reports 16 below 100k; the abstract reports 15. Table-level value retained and discrepancy logged.
CLIN-TMB-005,OLG-TMB-001,Volanesorsen,ISIS 304801 / APPROACH,APOC3,AGCTTCTTGTCCAGCTTTAT,"20-mer, full PS, 5-10-5 2′MOE gapmer, all C 5mC",Witztum et al. 2019,Randomized placebo-controlled phase 3,Familial chylomicronemia syndrome,33,33,300 mg once weekly,Subcutaneous,52 weeks,THROMBOCYTOPENIA,"Confirmed platelet nadir 50,000-<75,000/µL",50000,75000,platelets/µL,7,0,0.21212121212121213,0,Moderate-to-severe,Confirmed nadir during treatment,Dose interruption/discontinuation and intensified monitoring for lower counts,Clinical platelet-count toxicity; mechanism not fully established in trial,ADVERSE,PRIMARY HUMAN CLINICAL,HIGH,PROVISIONAL_AGGREGATE_TRAINING,SCIENTIST_PROVISIONALLY_APPROVED,Table 4 and safety text,https://doi.org/10.1056/NEJMoa1715944,Table/text reports 16 below 100k; the abstract reports 15. Table-level value retained and discrepancy logged.
CLIN-TMB-006,OLG-TMB-001,Volanesorsen,ISIS 304801 / APPROACH,APOC3,AGCTTCTTGTCCAGCTTTAT,"20-mer, full PS, 5-10-5 2′MOE gapmer, all C 5mC",Witztum et al. 2019,Randomized placebo-controlled phase 3,Familial chylomicronemia syndrome,33,33,300 mg once weekly,Subcutaneous,52 weeks,THROMBOCYTOPENIA,"Confirmed platelet nadir 25,000-<50,000/µL",25000,50000,platelets/µL,1,0,0.030303030303030304,0,Severe,Confirmed nadir during treatment,Dose interruption/discontinuation and intensified monitoring for lower counts,Clinical platelet-count toxicity; mechanism not fully established in trial,ADVERSE,PRIMARY HUMAN CLINICAL,HIGH,PROVISIONAL_AGGREGATE_TRAINING,SCIENTIST_PROVISIONALLY_APPROVED,Table 4 and safety text,https://doi.org/10.1056/NEJMoa1715944,Table/text reports 16 below 100k; the abstract reports 15. Table-level value retained and discrepancy logged.
CLIN-TMB-007,OLG-TMB-001,Volanesorsen,ISIS 304801 / APPROACH,APOC3,AGCTTCTTGTCCAGCTTTAT,"20-mer, full PS, 5-10-5 2′MOE gapmer, all C 5mC",Witztum et al. 2019,Randomized placebo-controlled phase 3,Familial chylomicronemia syndrome,33,33,300 mg once weekly,Subcutaneous,52 weeks,THROMBOCYTOPENIA,"Confirmed platelet nadir <25,000/µL",,25000,platelets/µL,2,0,0.06060606060606061,0,Grade 4/severe,Confirmed nadir during treatment,Dose interruption/discontinuation and intensified monitoring for lower counts,Clinical platelet-count toxicity; mechanism not fully established in trial,ADVERSE,PRIMARY HUMAN CLINICAL,HIGH,PROVISIONAL_AGGREGATE_TRAINING,SCIENTIST_PROVISIONALLY_APPROVED,Table 4 and safety text,https://doi.org/10.1056/NEJMoa1715944,Table/text reports 16 below 100k; the abstract reports 15. Table-level value retained and discrepancy logged.
CLIN-TMB-008,OLG-TMB-001,Volanesorsen,ISIS 304801 / APPROACH,APOC3,AGCTTCTTGTCCAGCTTTAT,"20-mer, full PS, 5-10-5 2′MOE gapmer, all C 5mC",Witztum et al. 2019,Randomized placebo-controlled phase 3,Two severe cases,2,,300 mg once weekly before discontinuation,Subcutaneous,Mid-trial,THROMBOCYTOPENIA,Recovery after grade 4 thrombocytopenia,,25000,platelets/µL,2,,1,,Severe/grade 4,Counts normalized 23 and 33 days after stopping,"Both discontinued; glucocorticoids used, and one patient also received IVIG",Reversible after withdrawal; immune contribution possible but not proven by trial,ADVERSE,PRIMARY HUMAN CLINICAL,HIGH,SUPPORTS_RECOVERY_AND_MANAGEMENT,SCIENTIST_PROVISIONALLY_APPROVED,Safety text following Table 4,https://doi.org/10.1056/NEJMoa1715944,No major bleeding occurred in either severe case.
CLIN-TMB-009,OLG-TMB-001,Volanesorsen,ISIS 304801 / APPROACH,APOC3,AGCTTCTTGTCCAGCTTTAT,"20-mer, full PS, 5-10-5 2′MOE gapmer, all C 5mC",Witztum et al. 2019,Protocol mitigation observation,Trial cohort after protocol amendment,33,,300 mg weekly with protocol-directed modification,Subcutaneous,After May 2016 amendment,RISK MITIGATION,Monitoring and dose-action thresholds,,,,,,0,,Monitoring strategy,Every 2 weeks,Reduce dosing frequency below 100k; interrupt below 75k,"Risk-management observation, not a toxicity label",MITIGATION,PRIMARY HUMAN CLINICAL,HIGH,SUPPORT_ONLY_MANAGEMENT,SCIENTIST_PROVISIONALLY_APPROVED,Safety text after Table 4,https://doi.org/10.1056/NEJMoa1715944,"After enhanced monitoring, no further platelet declines below 50k were reported."
CLIN-TMB-010,OLG-TMB-031,Inotersen,ISIS 420915 / NEURO-TTR,TTR,TCTTGGTTACATGAAATCCC,"20-mer, full PS, 5-10-5 2′MOE gapmer, all C 5mC",Benson et al. 2018,Randomized placebo-controlled phase 3,Hereditary transthyretin amyloidosis with polyneuropathy,112,60,300 mg once weekly,Subcutaneous,15 months,THROMBOCYTOPENIA,"Confirmed platelet count <140,000/µL",,140000,platelets/µL,60,8,0.5357142857142857,0.13333333333333333,Any below-normal platelet count,Treatment-emergent,Weekly monitoring instituted after severe events,All three severe cases had platelet-reactive IgG antibodies; immune-mediated mechanism supported,ADVERSE,PRIMARY HUMAN CLINICAL,HIGH,PROVISIONAL_AGGREGATE_TRAINING,SCIENTIST_PROVISIONALLY_APPROVED,Safety section and Table 2,https://pmc.ncbi.nlm.nih.gov/articles/PMC12611561/,Exact sequence/chemistry linked through Crooke Table 1 and product identity.
CLIN-TMB-011,OLG-TMB-031,Inotersen,ISIS 420915 / NEURO-TTR,TTR,TCTTGGTTACATGAAATCCC,"20-mer, full PS, 5-10-5 2′MOE gapmer, all C 5mC",Benson et al. 2018,Randomized placebo-controlled phase 3,Hereditary transthyretin amyloidosis with polyneuropathy,112,60,300 mg once weekly,Subcutaneous,15 months,THROMBOCYTOPENIA,"Platelet nadir <25,000/µL",,25000,platelets/µL,3,0,0.026785714285714284,0,"Severe/grade 4; nadirs <10,000/µL",Treatment-emergent,Weekly monitoring instituted after severe events,All three severe cases had platelet-reactive IgG antibodies; immune-mediated mechanism supported,ADVERSE,PRIMARY HUMAN CLINICAL,HIGH,PROVISIONAL_AGGREGATE_TRAINING,SCIENTIST_PROVISIONALLY_APPROVED,Safety section and Table 2,https://pmc.ncbi.nlm.nih.gov/articles/PMC12611561/,Exact sequence/chemistry linked through Crooke Table 1 and product identity.
CLIN-TMB-012,OLG-TMB-031,Inotersen,ISIS 420915 / NEURO-TTR,TTR,TCTTGGTTACATGAAATCCC,"20-mer, full PS, 5-10-5 2′MOE gapmer, all C 5mC",Benson et al. 2018,Randomized placebo-controlled phase 3,Inotersen-treated cohort,112,60,300 mg once weekly,Subcutaneous,15 months,CLINICAL OUTCOME,Fatal intracranial hemorrhage associated with grade 4 thrombocytopenia,,,,1,0,0.008928571428571428,0,Fatal serious adverse event,Occurred before intensified monitoring,One fatal intracranial hemorrhage in a patient with severe thrombocytopenia,Clinical consequence of severe thrombocytopenia,ADVERSE,PRIMARY HUMAN CLINICAL,HIGH,SUPPORTS_SEVERITY_NOT_BINARY_LABEL,SCIENTIST_PROVISIONALLY_APPROVED,Safety text and Table 2,https://pmc.ncbi.nlm.nih.gov/articles/PMC12611561/,Serious-AE table codes thrombocytopenia and hemorrhage separately; keep clinical-event and laboratory endpoints separate.
CLIN-TMB-013,OLG-TMB-031,Inotersen,ISIS 420915 / NEURO-TTR,TTR,TCTTGGTTACATGAAATCCC,"20-mer, full PS, 5-10-5 2′MOE gapmer, all C 5mC",Benson et al. 2018,Risk-management observation,Trial cohort after severe cases,112,,300 mg weekly with monitoring-based management,Subcutaneous,Later trial period,RISK MITIGATION,Weekly platelet monitoring,,,,,,0,,Monitoring strategy,Weekly,"No additional platelet counts below 50,000/µL after weekly monitoring was instituted",Risk-management observation,MITIGATION,PRIMARY HUMAN CLINICAL,HIGH,SUPPORT_ONLY_MANAGEMENT,SCIENTIST_PROVISIONALLY_APPROVED,Safety section,https://pmc.ncbi.nlm.nih.gov/articles/PMC12611561/,"Monitoring changes alter observed severe-event incidence and must be modeled as context, not molecular feature."
CLIN-TMB-014,,2′MOE ASO class,Ionis integrated safety database,Multiple,Multiple,"Full-PS 2′MOE gapmers, primarily 5-10-5",Crooke et al. 2017,Integrated analysis across randomized and open-label human trials,"2,363 active-exposed subjects vs 777 placebo for >30% decline analysis",2363,777,Dose groups across 16 ASOs,Primarily subcutaneous/systemic,Multiple trials,THROMBOCYTOPENIA,Platelet decline >30% from baseline,,,percent decline,205,13,0.086754126110876,0.01673101673101673,Phenotype 1-like moderate decline,Dose-dependent; highest incidence at ≥175 mg/week,Generally returned toward baseline with discontinuation/dose interruption,Class-level signal is heterogeneous and sequence-associated,ADVERSE,PRIMARY INTEGRATED HUMAN CLINICAL,HIGH,CLASS_LEVEL_ONLY,SCIENTIST_PROVISIONALLY_APPROVED,Figure 1 and Results,https://journals.sagepub.com/doi/full/10.1089/nat.2016.0650,Do not assign this pooled label to every sequence; only three of 16 had >10% incidence.
CLIN-TMB-015,,2′MOE ASO class,Ionis integrated safety database,Multiple,Multiple,Full-PS 2′MOE gapmers,Crooke et al. 2017,Integrated human safety database,ASO-exposed vs placebo across included trials,2249,743,Multiple,Multiple,Multiple,THROMBOCYTOPENIA,"Confirmed platelet count 75,000-<100,000/µL",75000,100000,platelets/µL,6,0,0.0026678523788350376,0,Moderate,Confirmed values during included studies,Clinical monitoring per individual protocols,No generic severe thrombocytopenia signal in this specific integrated subset,ADVERSE,PRIMARY INTEGRATED HUMAN CLINICAL,HIGH,CLASS_LEVEL_ONLY,SCIENTIST_PROVISIONALLY_APPROVED,Table 3,https://journals.sagepub.com/doi/full/10.1089/nat.2016.0650,The integrated subset excluded the later phase 3 severe cases for volanesorsen and inotersen.
CLIN-TMB-016,,2′MOE ASO class,Ionis integrated safety database,Multiple,Multiple,Full-PS 2′MOE gapmers,Crooke et al. 2017,Integrated human safety database,ASO-exposed vs placebo across included trials,2249,743,Multiple,Multiple,Multiple,THROMBOCYTOPENIA,"Confirmed platelet count 50,000-<75,000/µL",50000,75000,platelets/µL,1,1,0.00044464206313917296,0.0013458950201884253,Severe,Confirmed values during included studies,Clinical monitoring per individual protocols,No generic severe thrombocytopenia signal in this specific integrated subset,ADVERSE,PRIMARY INTEGRATED HUMAN CLINICAL,HIGH,CLASS_LEVEL_ONLY,SCIENTIST_PROVISIONALLY_APPROVED,Table 3,https://journals.sagepub.com/doi/full/10.1089/nat.2016.0650,The integrated subset excluded the later phase 3 severe cases for volanesorsen and inotersen.
CLIN-TMB-017,,2′MOE ASO class,Ionis integrated safety database,Multiple,Multiple,Full-PS 2′MOE gapmers,Crooke et al. 2017,Integrated human safety database,ASO-exposed vs placebo across included trials,2249,743,Multiple,Multiple,Multiple,THROMBOCYTOPENIA,"Confirmed platelet count <50,000/µL",,50000,platelets/µL,0,0,0,0,Very severe,Confirmed values during included studies,Clinical monitoring per individual protocols,No generic severe thrombocytopenia signal in this specific integrated subset,ADVERSE,PRIMARY INTEGRATED HUMAN CLINICAL,HIGH,CLASS_LEVEL_ONLY,SCIENTIST_PROVISIONALLY_APPROVED,Table 3,https://journals.sagepub.com/doi/full/10.1089/nat.2016.0650,The integrated subset excluded the later phase 3 severe cases for volanesorsen and inotersen.
CLIN-TMB-018,OLG-TMB-004,104838,ISIS 104838,TNF-α,GCTGATTAGAGAGAGGTCCC,"20-mer full PS 5-10-5 2′MOE, all C 5mC",Crooke et al. 2017,Phase 2 rheumatoid arthritis data summarized in integrated analysis,Human rheumatoid arthritis patients,,,"100, 200, or 400 mg/week",Subcutaneous,Repeated dosing,THROMBOCYTOPENIA,Moderate platelet-count decline,,,,,,,,Phenotype 1,Time- and dose-dependent,Reversible with stopping/dose management; no reported severe clinical consequence in cited study,Sequence-associated phenotype 1; supported by Slingsby human platelet activation work,ADVERSE,PRIMARY/INTEGRATED HUMAN CLINICAL,MODERATE-HIGH,PROVISIONAL_POSITIVE_QUALITATIVE,SCIENTIST_PROVISIONALLY_APPROVED,Figure 1 and compound-specific discussion,https://journals.sagepub.com/doi/full/10.1089/nat.2016.0650,Exact event counts by dose require the original trial/supplement.
CLIN-TMB-019,OLG-TMB-018,107248,ATL1102,CD49D,CTGAGTCTGTTTTCCATTCT,"20-mer full PS 3-9-8 2′MOE, all C 5mC",Crooke et al. 2017 citing external phase 2a,Secondary summary of human clinical trial,Relapsing-remitting multiple sclerosis,,,400 mg/week,Subcutaneous,12 weeks,THROMBOCYTOPENIA,Platelet count below lower limit of normal / severe nadir,,,platelets/µL,,,,,"Mild signal; one patient reported <75,000/µL",During dosing,Recovered after stopping per primary report,Potential phenotype 1; primary patient-level data not available in Crooke database,ADVERSE,SECONDARY HUMAN CLINICAL,LOW-MODERATE,HOLD_PRIMARY_SOURCE,SCIENTIST_HOLD,Discussion/external comparison,https://journals.sagepub.com/doi/full/10.1089/nat.2016.0650,Approximately 11% below LLN is cited secondarily; do not use for training until original data are verified.
CLIN-TMB-020,OLG-TMB-020,Mipomersen,ISIS 301012,APOB,GCCTCAGTCTGCTTCGCACC,"20-mer full PS 5-10-5 2′MOE, all C 5mC",Crooke et al. 2017,One-year randomized human trial within integrated database,Familial hypercholesterolemia,184,100,Long-term therapeutic dosing,Subcutaneous,1 year,THROMBOCYTOPENIA,"Confirmed platelet nadir 75,000-<100,000/µL",75000,100000,platelets/µL,1,0,0.005434782608695652,0,Low-frequency moderate laboratory finding,During treatment,"No counts <75,000/µL in either group","Useful low-risk comparator, not a zero-risk negative",ADVERSE,PRIMARY INTEGRATED HUMAN CLINICAL,MODERATE-HIGH,PROVISIONAL_LOW_RISK_COMPARATOR,SCIENTIST_PROVISIONALLY_APPROVED,Long-term treatment subsection,https://journals.sagepub.com/doi/full/10.1089/nat.2016.0650,A single event does not establish absence of risk; use as a low-incidence comparator.
CLIN-TMB-021,OLG-TMB-023,IONIS-FXI Rx,ISIS 416858,FXI,ACGGCATTGGTGCACAGTTT,"20-mer full PS 5-10-5 2′MOE, all C 5mC",Crooke et al. 2017 citing FXI trial,Randomized human anticoagulation study,Patients undergoing total knee arthroplasty,144,70,300 mg/week,Subcutaneous,Perioperative,BLEEDING / COAGULATION,Clinically relevant bleeding,,,events,4,6,0.027777777777777776,0.08571428571428572,Intended anticoagulant pharmacology; bleeding safety outcome,Perioperative,No thrombocytopenia label derived,"Target-mediated reduction of factor XI, not platelet-count toxicity",INTENDED PHARMACOLOGY,PRIMARY/SECONDARY HUMAN CLINICAL,MODERATE,EXCLUDE_FROM_PLATELET_COUNT_LABELS,SCIENTIST_SUPPORT_ONLY,FXI safety discussion,https://journals.sagepub.com/doi/full/10.1089/nat.2016.0650,"Bleeding incidence ~3% vs ~8% enoxaparin; endpoint belongs in a coagulation model, not thrombocytopenia."
CLIN-TMB-022,OLG-TMB-022,404173,ISIS 404173,PTP1B,AATGGTTTATTCCATGGCCA,20-mer full PS 5-10-5 2′MOE gapmer; all cytosines 5-methylated,Henry et al. 2017,26-week double-blind placebo-controlled Phase 2 trial,Human participants treated in the ISIS 404173 Phase 2 program,62,,200 mg/week (~3.3 mg/kg/week),Subcutaneous,26 weeks,THROMBOCYTOPENIA / PLATELET-COUNT DECLINE,Platelet count decrease >30% from baseline,,,% change from baseline,,,,,Phenotype 1: moderate dose-related platelet decline,Gradual/self-limiting during chronic dosing,No severe nadir reported; changes described as limited clinical significance,"Consistent with a moderate, exposure-associated platelet phenotype rather than rare immune phenotype 2",ADVERSE,Direct human clinical qualitative evidence,MODERATE-HIGH,PROVISIONAL_POSITIVE_ONLY,SCIENTIST_PROVISIONALLY_APPROVED,Abstract/results summary,https://doi.org/10.1089/nat.2017.0666,The source reports increased incidence versus baseline/placebo but does not provide the exact event count in the accessible extract.
CLIN-TMB-023,OLG-TMB-022,404173,ISIS 404173,PTP1B,AATGGTTTATTCCATGGCCA,20-mer full PS 5-10-5 2′MOE gapmer; all cytosines 5-methylated,Henry et al. 2017,26-week double-blind placebo-controlled Phase 2 trial,Human participants treated in the ISIS 404173 Phase 2 program,62,,200 mg/week (~3.3 mg/kg/week),Subcutaneous,26 weeks,SEVERE THROMBOCYTOPENIA THRESHOLD,"Platelet count <75,000/µL",,75000,platelets/µL,0,,0,,Endpoint-specific negative within a clinically positive sequence,Through 26 weeks,No participant reached the specified severe threshold,A sequence can be positive for moderate decline while negative for a severe absolute threshold,ADVERSE-ENDPOINT MONITORING,Direct human clinical threshold evidence,MODERATE-HIGH,ENDPOINT_SPECIFIC_NEGATIVE_ONLY,SCIENTIST_PROVISIONALLY_APPROVED,Abstract/results summary,https://doi.org/10.1089/nat.2017.0666,"Do not use as an overall clinical negative; it is negative only for the <75,000/µL endpoint."
CLIN-TMB-024,OLG-TMB-043,Olezarsen,TRYNGOLZA / BALANCE,APOC3,AGCTTCTTGTCCAGCTTTAT,Same 20-mer full-PS 5-10-5 2′MOE/5mC ASO as volanesorsen plus GalNAc3,Stroes et al. 2024,Randomized double-blind placebo-controlled phase 3 trial,Adults with genetically confirmed familial chylomicronemia syndrome,43,23,50 or 80 mg every 4 weeks,Subcutaneous,53 weeks,SEVERE THROMBOCYTOPENIA / BLEEDING COMPOSITE,"Prespecified platelet-reduction adverse event of interest: <50,000/µL with major or clinically relevant nonmajor bleeding, or <25,000/µL irrespective of bleeding",,50000,platelets/µL plus bleeding composite,0,0,0,0,Endpoint-specific negative under a strict severe AESI definition,Through week 53,No management required for this endpoint,"Same sequence/backbone as volanesorsen under a GalNAc3-targeted, much lower-dose regimen",ADVERSE-ENDPOINT MONITORING,PRIMARY HUMAN RANDOMIZED CLINICAL,HIGH,MATCHED_SEQUENCE_CONTEXT_COMPARATOR_ONLY,SCIENTIST_PROVISIONALLY_APPROVED,NEJM Table 2 and footnote,https://doi.org/10.1056/NEJMoa2400201,This is not an overall negative label; less severe platelet changes occurred and were separately encoded.
CLIN-TMB-025,OLG-TMB-043,Olezarsen,TRYNGOLZA / BALANCE 80 mg,APOC3,AGCTTCTTGTCCAGCTTTAT,Same 20-mer full-PS 5-10-5 2′MOE/5mC ASO as volanesorsen plus GalNAc3,Stroes et al. 2024,Randomized double-blind placebo-controlled phase 3 trial,80-mg olezarsen arm in familial chylomicronemia syndrome,22,23,80 mg every 4 weeks,Subcutaneous,53 weeks,PLATELET-COUNT ADVERSE EVENT,Investigator-assessed transient decrease in platelet count related to trial drug,,,event,1,,0.045454545454545456,,Transient moderate platelet decrease; not severe thrombocytopenia,During treatment,Transient; no severe platelet laboratory imbalance reported,Demonstrates residual platelet effect despite the absence of strict severe AESI events,ADVERSE,PRIMARY HUMAN RANDOMIZED CLINICAL,HIGH,MATCHED_SEQUENCE_CONTEXT_COMPARATOR_ONLY,SCIENTIST_PROVISIONALLY_APPROVED,"NEJM safety text, page 7",https://doi.org/10.1056/NEJMoa2400201,Comparator event count is not inferred because the text reports the event within the 80-mg related-AE narrative.
CLIN-TMB-026,OLG-TMB-043,Olezarsen,TRYNGOLZA FDA pooled safety,APOC3,AGCTTCTTGTCCAGCTTTAT,Same 20-mer full-PS 5-10-5 2′MOE/5mC ASO as volanesorsen plus GalNAc3,FDA TRYNGOLZA Prescribing Information 2024,Regulatory pooled clinical safety analysis,Patients with familial chylomicronemia syndrome in the pivotal safety population,43,23,50 or 80 mg every 4 weeks; approved dose 80 mg,Subcutaneous,53 weeks,THROMBOCYTOPENIA / PLATELET-COUNT DECLINE,Adverse reaction grouped as decreased platelet count,,,MedDRA grouped adverse reaction,5,1,0.11627906976744186,0.043478260869565216,Mild-to-moderate platelet-count decrease signal,Through week 53,"No patient receiving olezarsen had a platelet count <50,000/µL",Lower incidence/severity than the unconjugated high-dose parent does not equal complete absence of platelet effect,ADVERSE,PRIMARY REGULATORY HUMAN CLINICAL,HIGH,MATCHED_SEQUENCE_CONTEXT_COMPARATOR_ONLY,SCIENTIST_PROVISIONALLY_APPROVED,FDA Table 1 and section 6.1,https://www.accessdata.fda.gov/drugsatfda_docs/label/2024/218614s000lbl.pdf,Use the regulatory grouped adverse-reaction definition; do not equate with the stricter trial AESI.
CLIN-TMB-027,OLG-TMB-043,Olezarsen,TRYNGOLZA FDA label,APOC3,AGCTTCTTGTCCAGCTTTAT,Same 20-mer full-PS 5-10-5 2′MOE/5mC ASO as volanesorsen plus GalNAc3,FDA TRYNGOLZA Prescribing Information 2024,Regulatory clinical safety analysis,Olezarsen-treated FCS population,43,,50 or 80 mg every 4 weeks; approved dose 80 mg,Subcutaneous,53 weeks,SEVERE THROMBOCYTOPENIA THRESHOLD,"Confirmed platelet count <50,000/µL",,50000,platelets/µL,0,,0,,Endpoint-specific negative for a severe absolute nadir,Through week 53,No patient met the severe absolute threshold,"Useful as a severity-specific comparator, not as a universal sequence negative",ADVERSE-ENDPOINT MONITORING,PRIMARY REGULATORY HUMAN CLINICAL,HIGH,ENDPOINT_SPECIFIC_NEGATIVE_ONLY,SCIENTIST_PROVISIONALLY_APPROVED,FDA section 5.1,https://www.accessdata.fda.gov/drugsatfda_docs/label/2024/218614s000lbl.pdf,Do not collapse this record with the separate 5/43 decreased-platelet-count adverse-reaction record.
CLIN-TMB-028,OLG-TMB-044,Eplontersen,ION-682884 / NEURO-TTRansform,TTR,TCTTGGTTACATGAAATCCC,Same nucleotide sequence as inotersen; 5-10-5 2′MOE full-PS ASO with triantennary GalNAc3,Coelho et al. 2023,Global open-label phase 3 trial with historical placebo and small inotersen reference group,Adults with hereditary transthyretin amyloidosis with polyneuropathy,144,60,45 mg every 4 weeks,Subcutaneous,66 weeks,THROMBOCYTOPENIA / PLATELET-COUNT DECLINE,Treatment-emergent adverse event of special interest: thrombocytopenia,,,MedDRA AESI,3,1,0.020833333333333332,0.016666666666666666,"Mild, self-resolving platelet event profile",Through week 66,Cases in the eplontersen group were mild and resolved without dose interruption,Historical-placebo comparison; same sequence as inotersen but targeted delivery and substantially lower dose,ADVERSE,PRIMARY HUMAN PHASE 3 CLINICAL,HIGH,MATCHED_SEQUENCE_CONTEXT_COMPARATOR_ONLY,SCIENTIST_PROVISIONALLY_APPROVED,JAMA Table 2 and safety discussion,https://doi.org/10.1001/jama.2023.18688,Historical placebo is not a concurrent randomized comparator; retain design limitation.
CLIN-TMB-029,OLG-TMB-044,Eplontersen,ION-682884 switch cohort,TTR,TCTTGGTTACATGAAATCCC,Same nucleotide sequence as inotersen; GalNAc3-conjugated 2′MOE full-PS gapmer,Conceição et al. 2024,Within-participant inotersen-to-eplontersen switch analysis,NEURO-TTRansform participants who received inotersen through week 35 and then eplontersen,20,24,Eplontersen 45 mg every 4 weeks versus prior inotersen 300 mg weekly,Subcutaneous,Weeks 37-85 versus baseline-to-week 35,THROMBOCYTOPENIA / PLATELET-COUNT DECLINE,Platelet count below lower limit of normal (<140 × 10^9/L),,140,10^9/L,7,13,0.35,0.5416666666666666,"Lower frequency after switch, but not zero",Inotersen period versus eplontersen period,No discontinuation or withdrawal due to reduced platelet count,Within-sequence natural experiment implicating construct/dose/exposure context rather than nucleotide sequence alone,ADVERSE,PRIMARY HUMAN WITHIN-PARTICIPANT SWITCH,MODERATE-HIGH,MATCHED_SEQUENCE_CONTEXT_COMPARATOR_ONLY,SCIENTIST_PROVISIONALLY_APPROVED,Switch-study platelet analysis,https://doi.org/10.1007/s00415-024-12616-6,Different evaluable denominators and period lengths are preserved.
CLIN-TMB-030,OLG-TMB-044,Eplontersen,ION-682884 switch cohort,TTR,TCTTGGTTACATGAAATCCC,Same nucleotide sequence as inotersen; GalNAc3-conjugated 2′MOE full-PS gapmer,Conceição et al. 2024,Within-participant inotersen-to-eplontersen switch analysis,Participants completing the two treatment periods,20,24,Eplontersen 45 mg every 4 weeks versus prior inotersen 300 mg weekly,Subcutaneous,Treatment-period nadirs,PLATELET-COUNT CONTINUOUS CHANGE,Mean nadir percentage change from baseline,,,fractional mean change,,,-0.032,-0.407,Markedly smaller mean nadir reduction after switch,Treatment-period nadir,Mean platelet counts returned to near baseline during eplontersen,"Same-sequence comparison strongly supports a treatment-context model; active_rate/comparator_rate store fractional mean changes, not event rates",ADVERSE,PRIMARY HUMAN WITHIN-PARTICIPANT SWITCH,MODERATE-HIGH,TREATMENT_AWARE_MODEL_ONLY,SCIENTIST_PROVISIONALLY_APPROVED,Switch-study abstract/results,https://doi.org/10.1007/s00415-024-12616-6,Do not treat the -3.2% value as a sequence-negative label.
CLIN-TMB-031,OLG-TMB-044,Eplontersen,ION-682884 switch cohort,TTR,TCTTGGTTACATGAAATCCC,Same nucleotide sequence as inotersen; GalNAc3-conjugated 2′MOE full-PS gapmer,Conceição et al. 2024,Within-participant inotersen-to-eplontersen switch analysis,Participants completing the two treatment periods,20,24,Eplontersen 45 mg every 4 weeks versus prior inotersen 300 mg weekly,Subcutaneous,Treatment periods,SEVERE THROMBOCYTOPENIA THRESHOLD,Platelet count <25 × 10^9/L,,25,10^9/L,0,0,0,0,Endpoint-specific negative in both periods,Through each treatment period,No severe nadir and no discontinuation due to low platelets,Supports lower severity but does not create a general negative class,ADVERSE-ENDPOINT MONITORING,PRIMARY HUMAN WITHIN-PARTICIPANT SWITCH,MODERATE-HIGH,ENDPOINT_SPECIFIC_NEGATIVE_ONLY,SCIENTIST_PROVISIONALLY_APPROVED,Switch-study results,https://doi.org/10.1007/s00415-024-12616-6,Use only for the specified severe threshold.
CLIN-TMB-032,OLG-TMB-044,Eplontersen,ION-682884 switch cohort,TTR,TCTTGGTTACATGAAATCCC,Same nucleotide sequence as inotersen; GalNAc3-conjugated 2′MOE full-PS gapmer,Conceição et al. 2024,Within-participant inotersen-to-eplontersen switch analysis,Participants completing the two treatment periods,20,24,Eplontersen 45 mg every 4 weeks versus prior inotersen 300 mg weekly,Subcutaneous,Treatment periods,RISK MANAGEMENT / TREATMENT DISCONTINUATION,Discontinuation or study withdrawal due to platelet-count reduction,,,participants,0,0,0,0,No platelet-related discontinuation in either period,Through each treatment period,No platelet-related treatment discontinuation or withdrawal,Risk-management outcome remains separate from platelet nadir severity,ADVERSE-ENDPOINT MONITORING,PRIMARY HUMAN WITHIN-PARTICIPANT SWITCH,MODERATE-HIGH,CONTEXTUAL_SUPPORT_ONLY,SCIENTIST_PROVISIONALLY_APPROVED,Switch-study results,https://doi.org/10.1007/s00415-024-12616-6,Do not use as a sequence-level negative.
CLIN-TMB-033,OLG-TMB-004,104838,ISIS 104838 phase I,TNF-α,GCTGATTAGAGAGAGGTCCC,20-mer full-PS 5-10-5 2′MOE gapmer; all cytosines 5-methylated,Sewell et al. 2002,Phase I dose-escalation pharmacokinetic and tolerability study,Healthy adult volunteers,,,0.1-6 mg/kg intravenous dose escalation with additional subcutaneous administration,Intravenous and subcutaneous,Single-dose/dose-escalation,THROMBOCYTOPENIA / PLATELET-COUNT DECLINE,Reversible platelet decrease reported as an adverse event,,,participant event,1,,,,Moderate/reversible platelet decrease; exact nadir and denominator not available in accessible abstract,During phase I exposure,Reversible; no severe clinical consequence described in accessible abstract,Primary human clinical evidence corroborating later phenotype-1 classification,ADVERSE,PRIMARY HUMAN PHASE I CLINICAL,MODERATE,PROVISIONAL_POSITIVE_QUALITATIVE,SCIENTIST_PROVISIONALLY_APPROVED,PubMed abstract,https://pubmed.ncbi.nlm.nih.gov/12438559/,Do not calculate an event rate until the full paper provides the exposed denominator.
CLIN-TMB-034,OLG-TMB-045,ARC1779,ARC1779 first-in-human,VWF A1,GCGUGCAGUGCCUUCGGCCGTGCGGTGCCUCCGUCACGCT,40-mer mixed 2′OMe/deoxy aptamer core; 26 2′OMe + 13 deoxy + 3′ inverted dT; one PS linkage (20→21); 5′ 20 kDa PEG,Gilbert et al. 2007,First-in-human dose-escalation evaluation,Healthy volunteers,,,Dose/concentration escalation; exact regimen requires full primary paper,Intravenous,Acute pharmacology study,INTENDED ANTIPLATELET / ANTITHROMBOTIC PHARMACOLOGY,Dose- and concentration-dependent inhibition of VWF-dependent platelet function,,,pharmacodynamic response,,,,,"Intended pharmacology, not thrombocytopenia toxicity",During infusion/exposure,Reversible pharmacodynamic inhibition expected,Direct aptamer blockade of VWF A1-dependent platelet function,INTENDED,PRIMARY HUMAN FIRST-IN-HUMAN,MODERATE-HIGH,EXCLUDE_THROMBOCYTOPENIA_MODEL,SCIENTIST_APPROVED_SUPPORT_ONLY,PubMed abstract,https://pubmed.ncbi.nlm.nih.gov/18025536/,Use only to demonstrate why platelet-function inhibition must remain separate from platelet-count toxicity. Exact structure recovered from US20090203766A1; clinical outcome source remains the cited primary study.
CLIN-TMB-035,OLG-TMB-045,ARC1779,ARC1779 type 2B VWD study,VWF A1,GCGUGCAGUGCCUUCGGCCGTGCGGTGCCUCCGUCACGCT,40-mer mixed 2′OMe/deoxy aptamer core; 26 2′OMe + 13 deoxy + 3′ inverted dT; one PS linkage (20→21); 5′ 20 kDa PEG,Jilma-Stohlawetz et al. 2012,Prospective clinical infusion study,Three thrombocytopenic patients with type 2B von Willebrand disease,3,,0.23 mg/kg loading dose followed by 4 μg/kg/min intravenously for 72 hours,Intravenous,72 hours plus follow-up,THERAPEUTIC PLATELET-COUNT CORRECTION,Platelet count increased from median 40 ×10^9/L to maximum 146 ×10^9/L,40,146,10^9/L (baseline median to observed maximum),3,,1,,Therapeutic correction of pre-existing disease-related thrombocytopenia,Rapid increase during VWF blockade; returned toward baseline after follow-up,Well tolerated; no toxicity signal in the abstract,Blockade of hyperactive VWF reduces pathological platelet consumption/clearance,INTENDED THERAPEUTIC BENEFIT,PRIMARY HUMAN PROSPECTIVE CLINICAL,HIGH,THERAPEUTIC_CORRECTION_CONTROL_ONLY,SCIENTIST_APPROVED_SUPPORT_ONLY,PubMed abstract lines describing dose and platelet rise,https://pubmed.ncbi.nlm.nih.gov/22740102/,Must not be labeled as a clinical negative for oligo-induced thrombocytopenia. Exact structure recovered from US20090203766A1; clinical outcome source remains the cited primary study.
