Candidate_ID,Sequence_Record_ID,Canonical_Name,Sequence_5to3,Length_nt,Chemistry,Primary_Human_System,Primary_Endpoint,Adjudicated_Response_Score_0to3,Label,Matched_Comparator,Evidence_Confidence,Permitted_Model_Role,Final_Training_Flag,Leakage_Group,Source_URL,Key_Caveat
MC-TMB-01,OLG-TMB-003,487660,CCAGCTCAACCCTTCTTTAA,20,5-10-5 2′MOE gapmer,Human PRP/whole blood,P-selectin and platelet-leukocyte aggregates,0,NO/LOW DETECTED ACTIVATION,Vehicle / other Slingsby ASOs,HIGH,Proof-of-concept human mechanistic model,PROVISIONAL_MECHANISTIC_ONLY,Slingsby_5_oligo_panel,https://haematologica.org/article/view/haematol.2020.260059,Five compounds tested in one study; publication-aware validation required.
MC-TMB-02,OLG-TMB-004,104838,GCTGATTAGAGAGAGGTCCC,20,5-10-5 2′MOE gapmer,Human PRP/whole blood,P-selectin and platelet-leukocyte aggregates,2,INTERMEDIATE/POSITIVE,Vehicle / other Slingsby ASOs,HIGH,Proof-of-concept human mechanistic model,PROVISIONAL_MECHANISTIC_ONLY,Slingsby_5_oligo_panel,https://journals.sagepub.com/doi/full/10.1089/nat.2016.0650,Five compounds tested in one study; publication-aware validation required.
MC-TMB-03,OLG-TMB-005,501861,TCACAGAATTATCAGCAGTA,20,5-10-5 2′MOE gapmer,Human PRP/whole blood,P-selectin and platelet-leukocyte aggregates,2,INTERMEDIATE/POSITIVE,Vehicle / other Slingsby ASOs,HIGH,Proof-of-concept human mechanistic model,PROVISIONAL_MECHANISTIC_ONLY,Slingsby_5_oligo_panel,https://haematologica.org/article/view/haematol.2020.260059,Five compounds tested in one study; publication-aware validation required.
MC-TMB-04,OLG-TMB-006,120704,TCGTCGTTTTGTCGTTTTGTCGTT,24,Unmodified DNA CpG oligo,Human PRP/whole blood,P-selectin and platelet-leukocyte aggregates,3,STRONG POSITIVE,Vehicle / other Slingsby ASOs,HIGH,Proof-of-concept human mechanistic model,PROVISIONAL_MECHANISTIC_ONLY,Slingsby_5_oligo_panel,https://haematologica.org/article/view/haematol.2020.260059,Five compounds tested in one study; publication-aware validation required.
MC-TMB-05,OLG-TMB-007,ODN 2395,TCGTCGTTTTCGGCGCGCGCCG,22,Unmodified DNA CpG oligo,Human PRP/whole blood,"P-selectin, aggregates, GPVI, degranulation",3,STRONG POSITIVE,ODN 2395-PO,HIGH,Proof-of-concept human mechanistic model,PROVISIONAL_MECHANISTIC_ONLY,ODN2395_backbone_pair,https://haematologica.org/article/view/haematol.2020.260059,Same sequence appears across two papers; group by canonical sequence and chemistry. Canonical 22-mer identity locked in v0.6.
MC-TMB-06,OLG-TMB-032,AC5-PS,ACACACACAC,10,Unmodified DNA alternating AC,Washed human platelets,PAC1/P-selectin platelet activation,0,NO/LOW DETECTED ACTIVATION,AC length series,HIGH,Proof-of-concept human mechanistic model,PROVISIONAL_MECHANISTIC_ONLY,Sewing_AC_length_family,https://journals.plos.org/plosone/article?id=10.1371/journal.pone.0187574,Closely related repeat sequences; sequence-family grouping is mandatory.
MC-TMB-07,OLG-TMB-033,AC6-PS,ACACACACACAC,12,Unmodified DNA alternating AC,Washed human platelets,PAC1/P-selectin platelet activation,1,LOW,AC length series,HIGH,Proof-of-concept human mechanistic model,PROVISIONAL_MECHANISTIC_ONLY,Sewing_AC_length_family,https://journals.plos.org/plosone/article?id=10.1371/journal.pone.0187574,Closely related repeat sequences; sequence-family grouping is mandatory.
MC-TMB-08,OLG-TMB-034,AC7-PS,ACACACACACACAC,14,Unmodified DNA alternating AC,Washed human platelets,PAC1/P-selectin platelet activation,2,INTERMEDIATE/POSITIVE,AC length series,HIGH,Proof-of-concept human mechanistic model,PROVISIONAL_MECHANISTIC_ONLY,Sewing_AC_length_family,https://journals.plos.org/plosone/article?id=10.1371/journal.pone.0187574,Closely related repeat sequences; sequence-family grouping is mandatory.
MC-TMB-09,OLG-TMB-035,AC8-PS,ACACACACACACACAC,16,Unmodified DNA alternating AC,Washed human platelets,PAC1/P-selectin platelet activation,3,STRONG POSITIVE,AC8-LNA-PS,HIGH,Proof-of-concept human mechanistic model,PROVISIONAL_MECHANISTIC_ONLY,Sewing_AC_length_family,https://journals.plos.org/plosone/article?id=10.1371/journal.pone.0187574,Closely related repeat sequences; sequence-family grouping is mandatory.
MC-TMB-10,OLG-TMB-036,AC9-PS,ACACACACACACACACAC,18,Unmodified DNA alternating AC,Washed human platelets,PAC1/P-selectin platelet activation,3,STRONG POSITIVE,AC9-LNA-PS,HIGH,Proof-of-concept human mechanistic model,PROVISIONAL_MECHANISTIC_ONLY,Sewing_AC_length_family,https://journals.plos.org/plosone/article?id=10.1371/journal.pone.0187574,Closely related repeat sequences; sequence-family grouping is mandatory.
MC-TMB-11,OLG-TMB-037,AC10-PS,ACACACACACACACACACAC,20,Unmodified DNA alternating AC,Washed human platelets,PAC1/P-selectin platelet activation,3,STRONG POSITIVE,AC10-LNA-PS,HIGH,Proof-of-concept human mechanistic model,PROVISIONAL_MECHANISTIC_ONLY,Sewing_AC_length_family,https://journals.plos.org/plosone/article?id=10.1371/journal.pone.0187574,Closely related repeat sequences; sequence-family grouping is mandatory.
MC-TMB-12,OLG-TMB-038,AC11-PS,ACACACACACACACACACACAC,22,Unmodified DNA alternating AC,Washed human platelets,PAC1/P-selectin platelet activation,3,STRONG POSITIVE,AC length series,HIGH,Proof-of-concept human mechanistic model,PROVISIONAL_MECHANISTIC_ONLY,Sewing_AC_length_family,https://journals.plos.org/plosone/article?id=10.1371/journal.pone.0187574,Closely related repeat sequences; sequence-family grouping is mandatory.
MC-TMB-13,OLG-TMB-039,AC8-LNA-PS,ACACACACACACACAC,16,3-LNA wing / DNA core / 3-LNA wing,Washed human platelets / whole blood,Matched chemistry attenuation across activation/binding/cytokines,0,NO/LOW DETECTED ACTIVATION,AC8-PS,HIGH,Proof-of-concept human mechanistic model,PROVISIONAL_MECHANISTIC_ONLY,Sewing_AC_length_family,https://journals.plos.org/plosone/article?id=10.1371/journal.pone.0187574,Matched chemistry contrast; cannot be split across train and test from its parent.
MC-TMB-14,OLG-TMB-040,AC9-LNA-PS,ACACACACACACACACAC,18,3-LNA wing / DNA core / 3-LNA wing,Washed human platelets / whole blood,Matched chemistry attenuation across activation/binding/cytokines,0,NO/LOW DETECTED ACTIVATION,AC9-PS,HIGH,Proof-of-concept human mechanistic model,PROVISIONAL_MECHANISTIC_ONLY,Sewing_AC_length_family,https://journals.plos.org/plosone/article?id=10.1371/journal.pone.0187574,Matched chemistry contrast; cannot be split across train and test from its parent.
MC-TMB-15,OLG-TMB-041,AC10-LNA-PS,ACACACACACACACACACAC,20,3-LNA wing / DNA core / 3-LNA wing,Washed human platelets / whole blood,Matched chemistry attenuation across activation/binding/cytokines,0,NO/LOW DETECTED ACTIVATION,AC10-PS,HIGH,Proof-of-concept human mechanistic model,PROVISIONAL_MECHANISTIC_ONLY,Sewing_AC_length_family,https://journals.plos.org/plosone/article?id=10.1371/journal.pone.0187574,Matched chemistry contrast; cannot be split across train and test from its parent.
MC-TMB-16,OLG-TMB-042,ODN 2395-PO,TCGTCGTTTTCGGCGCGCGCCG,22,Unmodified DNA CpG oligo,Washed human platelets / whole blood,Matched PS-versus-PO backbone comparison,0,NO/LOW DETECTED ACTIVATION,ODN 2395,HIGH,Proof-of-concept human mechanistic model,PROVISIONAL_MECHANISTIC_ONLY,ODN2395_backbone_pair,https://journals.plos.org/plosone/article?id=10.1371/journal.pone.0187574,Must remain grouped with ODN2395 PS in any split. Canonical 22-mer identity locked in v0.6.
