Model_ID,Model_Lane,Primary_Outcome,Evidence_Base,Current_Status,Training_Permission,Permitted_Data,Excluded_Data,Required_Validation,Remaining_Blocker,Allowed_Claim,Prohibited_Claim,Owner_Next
MR-TMB-001,Human mechanistic platelet-interaction model,"P-selectin/PAC-1, platelet-leukocyte aggregates, GPVI/PF4 binding, megakaryocyte endpoints",75 curated human ex vivo rows plus 81 qualified Sewing reconstruction rows,CONDITIONALLY READY,PROOF-OF-CONCEPT TRAINING PERMITTED,Exact-sequence human mechanistic records with endpoint-specific controls,Clinical platelet-count labels and animal outcomes,"Group by exact sequence, scaffold, study, donor/experiment; report publication-aware validation",Raw Sewing S1 would improve quantitative resolution,Sequence/chemistry features show mechanistic signal under defined human assay conditions.,Do not claim prediction of clinical thrombocytopenia.,Gustavo + Oscar; German approves labels
MR-TMB-002,Matched-sequence treatment-context analysis,Clinical platelet outcomes under same nucleotide sequence but different construct/regimen,Volanesorsen/olezarsen and inotersen/eplontersen pairs,READY FOR DESCRIPTIVE/NATURAL-EXPERIMENT ANALYSIS,DESCRIPTIVE AND CONTEXT-FEATURE ANALYSIS PERMITTED,Matched pair and clinical context sheets,Single-factor causal attribution,Keep pair members together; preserve cross-trial/historical/switch limitations,No randomized factorial comparison isolating GalNAc or dose,Clinical platelet risk cannot be represented by nucleotide sequence alone.,Do not claim GalNAc alone prevents thrombocytopenia.,Gustavo; German approves interpretation
MR-TMB-003,Treatment-aware clinical platelet-risk model,"Absolute count, percent decline, nadir, severity, recovery, dose, interval, route, conjugate, population",35 human clinical records plus pooled context and matched pairs,DESIGN READY; TRAINING DEFERRED,ARCHITECTURE AND DESCRIPTIVE ANALYSIS ONLY,Scientist-approved clinical records with full treatment context,"Unknowns, unmonitored compounds, abstract-only rates without denominators",Group by compound/program and preserve endpoint-specific labels; use calibration and uncertainty,"Too few clean, fully labeled per-sequence comparators; missing patient-level context",A treatment-aware risk architecture is scientifically justified.,Do not claim a validated clinical risk predictor yet.,Gustavo + Oscar; German final sign-off
MR-TMB-004,Sequence-only clinical thrombocytopenia classifier,Overall clinical toxicity label from sequence/chemistry alone,Four positive anchors; zero clean sequence-linked clinical negatives,BLOCKED,NO FINAL TRAINING,None beyond baseline exploratory comparison,"Matched-context comparators, pooled placebo, absence of reporting, endpoint-specific negatives","Would require sequence-family split, publication grouping, untouched holdout, calibration and uncertainty",No defensible negative class; same-sequence pairs show context dependence,The current evidence demonstrates why this abstraction is incomplete.,Do not balance the dataset by manufacturing negatives.,German blocks release; Gustavo no training
MR-TMB-005,Pooled 2′MOE class/dose baseline,Incidence and mean platelet change by dose and threshold,Crooke main paper and official aggregate supplement,READY WITH LIMITATIONS,DESCRIPTIVE BASELINE PERMITTED,Pooled dose bands and placebo-controlled summaries,Per-sequence labels inferred from pooled bands,Report exact denominator for each panel and confidence intervals where available,Aggregate design cannot identify individual sequence risk,Pooled exposure is associated with moderate platelet declines at higher dose bands.,Do not infer which unnamed sequence is safe or toxic.,Gustavo
MR-TMB-006,Severe phenotype-2 case-series resource,"Profound nadir, antibody evidence, hemorrhage, recovery/management",Inotersen severe cases and volanesorsen severe events,CASE-SERIES ONLY,STRUCTURED CASE-SERIES ANALYSIS PERMITTED,Direct severe clinical records,Conventional classifier claims,Preserve individual case features and avoid double-counting lab/SAE/bleeding outcomes,Event count is too small for robust supervised modeling,Severe events may represent a biologically distinct phenotype.,Do not merge phenotype 2 with moderate phenotype 1.,German + Gustavo
MR-TMB-007,Coagulation/bleeding/thrombosis module,"aPTT, PT/INR, factor inhibition, bleeding and thrombosis",Human clinical and plasma evidence in separate tables,SEPARATE MODULE,DESCRIPTIVE/MECHANISTIC WORK PERMITTED,Endpoint-specific coagulation and event records,Thrombocytopenia composite labels,Separate intended pharmacology from adverse coagulation effects,Some primary sequence/chemistry supplements remain missing,Coagulation and platelet-count toxicities are related but distinct.,Do not merge aPTT prolongation with thrombocytopenia.,Oscar + German
MR-TMB-008,Therapeutic correction/intended pharmacology controls,ARC1779/BT200 and anticoagulant aptamer effects,Human intended pharmacology and therapeutic correction records,SUPPORT/ONTOLOGY READY,CONTROL AND ONTOLOGY USE ONLY,Explicit intended-benefit records,Negative safety class,Keep adverse-versus-intended field mandatory,Exact aptamer sequences/chemistry incomplete,"The dataset can distinguish benefit, pharmacology, and toxicity.",Do not call therapeutic correction a negative toxicity outcome.,German
MR-TMB-009,Public derivative data export,"Machine-readable CSVs, dictionary, provenance, eligibility, family groups",v0.7 public export package,PROVISIONALLY READY FOR TECHNICAL QA,INTERNAL TEAM QA PERMITTED,Structured derivative records and source URLs,Copyrighted full-text PDFs and unlicensed source content,"Validate IDs, checksums, missingness, schema and reproducibility before publication","Final license, repository and dataset freeze not yet approved","A FAIR-oriented, traceable derivative data product has been assembled.",Do not call the current package the final public release.,Oscar + Gustavo + German
