Characterization_ID,Sequence_Record_ID,Canonical_Name,Alias_or_Study_ID,Target,Modality,Exact_Sequence_Available,Length_nt,Position_Chemistry_Rows,Position_Map_Completeness,Identity_Evidence,Analytical_Identity_Method,Purity_Percent,Purity_Method_or_Status,Calculated_MW,Observed_MW,Lot_or_Batch_ID,Current_Characterization_Status,Phase2_Impact,Required_Action,Source_URL
CHAR-TMB-001,OLG-TMB-001,Volanesorsen,ISIS 304801 / WAYLIVRA,APOC3,ASO,YES,20,20,YES,EXACT - CROSS-SOURCE/REGULATORY CONFIRMED | HIGH - ISIS 304801 identity and exact chemistry confirmed by EMA,NOT REPORTED IN CURRENT CORPUS,,NOT REPORTED IN CURRENT CORPUS,,,,SEQUENCE_AND_POSITION_CHEMISTRY_MAPPED; ANALYTICAL_CHARACTERIZATION_MISSING,Major Phase 2 documentation gap for final release; retain explicit missingness and do not infer purity.,"Seek primary synthesis/CMC/regulatory characterization (HPLC/MS/lot data). If unavailable, publish as NOT_REPORTED with source provenance.",https://www.ema.europa.eu/en/documents/assessment-report/waylivra-epar-public-assessment-report_en.pdf
CHAR-TMB-002,OLG-TMB-002,Givosiran,GIVLAARI,ALAS1,siRNA,DUPLEX COMPONENTS YES,23 + 21,0 main / 44 component,COMPONENT MAP YES; COMPOUND ROW N/A,EXACT DUPLEX COMPONENTS AND REGULATORY SUGAR MAP RECOVERED | HIGH via FDA GSRS/GINA,NOT REPORTED IN CURRENT CORPUS,,NOT REPORTED IN CURRENT CORPUS,,,,DUPLEX_COMPONENT_SEQUENCES_AND_POSITION_CHEMISTRY_MAPPED; ANALYTICAL_CHARACTERIZATION_MISSING,Improves product-structure completeness. No platelet-count model relevance because the source lacks platelet ground truth.,Retain component tables and explicit support-only disposition; seek CMC purity/lot data only if included in final public release.,https://precision.fda.gov/ginas/app/ui/substances/ROV204583W
CHAR-TMB-003,OLG-TMB-003,487660,Ionis 487660,Not stated,ASO,YES,20,20,YES,EXACT - PRIMARY TABLE 1 | HIGH - exact table and defined assays,NOT REPORTED IN CURRENT CORPUS,,NOT REPORTED IN CURRENT CORPUS,,,,SEQUENCE_AND_POSITION_CHEMISTRY_MAPPED; ANALYTICAL_CHARACTERIZATION_MISSING,Major Phase 2 documentation gap for final release; retain explicit missingness and do not infer purity.,"Seek primary synthesis/CMC/regulatory characterization (HPLC/MS/lot data). If unavailable, publish as NOT_REPORTED with source provenance.",https://haematologica.org/article/view/haematol.2020.260059
CHAR-TMB-004,OLG-TMB-004,104838,ISIS 104838,TNF-α,ASO,YES,20,20,YES,EXACT - PRIMARY TABLE/CROSS-SOURCE | HIGH,NOT REPORTED IN CURRENT CORPUS,,NOT REPORTED IN CURRENT CORPUS,,,,SEQUENCE_AND_POSITION_CHEMISTRY_MAPPED; ANALYTICAL_CHARACTERIZATION_MISSING,Major Phase 2 documentation gap for final release; retain explicit missingness and do not infer purity.,"Seek primary synthesis/CMC/regulatory characterization (HPLC/MS/lot data). If unavailable, publish as NOT_REPORTED with source provenance.",https://journals.sagepub.com/doi/full/10.1089/nat.2016.0650
CHAR-TMB-005,OLG-TMB-005,501861,Ionis 501861,Not stated,ASO,YES,20,20,YES,EXACT - PRIMARY TABLE 1 | HIGH,NOT REPORTED IN CURRENT CORPUS,,NOT REPORTED IN CURRENT CORPUS,,,,SEQUENCE_AND_POSITION_CHEMISTRY_MAPPED; ANALYTICAL_CHARACTERIZATION_MISSING,Major Phase 2 documentation gap for final release; retain explicit missingness and do not infer purity.,"Seek primary synthesis/CMC/regulatory characterization (HPLC/MS/lot data). If unavailable, publish as NOT_REPORTED with source provenance.",https://haematologica.org/article/view/haematol.2020.260059
CHAR-TMB-006,OLG-TMB-006,120704,CpG ASO 120704,Not stated,CpG oligodeoxynucleotide,YES,24,24,YES,EXACT - PRIMARY TABLE 1 | HIGH,NOT REPORTED IN CURRENT CORPUS,,NOT REPORTED IN CURRENT CORPUS,,,,SEQUENCE_AND_POSITION_CHEMISTRY_MAPPED; ANALYTICAL_CHARACTERIZATION_MISSING,Major Phase 2 documentation gap for final release; retain explicit missingness and do not infer purity.,"Seek primary synthesis/CMC/regulatory characterization (HPLC/MS/lot data). If unavailable, publish as NOT_REPORTED with source provenance.",https://haematologica.org/article/view/haematol.2020.260059
CHAR-TMB-007,OLG-TMB-007,ODN 2395,ISIS 818290 / CpG 2395,Not stated,CpG oligodeoxynucleotide,YES,22,22,YES,EXACT - PRIMARY TABLE 1 | HIGH,NOT REPORTED IN CURRENT CORPUS,,NOT REPORTED IN CURRENT CORPUS,,,,SEQUENCE_AND_POSITION_CHEMISTRY_MAPPED; ANALYTICAL_CHARACTERIZATION_MISSING,Major Phase 2 documentation gap for final release; retain explicit missingness and do not infer purity.,"Seek primary synthesis/CMC/regulatory characterization (HPLC/MS/lot data). If unavailable, publish as NOT_REPORTED with source provenance.",https://haematologica.org/article/view/haematol.2020.260059
CHAR-TMB-008,OLG-TMB-008,575013,575013,F7,ASO,YES,16,16,YES,EXACT - FIGURE 1 | HIGH for sequence; LOW for Thrombo transfer,NOT REPORTED IN CURRENT CORPUS,,NOT REPORTED IN CURRENT CORPUS,,,,SEQUENCE_AND_POSITION_CHEMISTRY_MAPPED; ANALYTICAL_CHARACTERIZATION_MISSING,Major Phase 2 documentation gap for final release; retain explicit missingness and do not infer purity.,"Seek primary synthesis/CMC/regulatory characterization (HPLC/MS/purity/lot). If unavailable, publish as NOT_REPORTED with source provenance.",https://doi.org/10.1038/s41587-019-0106-2
CHAR-TMB-009,OLG-TMB-009,465131,465131,F11,ASO,YES,16,16,YES,EXACT - FIGURE 1 | HIGH for sequence; LOW for Thrombo transfer,NOT REPORTED IN CURRENT CORPUS,,NOT REPORTED IN CURRENT CORPUS,,,,SEQUENCE_AND_POSITION_CHEMISTRY_MAPPED; ANALYTICAL_CHARACTERIZATION_MISSING,Major Phase 2 documentation gap for final release; retain explicit missingness and do not infer purity.,"Seek primary synthesis/CMC/regulatory characterization (HPLC/MS/purity/lot). If unavailable, publish as NOT_REPORTED with source provenance.",https://doi.org/10.1038/s41587-019-0106-2
CHAR-TMB-010,OLG-TMB-010,549139,549139,No target,ASO,YES,16,16,YES,EXACT - FIGURE 1 | HIGH for sequence; LOW for Thrombo transfer,NOT REPORTED IN CURRENT CORPUS,,NOT REPORTED IN CURRENT CORPUS,,,,SEQUENCE_AND_POSITION_CHEMISTRY_MAPPED; ANALYTICAL_CHARACTERIZATION_MISSING,Major Phase 2 documentation gap for final release; retain explicit missingness and do not infer purity.,"Seek primary synthesis/CMC/regulatory characterization (HPLC/MS/purity/lot). If unavailable, publish as NOT_REPORTED with source provenance.",https://doi.org/10.1038/s41587-019-0106-2
CHAR-TMB-011,OLG-TMB-011,549148,549148,No target,ASO,YES,16,16,YES,EXACT - FIGURE 1 | HIGH for sequence; LOW for Thrombo transfer,NOT REPORTED IN CURRENT CORPUS,,NOT REPORTED IN CURRENT CORPUS,,,,SEQUENCE_AND_POSITION_CHEMISTRY_MAPPED; ANALYTICAL_CHARACTERIZATION_MISSING,Major Phase 2 documentation gap for final release; retain explicit missingness and do not infer purity.,"Seek primary synthesis/CMC/regulatory characterization (HPLC/MS/purity/lot). If unavailable, publish as NOT_REPORTED with source provenance.",https://doi.org/10.1038/s41587-019-0106-2
CHAR-TMB-012,OLG-TMB-012,464932,464932,F11,ASO,YES,16,16,YES,EXACT - FIGURE 1 | HIGH for sequence; LOW for Thrombo transfer,NOT REPORTED IN CURRENT CORPUS,,NOT REPORTED IN CURRENT CORPUS,,,,SEQUENCE_AND_POSITION_CHEMISTRY_MAPPED; ANALYTICAL_CHARACTERIZATION_MISSING,Major Phase 2 documentation gap for final release; retain explicit missingness and do not infer purity.,"Seek primary synthesis/CMC/regulatory characterization (HPLC/MS/purity/lot). If unavailable, publish as NOT_REPORTED with source provenance.",https://doi.org/10.1038/s41587-019-0106-2
CHAR-TMB-013,OLG-TMB-013,449093,449093,Scarb1,ASO,YES,16,16,YES,EXACT - FIGURE 1 | HIGH for sequence; LOW for Thrombo transfer,NOT REPORTED IN CURRENT CORPUS,,NOT REPORTED IN CURRENT CORPUS,,,,SEQUENCE_AND_POSITION_CHEMISTRY_MAPPED; ANALYTICAL_CHARACTERIZATION_MISSING,Major Phase 2 documentation gap for final release; retain explicit missingness and do not infer purity.,"Seek primary synthesis/CMC/regulatory characterization (HPLC/MS/purity/lot). If unavailable, publish as NOT_REPORTED with source provenance.",https://doi.org/10.1038/s41587-019-0106-2
CHAR-TMB-014,OLG-TMB-014,482050,482050,Pten,ASO,YES,16,16,YES,EXACT - FIGURE 1 | HIGH for sequence; LOW for Thrombo transfer,NOT REPORTED IN CURRENT CORPUS,,NOT REPORTED IN CURRENT CORPUS,,,,SEQUENCE_AND_POSITION_CHEMISTRY_MAPPED; ANALYTICAL_CHARACTERIZATION_MISSING,Major Phase 2 documentation gap for final release; retain explicit missingness and do not infer purity.,"Seek primary synthesis/CMC/regulatory characterization (HPLC/MS/purity/lot). If unavailable, publish as NOT_REPORTED with source provenance.",https://doi.org/10.1038/s41587-019-0106-2
CHAR-TMB-015,OLG-TMB-015,508031,508031,Sod1,ASO,YES,16,16,YES,EXACT - FIGURE 1 | HIGH for sequence; LOW for Thrombo transfer,NOT REPORTED IN CURRENT CORPUS,,NOT REPORTED IN CURRENT CORPUS,,,,SEQUENCE_AND_POSITION_CHEMISTRY_MAPPED; ANALYTICAL_CHARACTERIZATION_MISSING,Major Phase 2 documentation gap for final release; retain explicit missingness and do not infer purity.,"Seek primary synthesis/CMC/regulatory characterization (HPLC/MS/purity/lot). If unavailable, publish as NOT_REPORTED with source provenance.",https://doi.org/10.1038/s41587-019-0106-2
CHAR-TMB-016,OLG-TMB-016,558807,558807,Cxcl2,ASO,YES,16,16,YES,EXACT - FIGURE 1 | HIGH for sequence; LOW for Thrombo transfer,NOT REPORTED IN CURRENT CORPUS,,NOT REPORTED IN CURRENT CORPUS,,,,SEQUENCE_AND_POSITION_CHEMISTRY_MAPPED; ANALYTICAL_CHARACTERIZATION_MISSING,Major Phase 2 documentation gap for final release; retain explicit missingness and do not infer purity.,"Seek primary synthesis/CMC/regulatory characterization (HPLC/MS/purity/lot). If unavailable, publish as NOT_REPORTED with source provenance.",https://doi.org/10.1038/s41587-019-0106-2
CHAR-TMB-017,OLG-TMB-017,464917,464917,F11,ASO,YES,16,16,YES,EXACT - FIGURE 1 | HIGH for sequence; LOW for Thrombo transfer,NOT REPORTED IN CURRENT CORPUS,,NOT REPORTED IN CURRENT CORPUS,,,,SEQUENCE_AND_POSITION_CHEMISTRY_MAPPED; ANALYTICAL_CHARACTERIZATION_MISSING,Major Phase 2 documentation gap for final release; retain explicit missingness and do not infer purity.,"Seek primary synthesis/CMC/regulatory characterization (HPLC/MS/purity/lot). If unavailable, publish as NOT_REPORTED with source provenance.",https://doi.org/10.1038/s41587-019-0106-2
CHAR-TMB-018,OLG-TMB-018,107248,ATL1102,CD49D,ASO,YES,20,20,YES,EXACT - PRIMARY TABLE 1 | HIGH for sequence; outcome confidence varies,NOT REPORTED IN CURRENT CORPUS,,NOT REPORTED IN CURRENT CORPUS,,,,SEQUENCE_AND_POSITION_CHEMISTRY_MAPPED; ANALYTICAL_CHARACTERIZATION_MISSING,Major Phase 2 documentation gap for final release; retain explicit missingness and do not infer purity.,"Seek primary synthesis/CMC/regulatory characterization (HPLC/MS/lot data). If unavailable, publish as NOT_REPORTED with source provenance.",https://journals.sagepub.com/doi/full/10.1089/nat.2016.0650
CHAR-TMB-019,OLG-TMB-019,113715,ISIS 113715,PTP1B,ASO,YES,20,20,YES,EXACT - PRIMARY TABLE 1 | HIGH for sequence; outcome confidence varies,NOT REPORTED IN CURRENT CORPUS,,NOT REPORTED IN CURRENT CORPUS,,,,SEQUENCE_AND_POSITION_CHEMISTRY_MAPPED; ANALYTICAL_CHARACTERIZATION_MISSING,Major Phase 2 documentation gap for final release; retain explicit missingness and do not infer purity.,"Seek primary synthesis/CMC/regulatory characterization (HPLC/MS/lot data). If unavailable, publish as NOT_REPORTED with source provenance.",https://journals.sagepub.com/doi/full/10.1089/nat.2016.0650
CHAR-TMB-020,OLG-TMB-020,301012,Mipomersen,APOB,ASO,YES,20,20,YES,EXACT - PRIMARY TABLE 1 | HIGH for sequence; outcome confidence varies,NOT REPORTED IN CURRENT CORPUS,,NOT REPORTED IN CURRENT CORPUS,,,,SEQUENCE_AND_POSITION_CHEMISTRY_MAPPED; ANALYTICAL_CHARACTERIZATION_MISSING,Major Phase 2 documentation gap for final release; retain explicit missingness and do not infer purity.,"Seek primary synthesis/CMC/regulatory characterization (HPLC/MS/lot data). If unavailable, publish as NOT_REPORTED with source provenance.",https://journals.sagepub.com/doi/full/10.1089/nat.2016.0650
CHAR-TMB-021,OLG-TMB-021,329993,ISIS 329993,CRP,ASO,YES,20,20,YES,EXACT - PRIMARY TABLE 1 | HIGH for sequence; outcome confidence varies,NOT REPORTED IN CURRENT CORPUS,,NOT REPORTED IN CURRENT CORPUS,,,,SEQUENCE_AND_POSITION_CHEMISTRY_MAPPED; ANALYTICAL_CHARACTERIZATION_MISSING,Major Phase 2 documentation gap for final release; retain explicit missingness and do not infer purity.,"Seek primary synthesis/CMC/regulatory characterization (HPLC/MS/lot data). If unavailable, publish as NOT_REPORTED with source provenance.",https://journals.sagepub.com/doi/full/10.1089/nat.2016.0650
CHAR-TMB-022,OLG-TMB-022,404173,ISIS 404173,PTP1B,ASO,YES,20,20,YES,EXACT - PRIMARY TABLE 1 | HIGH sequence identity; MODERATE-HIGH clinical outcome,NOT REPORTED IN CURRENT CORPUS,,NOT REPORTED IN CURRENT CORPUS,,,,SEQUENCE_AND_POSITION_CHEMISTRY_MAPPED; ANALYTICAL_CHARACTERIZATION_MISSING,Major Phase 2 documentation gap for final release; retain explicit missingness and do not infer purity.,"Seek primary synthesis/CMC/regulatory characterization (HPLC/MS/lot data). If unavailable, publish as NOT_REPORTED with source provenance.",https://doi.org/10.1089/nat.2017.0666
CHAR-TMB-023,OLG-TMB-023,416858,IONIS-FXI Rx,FXI,ASO,YES,20,20,YES,EXACT - PRIMARY TABLE 1 | HIGH for sequence; outcome confidence varies,NOT REPORTED IN CURRENT CORPUS,,NOT REPORTED IN CURRENT CORPUS,,,,SEQUENCE_AND_POSITION_CHEMISTRY_MAPPED; ANALYTICAL_CHARACTERIZATION_MISSING,Major Phase 2 documentation gap for final release; retain explicit missingness and do not infer purity.,"Seek primary synthesis/CMC/regulatory characterization (HPLC/MS/lot data). If unavailable, publish as NOT_REPORTED with source provenance.",https://journals.sagepub.com/doi/full/10.1089/nat.2016.0650
CHAR-TMB-024,OLG-TMB-024,426115,ISIS 426115,GCCR,ASO,YES,20,20,YES,EXACT - PRIMARY TABLE 1 | HIGH for sequence; outcome confidence varies,NOT REPORTED IN CURRENT CORPUS,,NOT REPORTED IN CURRENT CORPUS,,,,SEQUENCE_AND_POSITION_CHEMISTRY_MAPPED; ANALYTICAL_CHARACTERIZATION_MISSING,Major Phase 2 documentation gap for final release; retain explicit missingness and do not infer purity.,"Seek primary synthesis/CMC/regulatory characterization (HPLC/MS/lot data). If unavailable, publish as NOT_REPORTED with source provenance.",https://journals.sagepub.com/doi/full/10.1089/nat.2016.0650
CHAR-TMB-025,OLG-TMB-025,449884,ISIS 449884,GCGR,ASO,YES,17,17,YES,EXACT - PRIMARY TABLE 1 | HIGH for sequence; outcome confidence varies,NOT REPORTED IN CURRENT CORPUS,,NOT REPORTED IN CURRENT CORPUS,,,,SEQUENCE_AND_POSITION_CHEMISTRY_MAPPED; ANALYTICAL_CHARACTERIZATION_MISSING,Major Phase 2 documentation gap for final release; retain explicit missingness and do not infer purity.,"Seek primary synthesis/CMC/regulatory characterization (HPLC/MS/lot data). If unavailable, publish as NOT_REPORTED with source provenance.",https://journals.sagepub.com/doi/full/10.1089/nat.2016.0650
CHAR-TMB-026,OLG-TMB-026,463588,ISIS 463588,FGFR4,ASO,YES,20,20,YES,EXACT - PRIMARY TABLE 1 | HIGH for sequence; outcome confidence varies,NOT REPORTED IN CURRENT CORPUS,,NOT REPORTED IN CURRENT CORPUS,,,,SEQUENCE_AND_POSITION_CHEMISTRY_MAPPED; ANALYTICAL_CHARACTERIZATION_MISSING,Major Phase 2 documentation gap for final release; retain explicit missingness and do not infer purity.,"Seek primary synthesis/CMC/regulatory characterization (HPLC/MS/lot data). If unavailable, publish as NOT_REPORTED with source provenance.",https://journals.sagepub.com/doi/full/10.1089/nat.2016.0650
CHAR-TMB-027,OLG-TMB-027,494372,ISIS 494372,LPA,ASO,YES,20,20,YES,EXACT - PRIMARY TABLE 1 | HIGH for sequence; outcome confidence varies,NOT REPORTED IN CURRENT CORPUS,,NOT REPORTED IN CURRENT CORPUS,,,,SEQUENCE_AND_POSITION_CHEMISTRY_MAPPED; ANALYTICAL_CHARACTERIZATION_MISSING,Major Phase 2 documentation gap for final release; retain explicit missingness and do not infer purity.,"Seek primary synthesis/CMC/regulatory characterization (HPLC/MS/lot data). If unavailable, publish as NOT_REPORTED with source provenance.",https://journals.sagepub.com/doi/full/10.1089/nat.2016.0650
CHAR-TMB-028,OLG-TMB-028,505358,ISIS 505358,HBV,ASO,YES,20,20,YES,EXACT - PRIMARY TABLE 1 | HIGH for sequence; outcome confidence varies,NOT REPORTED IN CURRENT CORPUS,,NOT REPORTED IN CURRENT CORPUS,,,,SEQUENCE_AND_POSITION_CHEMISTRY_MAPPED; ANALYTICAL_CHARACTERIZATION_MISSING,Major Phase 2 documentation gap for final release; retain explicit missingness and do not infer purity.,"Seek primary synthesis/CMC/regulatory characterization (HPLC/MS/lot data). If unavailable, publish as NOT_REPORTED with source provenance.",https://journals.sagepub.com/doi/full/10.1089/nat.2016.0650
CHAR-TMB-029,OLG-TMB-029,546254,ISIS 546254,PKK,ASO,YES,20,20,YES,EXACT - PRIMARY TABLE 1 | HIGH for sequence; outcome confidence varies,NOT REPORTED IN CURRENT CORPUS,,NOT REPORTED IN CURRENT CORPUS,,,,SEQUENCE_AND_POSITION_CHEMISTRY_MAPPED; ANALYTICAL_CHARACTERIZATION_MISSING,Major Phase 2 documentation gap for final release; retain explicit missingness and do not infer purity.,"Seek primary synthesis/CMC/regulatory characterization (HPLC/MS/lot data). If unavailable, publish as NOT_REPORTED with source provenance.",https://journals.sagepub.com/doi/full/10.1089/nat.2016.0650
CHAR-TMB-030,OLG-TMB-030,563580,ISIS 563580,ANGPTL3,ASO,YES,20,20,YES,EXACT - PRIMARY TABLE 1 | HIGH for sequence; outcome confidence varies,NOT REPORTED IN CURRENT CORPUS,,NOT REPORTED IN CURRENT CORPUS,,,,SEQUENCE_AND_POSITION_CHEMISTRY_MAPPED; ANALYTICAL_CHARACTERIZATION_MISSING,Major Phase 2 documentation gap for final release; retain explicit missingness and do not infer purity.,"Seek primary synthesis/CMC/regulatory characterization (HPLC/MS/lot data). If unavailable, publish as NOT_REPORTED with source provenance.",https://journals.sagepub.com/doi/full/10.1089/nat.2016.0650
CHAR-TMB-031,OLG-TMB-031,Inotersen,ISIS 420915 / TEGSEDI,TTR,ASO,YES,20,20,YES,EXACT - PRIMARY TABLE/CROSS-SOURCE | HIGH,NOT REPORTED IN CURRENT CORPUS,,NOT REPORTED IN CURRENT CORPUS,,,,SEQUENCE_AND_POSITION_CHEMISTRY_MAPPED; ANALYTICAL_CHARACTERIZATION_MISSING,Major Phase 2 documentation gap for final release; retain explicit missingness and do not infer purity.,"Seek primary synthesis/CMC/regulatory characterization (HPLC/MS/lot data). If unavailable, publish as NOT_REPORTED with source provenance.",https://pmc.ncbi.nlm.nih.gov/articles/PMC12611561/
CHAR-TMB-032,OLG-TMB-032,AC5-PS,(AC)5,Tool sequence,Fully PS oligodeoxynucleotide,YES,10,10,YES,EXACT - DEFINED REPEAT CONSTRUCT | HIGH,NOT REPORTED IN CURRENT CORPUS,,NOT REPORTED IN CURRENT CORPUS,,,,SEQUENCE_AND_POSITION_CHEMISTRY_MAPPED; ANALYTICAL_CHARACTERIZATION_MISSING,Major Phase 2 documentation gap for final release; retain explicit missingness and do not infer purity.,"Seek primary synthesis/CMC/regulatory characterization (HPLC/MS/lot data). If unavailable, publish as NOT_REPORTED with source provenance.",https://journals.plos.org/plosone/article?id=10.1371/journal.pone.0187574
CHAR-TMB-033,OLG-TMB-033,AC6-PS,(AC)6,Tool sequence,Fully PS oligodeoxynucleotide,YES,12,12,YES,EXACT - DEFINED REPEAT CONSTRUCT | HIGH,NOT REPORTED IN CURRENT CORPUS,,NOT REPORTED IN CURRENT CORPUS,,,,SEQUENCE_AND_POSITION_CHEMISTRY_MAPPED; ANALYTICAL_CHARACTERIZATION_MISSING,Major Phase 2 documentation gap for final release; retain explicit missingness and do not infer purity.,"Seek primary synthesis/CMC/regulatory characterization (HPLC/MS/lot data). If unavailable, publish as NOT_REPORTED with source provenance.",https://journals.plos.org/plosone/article?id=10.1371/journal.pone.0187574
CHAR-TMB-034,OLG-TMB-034,AC7-PS,(AC)7,Tool sequence,Fully PS oligodeoxynucleotide,YES,14,14,YES,EXACT - DEFINED REPEAT CONSTRUCT | HIGH,NOT REPORTED IN CURRENT CORPUS,,NOT REPORTED IN CURRENT CORPUS,,,,SEQUENCE_AND_POSITION_CHEMISTRY_MAPPED; ANALYTICAL_CHARACTERIZATION_MISSING,Major Phase 2 documentation gap for final release; retain explicit missingness and do not infer purity.,"Seek primary synthesis/CMC/regulatory characterization (HPLC/MS/lot data). If unavailable, publish as NOT_REPORTED with source provenance.",https://journals.plos.org/plosone/article?id=10.1371/journal.pone.0187574
CHAR-TMB-035,OLG-TMB-035,AC8-PS,(AC)8,Tool sequence,Fully PS oligodeoxynucleotide,YES,16,16,YES,EXACT - DEFINED REPEAT CONSTRUCT | HIGH,NOT REPORTED IN CURRENT CORPUS,,NOT REPORTED IN CURRENT CORPUS,,,,SEQUENCE_AND_POSITION_CHEMISTRY_MAPPED; ANALYTICAL_CHARACTERIZATION_MISSING,Major Phase 2 documentation gap for final release; retain explicit missingness and do not infer purity.,"Seek primary synthesis/CMC/regulatory characterization (HPLC/MS/lot data). If unavailable, publish as NOT_REPORTED with source provenance.",https://journals.plos.org/plosone/article?id=10.1371/journal.pone.0187574
CHAR-TMB-036,OLG-TMB-036,AC9-PS,(AC)9,Tool sequence,Fully PS oligodeoxynucleotide,YES,18,18,YES,EXACT - DEFINED REPEAT CONSTRUCT | HIGH,NOT REPORTED IN CURRENT CORPUS,,NOT REPORTED IN CURRENT CORPUS,,,,SEQUENCE_AND_POSITION_CHEMISTRY_MAPPED; ANALYTICAL_CHARACTERIZATION_MISSING,Major Phase 2 documentation gap for final release; retain explicit missingness and do not infer purity.,"Seek primary synthesis/CMC/regulatory characterization (HPLC/MS/lot data). If unavailable, publish as NOT_REPORTED with source provenance.",https://journals.plos.org/plosone/article?id=10.1371/journal.pone.0187574
CHAR-TMB-037,OLG-TMB-037,AC10-PS,(AC)10,Tool sequence,Fully PS oligodeoxynucleotide,YES,20,20,YES,EXACT - DEFINED REPEAT CONSTRUCT | HIGH,NOT REPORTED IN CURRENT CORPUS,,NOT REPORTED IN CURRENT CORPUS,,,,SEQUENCE_AND_POSITION_CHEMISTRY_MAPPED; ANALYTICAL_CHARACTERIZATION_MISSING,Major Phase 2 documentation gap for final release; retain explicit missingness and do not infer purity.,"Seek primary synthesis/CMC/regulatory characterization (HPLC/MS/lot data). If unavailable, publish as NOT_REPORTED with source provenance.",https://journals.plos.org/plosone/article?id=10.1371/journal.pone.0187574
CHAR-TMB-038,OLG-TMB-038,AC11-PS,(AC)11,Tool sequence,Fully PS oligodeoxynucleotide,YES,22,22,YES,EXACT - DEFINED REPEAT CONSTRUCT | HIGH,NOT REPORTED IN CURRENT CORPUS,,NOT REPORTED IN CURRENT CORPUS,,,,SEQUENCE_AND_POSITION_CHEMISTRY_MAPPED; ANALYTICAL_CHARACTERIZATION_MISSING,Major Phase 2 documentation gap for final release; retain explicit missingness and do not infer purity.,"Seek primary synthesis/CMC/regulatory characterization (HPLC/MS/lot data). If unavailable, publish as NOT_REPORTED with source provenance.",https://journals.plos.org/plosone/article?id=10.1371/journal.pone.0187574
CHAR-TMB-039,OLG-TMB-039,AC8-LNA-PS,LNA-wing (AC)8,Tool sequence,LNA-wing PS oligonucleotide,YES,16,16,YES,EXACT - DEFINED REPEAT CONSTRUCT | HIGH,NOT REPORTED IN CURRENT CORPUS,,NOT REPORTED IN CURRENT CORPUS,,,,SEQUENCE_AND_POSITION_CHEMISTRY_MAPPED; ANALYTICAL_CHARACTERIZATION_MISSING,Major Phase 2 documentation gap for final release; retain explicit missingness and do not infer purity.,"Seek primary synthesis/CMC/regulatory characterization (HPLC/MS/lot data). If unavailable, publish as NOT_REPORTED with source provenance.",https://journals.plos.org/plosone/article?id=10.1371/journal.pone.0187574
CHAR-TMB-040,OLG-TMB-040,AC9-LNA-PS,LNA-wing (AC)9,Tool sequence,LNA-wing PS oligonucleotide,YES,18,18,YES,EXACT - DEFINED REPEAT CONSTRUCT | HIGH,NOT REPORTED IN CURRENT CORPUS,,NOT REPORTED IN CURRENT CORPUS,,,,SEQUENCE_AND_POSITION_CHEMISTRY_MAPPED; ANALYTICAL_CHARACTERIZATION_MISSING,Major Phase 2 documentation gap for final release; retain explicit missingness and do not infer purity.,"Seek primary synthesis/CMC/regulatory characterization (HPLC/MS/lot data). If unavailable, publish as NOT_REPORTED with source provenance.",https://journals.plos.org/plosone/article?id=10.1371/journal.pone.0187574
CHAR-TMB-041,OLG-TMB-041,AC10-LNA-PS,LNA-wing (AC)10,Tool sequence,LNA-wing PS oligonucleotide,YES,20,20,YES,EXACT - DEFINED REPEAT CONSTRUCT | HIGH,NOT REPORTED IN CURRENT CORPUS,,NOT REPORTED IN CURRENT CORPUS,,,,SEQUENCE_AND_POSITION_CHEMISTRY_MAPPED; ANALYTICAL_CHARACTERIZATION_MISSING,Major Phase 2 documentation gap for final release; retain explicit missingness and do not infer purity.,"Seek primary synthesis/CMC/regulatory characterization (HPLC/MS/lot data). If unavailable, publish as NOT_REPORTED with source provenance.",https://journals.plos.org/plosone/article?id=10.1371/journal.pone.0187574
CHAR-TMB-042,OLG-TMB-042,ODN 2395-PO,All-phosphodiester ODN2395,Tool sequence,CpG oligodeoxynucleotide,YES,22,22,YES,EXACT - MATCHED BACKBONE CONTROL | HIGH,NOT REPORTED IN CURRENT CORPUS,,NOT REPORTED IN CURRENT CORPUS,,,,SEQUENCE_AND_POSITION_CHEMISTRY_MAPPED; ANALYTICAL_CHARACTERIZATION_MISSING,Major Phase 2 documentation gap for final release; retain explicit missingness and do not infer purity.,"Seek primary synthesis/CMC/regulatory characterization (HPLC/MS/lot data). If unavailable, publish as NOT_REPORTED with source provenance.",https://journals.plos.org/plosone/article?id=10.1371/journal.pone.0187574
CHAR-TMB-043,OLG-TMB-043,Olezarsen,TRYNGOLZA / AKCEA-APOCIII-LRx,APOC3,ASO,YES,20,20,YES,EXACT - PRIMARY SOURCE STATES SAME NUCLEOTIDE SEQUENCE AND BACKBONE AS VOLANESORSEN | HIGH for same sequence/backbone and clinical evidence; GalNAc attachment position unresolved,NOT REPORTED IN CURRENT CORPUS,,NOT REPORTED IN CURRENT CORPUS,,,,SEQUENCE_AND_POSITION_CHEMISTRY_MAPPED; ANALYTICAL_CHARACTERIZATION_MISSING,Major Phase 2 documentation gap for final release; retain explicit missingness and do not infer purity.,"Seek primary synthesis/CMC/regulatory characterization (HPLC/MS/purity/lot). If unavailable, publish as NOT_REPORTED with source provenance.",https://doi.org/10.1056/NEJMoa2400201
CHAR-TMB-044,OLG-TMB-044,Eplontersen,ION-682884 / WAINUA / AKCEA-TTR-LRx,TTR,ASO,YES,20,20,YES,EXACT NUCLEOTIDE SEQUENCE - SAME AS INOTERSEN; POSITIONAL CHEMISTRY INHERITED WITH QUALIFICATION | HIGH for sequence identity and clinical evidence; MODERATE-HIGH for full positional chemistry inheritance,NOT REPORTED IN CURRENT CORPUS,,NOT REPORTED IN CURRENT CORPUS,,,,SEQUENCE_AND_POSITION_CHEMISTRY_MAPPED; ANALYTICAL_CHARACTERIZATION_MISSING,Major Phase 2 documentation gap for final release; retain explicit missingness and do not infer purity.,"Seek primary synthesis/CMC/regulatory characterization (HPLC/MS/lot data). If unavailable, publish as NOT_REPORTED with source provenance.",https://doi.org/10.1001/jama.2023.18688
CHAR-TMB-045,OLG-TMB-045,ARC1779,Anti-VWF A1 aptamer / ARC1779,von Willebrand factor A1 domain,Aptamer,YES,40,40,YES,"EXACT - PATENT-CONFIRMED CORE OF PEGYLATED ARC1779 (SEQ ID NO: 1) | HIGH - patent explicitly identifies the 40-mer core, position-resolved chemistry, PEGylation, and ARC1779 identity",NOT REPORTED IN CURRENT CORPUS,,NOT REPORTED IN CURRENT CORPUS,,,,SEQUENCE_AND_POSITION_CHEMISTRY_MAPPED; ANALYTICAL_CHARACTERIZATION_MISSING,Major Phase 2 documentation gap for final release; retain explicit missingness and do not infer purity.,"Seek primary synthesis/CMC/regulatory characterization (HPLC/MS/purity/lot). If unavailable, publish as NOT_REPORTED with source provenance.",https://patents.google.com/patent/US20090203766A1/en
