Sequence_Record_ID,Canonical_Name,Target,Modality,Exact_Sequence_Status,Position_Chemistry_Status,Identity_Evidence,Analytical_Identity_Method,Purity_Percent,Primary_Model_Lane,Scientist_Disposition,Source_URL,Exact_Check,Position_Check,Identity_Evidence_Check,Analytical_Identity_Check,Purity_Check,Human_Lane_Check,Source_Check,Scientist_Check,Quality_Score,Quality_Class,Primary_Model_Use,Required_Next_Action
OLG-TMB-001,Volanesorsen,APOC3,ASO,YES,COMPLETE,EXACT - CROSS-SOURCE/REGULATORY CONFIRMED | HIGH - ISIS 304801 identity and exact chemistry confirmed by EMA,NOT REPORTED IN CURRENT CORPUS,,CLINICAL PLATELET-COUNT,PROVISIONALLY_APPROVED_CLINICAL_POSITIVE,https://www.ema.europa.eu/en/documents/assessment-report/waylivra-epar-public-assessment-report_en.pdf,1,1,1,0,0,1,1,1,6,STRUCTURE_COMPLETE_CLINICAL_EVIDENCE,Core clinical sequence-to-thrombocytopenia positive,"Seek primary synthesis/CMC/regulatory characterization (HPLC/MS/lot data). If unavailable, publish as NOT_REPORTED with source provenance."
OLG-TMB-002,Givosiran,ALAS1,siRNA,DUPLEX_COMPONENTS,COMPLETE,EXACT DUPLEX COMPONENTS AND REGULATORY SUGAR MAP RECOVERED | HIGH via FDA GSRS/GINA,NOT REPORTED IN CURRENT CORPUS,,SUPPORT OR EXCLUDE,EXCLUDE_FROM_PLATELET_COUNT_TRAINING,https://precision.fda.gov/ginas/app/ui/substances/ROV204583W,1,1,1,0,0,0,1,1,5,STRUCTURE_COMPLETE_SUPPORT_ONLY,Separate thrombotic-event support only,Retain component tables and explicit support-only disposition; seek CMC purity/lot data only if included in final public release.
OLG-TMB-003,487660,Not stated,ASO,YES,COMPLETE,EXACT - PRIMARY TABLE 1 | HIGH - exact table and defined assays,NOT REPORTED IN CURRENT CORPUS,,HUMAN MECHANISTIC,PROVISIONALLY_APPROVED_MECHANISTIC_CONTROL,https://haematologica.org/article/view/haematol.2020.260059,1,1,1,0,0,1,1,1,6,STRUCTURE_COMPLETE_HUMAN_MECHANISTIC,Human ex vivo mechanistic negative/control,"Seek primary synthesis/CMC/regulatory characterization (HPLC/MS/lot data). If unavailable, publish as NOT_REPORTED with source provenance."
OLG-TMB-004,104838,TNF-α,ASO,YES,COMPLETE,EXACT - PRIMARY TABLE/CROSS-SOURCE | HIGH,NOT REPORTED IN CURRENT CORPUS,,CLINICAL PLATELET-COUNT,PROVISIONALLY_APPROVED_CLINICAL_MODERATE_AND_MECHANISTIC,https://journals.sagepub.com/doi/full/10.1089/nat.2016.0650,1,1,1,0,0,1,1,1,6,STRUCTURE_COMPLETE_CLINICAL_EVIDENCE,Clinical moderate-risk positive + mechanistic positive,"Seek primary synthesis/CMC/regulatory characterization (HPLC/MS/lot data). If unavailable, publish as NOT_REPORTED with source provenance."
OLG-TMB-005,501861,Not stated,ASO,YES,COMPLETE,EXACT - PRIMARY TABLE 1 | HIGH,NOT REPORTED IN CURRENT CORPUS,,HUMAN MECHANISTIC,PROVISIONALLY_APPROVED_MECHANISTIC_POSITIVE_CLINICAL_UNKNOWN,https://haematologica.org/article/view/haematol.2020.260059,1,1,1,0,0,1,1,1,6,STRUCTURE_COMPLETE_HUMAN_MECHANISTIC,Human ex vivo mechanistic positive; clinical status unknown,"Seek primary synthesis/CMC/regulatory characterization (HPLC/MS/lot data). If unavailable, publish as NOT_REPORTED with source provenance."
OLG-TMB-006,120704,Not stated,CpG oligodeoxynucleotide,YES,COMPLETE,EXACT - PRIMARY TABLE 1 | HIGH,NOT REPORTED IN CURRENT CORPUS,,HUMAN MECHANISTIC,PROVISIONALLY_APPROVED_MECHANISTIC_POSITIVE_CONTROL,https://haematologica.org/article/view/haematol.2020.260059,1,1,1,0,0,1,1,1,6,STRUCTURE_COMPLETE_HUMAN_MECHANISTIC,Strong human ex vivo platelet-activation positive control,"Seek primary synthesis/CMC/regulatory characterization (HPLC/MS/lot data). If unavailable, publish as NOT_REPORTED with source provenance."
OLG-TMB-007,ODN 2395,Not stated,CpG oligodeoxynucleotide,YES,COMPLETE,EXACT - PRIMARY TABLE 1 | HIGH,NOT REPORTED IN CURRENT CORPUS,,HUMAN MECHANISTIC,PROVISIONALLY_APPROVED_MECHANISTIC_POSITIVE_CONTROL,https://haematologica.org/article/view/haematol.2020.260059,1,1,1,0,0,1,1,1,6,STRUCTURE_COMPLETE_HUMAN_MECHANISTIC,Strong human ex vivo platelet-activation positive control,"Seek primary synthesis/CMC/regulatory characterization (HPLC/MS/lot data). If unavailable, publish as NOT_REPORTED with source provenance."
OLG-TMB-008,575013,F7,ASO,YES,COMPLETE,EXACT - FIGURE 1 | HIGH for sequence; LOW for Thrombo transfer,NOT REPORTED IN CURRENT CORPUS,,SUPPORT OR EXCLUDE,SUPPORT_ONLY_CROSS_DOMAIN,https://doi.org/10.1038/s41587-019-0106-2,1,1,1,0,0,0,1,1,5,STRUCTURE_COMPLETE_SUPPORT_ONLY,Cross-domain chemistry/toxicity feature support only,"Seek primary synthesis/CMC/regulatory characterization (HPLC/MS/purity/lot). If unavailable, publish as NOT_REPORTED with source provenance."
OLG-TMB-009,465131,F11,ASO,YES,COMPLETE,EXACT - FIGURE 1 | HIGH for sequence; LOW for Thrombo transfer,NOT REPORTED IN CURRENT CORPUS,,SUPPORT OR EXCLUDE,SUPPORT_ONLY_CROSS_DOMAIN,https://doi.org/10.1038/s41587-019-0106-2,1,1,1,0,0,0,1,1,5,STRUCTURE_COMPLETE_SUPPORT_ONLY,Cross-domain chemistry/toxicity feature support only,"Seek primary synthesis/CMC/regulatory characterization (HPLC/MS/purity/lot). If unavailable, publish as NOT_REPORTED with source provenance."
OLG-TMB-010,549139,No target,ASO,YES,COMPLETE,EXACT - FIGURE 1 | HIGH for sequence; LOW for Thrombo transfer,NOT REPORTED IN CURRENT CORPUS,,SUPPORT OR EXCLUDE,SUPPORT_ONLY_CROSS_DOMAIN,https://doi.org/10.1038/s41587-019-0106-2,1,1,1,0,0,0,1,1,5,STRUCTURE_COMPLETE_SUPPORT_ONLY,Cross-domain chemistry/toxicity feature support only,"Seek primary synthesis/CMC/regulatory characterization (HPLC/MS/purity/lot). If unavailable, publish as NOT_REPORTED with source provenance."
OLG-TMB-011,549148,No target,ASO,YES,COMPLETE,EXACT - FIGURE 1 | HIGH for sequence; LOW for Thrombo transfer,NOT REPORTED IN CURRENT CORPUS,,SUPPORT OR EXCLUDE,SUPPORT_ONLY_CROSS_DOMAIN,https://doi.org/10.1038/s41587-019-0106-2,1,1,1,0,0,0,1,1,5,STRUCTURE_COMPLETE_SUPPORT_ONLY,Cross-domain chemistry/toxicity feature support only,"Seek primary synthesis/CMC/regulatory characterization (HPLC/MS/purity/lot). If unavailable, publish as NOT_REPORTED with source provenance."
OLG-TMB-012,464932,F11,ASO,YES,COMPLETE,EXACT - FIGURE 1 | HIGH for sequence; LOW for Thrombo transfer,NOT REPORTED IN CURRENT CORPUS,,SUPPORT OR EXCLUDE,SUPPORT_ONLY_CROSS_DOMAIN,https://doi.org/10.1038/s41587-019-0106-2,1,1,1,0,0,0,1,1,5,STRUCTURE_COMPLETE_SUPPORT_ONLY,Cross-domain chemistry/toxicity feature support only,"Seek primary synthesis/CMC/regulatory characterization (HPLC/MS/purity/lot). If unavailable, publish as NOT_REPORTED with source provenance."
OLG-TMB-013,449093,Scarb1,ASO,YES,COMPLETE,EXACT - FIGURE 1 | HIGH for sequence; LOW for Thrombo transfer,NOT REPORTED IN CURRENT CORPUS,,SUPPORT OR EXCLUDE,SUPPORT_ONLY_CROSS_DOMAIN,https://doi.org/10.1038/s41587-019-0106-2,1,1,1,0,0,0,1,1,5,STRUCTURE_COMPLETE_SUPPORT_ONLY,Cross-domain chemistry/toxicity feature support only,"Seek primary synthesis/CMC/regulatory characterization (HPLC/MS/purity/lot). If unavailable, publish as NOT_REPORTED with source provenance."
OLG-TMB-014,482050,Pten,ASO,YES,COMPLETE,EXACT - FIGURE 1 | HIGH for sequence; LOW for Thrombo transfer,NOT REPORTED IN CURRENT CORPUS,,SUPPORT OR EXCLUDE,SUPPORT_ONLY_CROSS_DOMAIN,https://doi.org/10.1038/s41587-019-0106-2,1,1,1,0,0,0,1,1,5,STRUCTURE_COMPLETE_SUPPORT_ONLY,Cross-domain chemistry/toxicity feature support only,"Seek primary synthesis/CMC/regulatory characterization (HPLC/MS/purity/lot). If unavailable, publish as NOT_REPORTED with source provenance."
OLG-TMB-015,508031,Sod1,ASO,YES,COMPLETE,EXACT - FIGURE 1 | HIGH for sequence; LOW for Thrombo transfer,NOT REPORTED IN CURRENT CORPUS,,SUPPORT OR EXCLUDE,SUPPORT_ONLY_CROSS_DOMAIN,https://doi.org/10.1038/s41587-019-0106-2,1,1,1,0,0,0,1,1,5,STRUCTURE_COMPLETE_SUPPORT_ONLY,Cross-domain chemistry/toxicity feature support only,"Seek primary synthesis/CMC/regulatory characterization (HPLC/MS/purity/lot). If unavailable, publish as NOT_REPORTED with source provenance."
OLG-TMB-016,558807,Cxcl2,ASO,YES,COMPLETE,EXACT - FIGURE 1 | HIGH for sequence; LOW for Thrombo transfer,NOT REPORTED IN CURRENT CORPUS,,SUPPORT OR EXCLUDE,SUPPORT_ONLY_CROSS_DOMAIN,https://doi.org/10.1038/s41587-019-0106-2,1,1,1,0,0,0,1,1,5,STRUCTURE_COMPLETE_SUPPORT_ONLY,Cross-domain chemistry/toxicity feature support only,"Seek primary synthesis/CMC/regulatory characterization (HPLC/MS/purity/lot). If unavailable, publish as NOT_REPORTED with source provenance."
OLG-TMB-017,464917,F11,ASO,YES,COMPLETE,EXACT - FIGURE 1 | HIGH for sequence; LOW for Thrombo transfer,NOT REPORTED IN CURRENT CORPUS,,SUPPORT OR EXCLUDE,SUPPORT_ONLY_CROSS_DOMAIN,https://doi.org/10.1038/s41587-019-0106-2,1,1,1,0,0,0,1,1,5,STRUCTURE_COMPLETE_SUPPORT_ONLY,Cross-domain chemistry/toxicity feature support only,"Seek primary synthesis/CMC/regulatory characterization (HPLC/MS/purity/lot). If unavailable, publish as NOT_REPORTED with source provenance."
OLG-TMB-018,107248,CD49D,ASO,YES,COMPLETE,EXACT - PRIMARY TABLE 1 | HIGH for sequence; outcome confidence varies,NOT REPORTED IN CURRENT CORPUS,,HOLD / SOURCE COMPLETION,HOLD_PRIMARY_CLINICAL_SOURCE,https://journals.sagepub.com/doi/full/10.1089/nat.2016.0650,1,1,1,0,0,0,1,1,5,STRUCTURE_COMPLETE_OUTCOME_HOLD,Clinical human sequence candidate - positive/low-risk/hold depending record,"Seek primary synthesis/CMC/regulatory characterization (HPLC/MS/lot data). If unavailable, publish as NOT_REPORTED with source provenance."
OLG-TMB-019,113715,PTP1B,ASO,YES,COMPLETE,EXACT - PRIMARY TABLE 1 | HIGH for sequence; outcome confidence varies,NOT REPORTED IN CURRENT CORPUS,,HOLD / SOURCE COMPLETION,HOLD_PER_SEQUENCE_OUTCOME,https://journals.sagepub.com/doi/full/10.1089/nat.2016.0650,1,1,1,0,0,0,1,1,5,STRUCTURE_COMPLETE_OUTCOME_HOLD,Clinical human sequence candidate - positive/low-risk/hold depending record,"Seek primary synthesis/CMC/regulatory characterization (HPLC/MS/lot data). If unavailable, publish as NOT_REPORTED with source provenance."
OLG-TMB-020,301012,APOB,ASO,YES,COMPLETE,EXACT - PRIMARY TABLE 1 | HIGH for sequence; outcome confidence varies,NOT REPORTED IN CURRENT CORPUS,,CLINICAL COMPARATOR,PROVISIONAL_CLINICAL_LOW_RISK_COMPARATOR,https://journals.sagepub.com/doi/full/10.1089/nat.2016.0650,1,1,1,0,0,1,1,1,6,STRUCTURE_COMPLETE_CLINICAL_EVIDENCE,Clinical human sequence candidate - positive/low-risk/hold depending record,"Seek primary synthesis/CMC/regulatory characterization (HPLC/MS/lot data). If unavailable, publish as NOT_REPORTED with source provenance."
OLG-TMB-021,329993,CRP,ASO,YES,COMPLETE,EXACT - PRIMARY TABLE 1 | HIGH for sequence; outcome confidence varies,NOT REPORTED IN CURRENT CORPUS,,HOLD / SOURCE COMPLETION,HOLD_PER_SEQUENCE_OUTCOME,https://journals.sagepub.com/doi/full/10.1089/nat.2016.0650,1,1,1,0,0,0,1,1,5,STRUCTURE_COMPLETE_OUTCOME_HOLD,Clinical human sequence candidate - positive/low-risk/hold depending record,"Seek primary synthesis/CMC/regulatory characterization (HPLC/MS/lot data). If unavailable, publish as NOT_REPORTED with source provenance."
OLG-TMB-022,404173,PTP1B,ASO,YES,COMPLETE,EXACT - PRIMARY TABLE 1 | HIGH sequence identity; MODERATE-HIGH clinical outcome,NOT REPORTED IN CURRENT CORPUS,,CLINICAL PLATELET-COUNT RISK,PROVISIONALLY_APPROVED_CLINICAL_POSITIVE,https://doi.org/10.1089/nat.2017.0666,1,1,1,0,0,1,1,1,6,STRUCTURE_COMPLETE_CLINICAL_EVIDENCE,Clinical human positive anchor for moderate phenotype; endpoint-specific severity modeling,"Seek primary synthesis/CMC/regulatory characterization (HPLC/MS/lot data). If unavailable, publish as NOT_REPORTED with source provenance."
OLG-TMB-023,416858,FXI,ASO,YES,COMPLETE,EXACT - PRIMARY TABLE 1 | HIGH for sequence; outcome confidence varies,NOT REPORTED IN CURRENT CORPUS,,SUPPORT OR EXCLUDE,SUPPORT_ONLY_INTENDED_COAGULATION_PHARMACOLOGY,https://journals.sagepub.com/doi/full/10.1089/nat.2016.0650,1,1,1,0,0,0,1,1,5,STRUCTURE_COMPLETE_SUPPORT_ONLY,Clinical human sequence candidate - positive/low-risk/hold depending record,"Seek primary synthesis/CMC/regulatory characterization (HPLC/MS/lot data). If unavailable, publish as NOT_REPORTED with source provenance."
OLG-TMB-024,426115,GCCR,ASO,YES,COMPLETE,EXACT - PRIMARY TABLE 1 | HIGH for sequence; outcome confidence varies,NOT REPORTED IN CURRENT CORPUS,,HOLD / SOURCE COMPLETION,HOLD_PER_SEQUENCE_OUTCOME,https://journals.sagepub.com/doi/full/10.1089/nat.2016.0650,1,1,1,0,0,0,1,1,5,STRUCTURE_COMPLETE_OUTCOME_HOLD,Clinical human sequence candidate - positive/low-risk/hold depending record,"Seek primary synthesis/CMC/regulatory characterization (HPLC/MS/lot data). If unavailable, publish as NOT_REPORTED with source provenance."
OLG-TMB-025,449884,GCGR,ASO,YES,COMPLETE,EXACT - PRIMARY TABLE 1 | HIGH for sequence; outcome confidence varies,NOT REPORTED IN CURRENT CORPUS,,HOLD / SOURCE COMPLETION,HOLD_PER_SEQUENCE_OUTCOME,https://journals.sagepub.com/doi/full/10.1089/nat.2016.0650,1,1,1,0,0,0,1,1,5,STRUCTURE_COMPLETE_OUTCOME_HOLD,Clinical human sequence candidate - positive/low-risk/hold depending record,"Seek primary synthesis/CMC/regulatory characterization (HPLC/MS/lot data). If unavailable, publish as NOT_REPORTED with source provenance."
OLG-TMB-026,463588,FGFR4,ASO,YES,COMPLETE,EXACT - PRIMARY TABLE 1 | HIGH for sequence; outcome confidence varies,NOT REPORTED IN CURRENT CORPUS,,HOLD / SOURCE COMPLETION,HOLD_PER_SEQUENCE_OUTCOME,https://journals.sagepub.com/doi/full/10.1089/nat.2016.0650,1,1,1,0,0,0,1,1,5,STRUCTURE_COMPLETE_OUTCOME_HOLD,Clinical human sequence candidate - positive/low-risk/hold depending record,"Seek primary synthesis/CMC/regulatory characterization (HPLC/MS/lot data). If unavailable, publish as NOT_REPORTED with source provenance."
OLG-TMB-027,494372,LPA,ASO,YES,COMPLETE,EXACT - PRIMARY TABLE 1 | HIGH for sequence; outcome confidence varies,NOT REPORTED IN CURRENT CORPUS,,HOLD / SOURCE COMPLETION,HOLD_PER_SEQUENCE_OUTCOME,https://journals.sagepub.com/doi/full/10.1089/nat.2016.0650,1,1,1,0,0,0,1,1,5,STRUCTURE_COMPLETE_OUTCOME_HOLD,Clinical human sequence candidate - positive/low-risk/hold depending record,"Seek primary synthesis/CMC/regulatory characterization (HPLC/MS/lot data). If unavailable, publish as NOT_REPORTED with source provenance."
OLG-TMB-028,505358,HBV,ASO,YES,COMPLETE,EXACT - PRIMARY TABLE 1 | HIGH for sequence; outcome confidence varies,NOT REPORTED IN CURRENT CORPUS,,HOLD / SOURCE COMPLETION,HOLD_PER_SEQUENCE_OUTCOME,https://journals.sagepub.com/doi/full/10.1089/nat.2016.0650,1,1,1,0,0,0,1,1,5,STRUCTURE_COMPLETE_OUTCOME_HOLD,Clinical human sequence candidate - positive/low-risk/hold depending record,"Seek primary synthesis/CMC/regulatory characterization (HPLC/MS/lot data). If unavailable, publish as NOT_REPORTED with source provenance."
OLG-TMB-029,546254,PKK,ASO,YES,COMPLETE,EXACT - PRIMARY TABLE 1 | HIGH for sequence; outcome confidence varies,NOT REPORTED IN CURRENT CORPUS,,HOLD / SOURCE COMPLETION,HOLD_PER_SEQUENCE_OUTCOME,https://journals.sagepub.com/doi/full/10.1089/nat.2016.0650,1,1,1,0,0,0,1,1,5,STRUCTURE_COMPLETE_OUTCOME_HOLD,Clinical human sequence candidate - positive/low-risk/hold depending record,"Seek primary synthesis/CMC/regulatory characterization (HPLC/MS/lot data). If unavailable, publish as NOT_REPORTED with source provenance."
OLG-TMB-030,563580,ANGPTL3,ASO,YES,COMPLETE,EXACT - PRIMARY TABLE 1 | HIGH for sequence; outcome confidence varies,NOT REPORTED IN CURRENT CORPUS,,HOLD / SOURCE COMPLETION,HOLD_PER_SEQUENCE_OUTCOME,https://journals.sagepub.com/doi/full/10.1089/nat.2016.0650,1,1,1,0,0,0,1,1,5,STRUCTURE_COMPLETE_OUTCOME_HOLD,Clinical human sequence candidate - positive/low-risk/hold depending record,"Seek primary synthesis/CMC/regulatory characterization (HPLC/MS/lot data). If unavailable, publish as NOT_REPORTED with source provenance."
OLG-TMB-031,Inotersen,TTR,ASO,YES,COMPLETE,EXACT - PRIMARY TABLE/CROSS-SOURCE | HIGH,NOT REPORTED IN CURRENT CORPUS,,CLINICAL PLATELET-COUNT,PROVISIONALLY_APPROVED_CLINICAL_SEVERE_IMMUNE_POSITIVE,https://pmc.ncbi.nlm.nih.gov/articles/PMC12611561/,1,1,1,0,0,1,1,1,6,STRUCTURE_COMPLETE_CLINICAL_EVIDENCE,Core clinical severe/immune-mediated thrombocytopenia positive,"Seek primary synthesis/CMC/regulatory characterization (HPLC/MS/lot data). If unavailable, publish as NOT_REPORTED with source provenance."
OLG-TMB-032,AC5-PS,Tool sequence,Fully PS oligodeoxynucleotide,YES,COMPLETE,EXACT - DEFINED REPEAT CONSTRUCT | HIGH,NOT REPORTED IN CURRENT CORPUS,,HUMAN MECHANISTIC,PROVISIONALLY_APPROVED_MECHANISTIC_TOOL,https://journals.plos.org/plosone/article?id=10.1371/journal.pone.0187574,1,1,1,0,0,1,1,1,6,STRUCTURE_COMPLETE_HUMAN_MECHANISTIC,Human mechanistic sequence/length series,"Seek primary synthesis/CMC/regulatory characterization (HPLC/MS/lot data). If unavailable, publish as NOT_REPORTED with source provenance."
OLG-TMB-033,AC6-PS,Tool sequence,Fully PS oligodeoxynucleotide,YES,COMPLETE,EXACT - DEFINED REPEAT CONSTRUCT | HIGH,NOT REPORTED IN CURRENT CORPUS,,HUMAN MECHANISTIC,PROVISIONALLY_APPROVED_MECHANISTIC_TOOL,https://journals.plos.org/plosone/article?id=10.1371/journal.pone.0187574,1,1,1,0,0,1,1,1,6,STRUCTURE_COMPLETE_HUMAN_MECHANISTIC,Human mechanistic sequence/length series,"Seek primary synthesis/CMC/regulatory characterization (HPLC/MS/lot data). If unavailable, publish as NOT_REPORTED with source provenance."
OLG-TMB-034,AC7-PS,Tool sequence,Fully PS oligodeoxynucleotide,YES,COMPLETE,EXACT - DEFINED REPEAT CONSTRUCT | HIGH,NOT REPORTED IN CURRENT CORPUS,,HUMAN MECHANISTIC,PROVISIONALLY_APPROVED_MECHANISTIC_TOOL,https://journals.plos.org/plosone/article?id=10.1371/journal.pone.0187574,1,1,1,0,0,1,1,1,6,STRUCTURE_COMPLETE_HUMAN_MECHANISTIC,Human mechanistic sequence/length series,"Seek primary synthesis/CMC/regulatory characterization (HPLC/MS/lot data). If unavailable, publish as NOT_REPORTED with source provenance."
OLG-TMB-035,AC8-PS,Tool sequence,Fully PS oligodeoxynucleotide,YES,COMPLETE,EXACT - DEFINED REPEAT CONSTRUCT | HIGH,NOT REPORTED IN CURRENT CORPUS,,HUMAN MECHANISTIC,PROVISIONALLY_APPROVED_MECHANISTIC_TOOL,https://journals.plos.org/plosone/article?id=10.1371/journal.pone.0187574,1,1,1,0,0,1,1,1,6,STRUCTURE_COMPLETE_HUMAN_MECHANISTIC,Human mechanistic sequence/length series,"Seek primary synthesis/CMC/regulatory characterization (HPLC/MS/lot data). If unavailable, publish as NOT_REPORTED with source provenance."
OLG-TMB-036,AC9-PS,Tool sequence,Fully PS oligodeoxynucleotide,YES,COMPLETE,EXACT - DEFINED REPEAT CONSTRUCT | HIGH,NOT REPORTED IN CURRENT CORPUS,,HUMAN MECHANISTIC,PROVISIONALLY_APPROVED_MECHANISTIC_TOOL,https://journals.plos.org/plosone/article?id=10.1371/journal.pone.0187574,1,1,1,0,0,1,1,1,6,STRUCTURE_COMPLETE_HUMAN_MECHANISTIC,Human mechanistic sequence/length series,"Seek primary synthesis/CMC/regulatory characterization (HPLC/MS/lot data). If unavailable, publish as NOT_REPORTED with source provenance."
OLG-TMB-037,AC10-PS,Tool sequence,Fully PS oligodeoxynucleotide,YES,COMPLETE,EXACT - DEFINED REPEAT CONSTRUCT | HIGH,NOT REPORTED IN CURRENT CORPUS,,HUMAN MECHANISTIC,PROVISIONALLY_APPROVED_MECHANISTIC_TOOL,https://journals.plos.org/plosone/article?id=10.1371/journal.pone.0187574,1,1,1,0,0,1,1,1,6,STRUCTURE_COMPLETE_HUMAN_MECHANISTIC,Human mechanistic sequence/length series,"Seek primary synthesis/CMC/regulatory characterization (HPLC/MS/lot data). If unavailable, publish as NOT_REPORTED with source provenance."
OLG-TMB-038,AC11-PS,Tool sequence,Fully PS oligodeoxynucleotide,YES,COMPLETE,EXACT - DEFINED REPEAT CONSTRUCT | HIGH,NOT REPORTED IN CURRENT CORPUS,,HUMAN MECHANISTIC,PROVISIONALLY_APPROVED_MECHANISTIC_TOOL,https://journals.plos.org/plosone/article?id=10.1371/journal.pone.0187574,1,1,1,0,0,1,1,1,6,STRUCTURE_COMPLETE_HUMAN_MECHANISTIC,Human mechanistic sequence/length series,"Seek primary synthesis/CMC/regulatory characterization (HPLC/MS/lot data). If unavailable, publish as NOT_REPORTED with source provenance."
OLG-TMB-039,AC8-LNA-PS,Tool sequence,LNA-wing PS oligonucleotide,YES,COMPLETE,EXACT - DEFINED REPEAT CONSTRUCT | HIGH,NOT REPORTED IN CURRENT CORPUS,,HUMAN MECHANISTIC,PROVISIONALLY_APPROVED_MECHANISTIC_MITIGATION,https://journals.plos.org/plosone/article?id=10.1371/journal.pone.0187574,1,1,1,0,0,1,1,1,6,STRUCTURE_COMPLETE_HUMAN_MECHANISTIC,Matched mechanistic mitigation comparator,"Seek primary synthesis/CMC/regulatory characterization (HPLC/MS/lot data). If unavailable, publish as NOT_REPORTED with source provenance."
OLG-TMB-040,AC9-LNA-PS,Tool sequence,LNA-wing PS oligonucleotide,YES,COMPLETE,EXACT - DEFINED REPEAT CONSTRUCT | HIGH,NOT REPORTED IN CURRENT CORPUS,,HUMAN MECHANISTIC,PROVISIONALLY_APPROVED_MECHANISTIC_MITIGATION,https://journals.plos.org/plosone/article?id=10.1371/journal.pone.0187574,1,1,1,0,0,1,1,1,6,STRUCTURE_COMPLETE_HUMAN_MECHANISTIC,Matched mechanistic mitigation comparator,"Seek primary synthesis/CMC/regulatory characterization (HPLC/MS/lot data). If unavailable, publish as NOT_REPORTED with source provenance."
OLG-TMB-041,AC10-LNA-PS,Tool sequence,LNA-wing PS oligonucleotide,YES,COMPLETE,EXACT - DEFINED REPEAT CONSTRUCT | HIGH,NOT REPORTED IN CURRENT CORPUS,,HUMAN MECHANISTIC,PROVISIONALLY_APPROVED_MECHANISTIC_MITIGATION,https://journals.plos.org/plosone/article?id=10.1371/journal.pone.0187574,1,1,1,0,0,1,1,1,6,STRUCTURE_COMPLETE_HUMAN_MECHANISTIC,Matched mechanistic mitigation comparator,"Seek primary synthesis/CMC/regulatory characterization (HPLC/MS/lot data). If unavailable, publish as NOT_REPORTED with source provenance."
OLG-TMB-042,ODN 2395-PO,Tool sequence,CpG oligodeoxynucleotide,YES,COMPLETE,EXACT - MATCHED BACKBONE CONTROL | HIGH,NOT REPORTED IN CURRENT CORPUS,,HUMAN MECHANISTIC,PROVISIONALLY_APPROVED_MECHANISTIC_BACKBONE_CONTROL,https://journals.plos.org/plosone/article?id=10.1371/journal.pone.0187574,1,1,1,0,0,1,1,1,6,STRUCTURE_COMPLETE_HUMAN_MECHANISTIC,Matched backbone mechanistic negative/control,"Seek primary synthesis/CMC/regulatory characterization (HPLC/MS/lot data). If unavailable, publish as NOT_REPORTED with source provenance."
OLG-TMB-043,Olezarsen,APOC3,ASO,YES,COMPLETE,EXACT - PRIMARY SOURCE STATES SAME NUCLEOTIDE SEQUENCE AND BACKBONE AS VOLANESORSEN | HIGH for same sequence/backbone and clinical evidence; GalNAc attachment position unresolved,NOT REPORTED IN CURRENT CORPUS,,MATCHED-SEQUENCE TREATMENT-CONTEXT,PROVISIONALLY_APPROVED_MATCHED_SEQUENCE_CONTEXT_COMPARATOR,https://doi.org/10.1056/NEJMoa2400201,1,1,1,0,0,1,1,1,6,STRUCTURE_COMPLETE_CLINICAL_EVIDENCE,Matched-sequence treatment-context comparator; not a clean clinical negative,"Seek primary synthesis/CMC/regulatory characterization (HPLC/MS/purity/lot). If unavailable, publish as NOT_REPORTED with source provenance."
OLG-TMB-044,Eplontersen,TTR,ASO,YES,COMPLETE,EXACT NUCLEOTIDE SEQUENCE - SAME AS INOTERSEN; POSITIONAL CHEMISTRY INHERITED WITH QUALIFICATION | HIGH for sequence identity and clinical evidence; MODERATE-HIGH for full positional chemistry inheritance,NOT REPORTED IN CURRENT CORPUS,,MATCHED-SEQUENCE TREATMENT-CONTEXT,PROVISIONALLY_APPROVED_MATCHED_SEQUENCE_CONTEXT_COMPARATOR,https://doi.org/10.1001/jama.2023.18688,1,1,1,0,0,1,1,1,6,STRUCTURE_COMPLETE_CLINICAL_EVIDENCE,Matched-sequence treatment-context comparator; not a clean sequence negative,"Seek primary synthesis/CMC/regulatory characterization (HPLC/MS/lot data). If unavailable, publish as NOT_REPORTED with source provenance."
OLG-TMB-045,ARC1779,von Willebrand factor A1 domain,Aptamer,YES,COMPLETE,"EXACT - PATENT-CONFIRMED CORE OF PEGYLATED ARC1779 (SEQ ID NO: 1) | HIGH - patent explicitly identifies the 40-mer core, position-resolved chemistry, PEGylation, and ARC1779 identity",NOT REPORTED IN CURRENT CORPUS,,INTENDED PHARMACOLOGY / THERAPEUTIC CORRECTION CONTROL,SUPPORT_ONLY_HUMAN_CLINICAL_INTENDED_PHARMACOLOGY,https://patents.google.com/patent/US20090203766A1/en,1,1,1,0,0,0,1,1,5,STRUCTURE_COMPLETE_CONTROL_ONLY,Endpoint-ontology control and intended-pharmacology/therapeutic-correction comparator only,"Seek primary synthesis/CMC/regulatory characterization (HPLC/MS/purity/lot). If unavailable, publish as NOT_REPORTED with source provenance."
