Requirement_ID,Phase_2_Requirement,v0.8_Status,Evidence_in_v0.8,Remaining_Blocker,Owner_Next,Scientific_Validation_Note,Official_Source_URL
P2-01,High-quality AI-ready open toxicity dataset,STRONG PARTIAL,"Relational oligo, position-chemistry, duplex-component, human clinical, human mechanistic, adjudication, provenance, QA, family-group and export tables.","Final technical validation, repository publication, license approval and dataset freeze.",Oscar + German,"The resource is an auditable derivative dataset, not a collection of paper summaries.",https://www.nih.gov/challenges/oligonucleotide-toxicity-oligotox-open-data-challenge
P2-02,Human in vitro/human-based relevance,STRONG PARTIAL,"75 curated human ex vivo rows, 81 qualified Sewing reconstructions, and 35 human clinical rows.",Independent raw assay files and additional exact human sequences would improve breadth.,German,"Human, animal, review, and intended-pharmacology evidence remain separated.",https://www.nih.gov/challenges/oligonucleotide-toxicity-oligotox-open-data-challenge
P2-03,Oligonucleotide sequences,PROVISIONAL PASS,45 oligo records; 44 exact single/core sequences; Givosiran represented by two exact component sequences.,No compound-level concatenated sequence should be invented for duplex products.,Oscar,Exactness and source status are retained per construct.,https://www.nih.gov/challenges/oligonucleotide-toxicity-oligotox-open-data-challenge
P2-04,Locations of chemical modifications,PROVISIONAL PASS,"831 main position rows plus 44 Givosiran duplex-component position rows; Shen, Olezarsen and ARC1779 maps completed.",Analytical confirmation and some source-level notation remain absent.,Oscar + German,Whole-molecule summaries do not replace position maps.,https://www.nih.gov/challenges/oligonucleotide-toxicity-oligotox-open-data-challenge
P2-05,Purity and identity characterization,MAJOR GAP,"Characterization table explicitly records missing analytical methods, purity, MW and lot information.",0/45 public analytical identity methods and 0/45 purity values in current corpus.,German + Oscar,Sequence reconstruction is not equivalent to analytical identity/purity testing.,https://www.nih.gov/challenges/oligonucleotide-toxicity-oligotox-open-data-challenge
P2-06,Data dictionary and schema,PROVISIONAL PASS,"Expanded data dictionary, controlled vocabularies, relationship rules, duplex entities, QA and missingness tables.","Oscar must implement types, keys, constraints and automated exports in code.",Oscar,Scientific definitions must be preserved during implementation.,https://www.nih.gov/challenges/oligonucleotide-toxicity-oligotox-open-data-challenge
P2-07,Raw data access and provenance,PARTIAL,63 source-provenance records with URLs; every clinical/ex vivo row has a source location and URL.,SafeSense treatment CSV and Sewing S1 raw spreadsheet not locally acquired; copyrighted PDFs cannot be republished.,Oscar + German,Public derivative data must link to sources without redistributing restricted full text.,https://www.nih.gov/challenges/oligonucleotide-toxicity-oligotox-open-data-challenge
P2-08,Positive and negative controls,PARTIAL,Mechanistic matched contrasts and endpoint-specific controls are curated.,No clean sequence-linked clinical negative passes all scientific gates.,German,"Lower-risk, mechanistic low-response, placebo, and clean clinical negative are distinct roles.",https://www.nih.gov/challenges/oligonucleotide-toxicity-oligotox-open-data-challenge
P2-09,Predictor variables and toxicity indicators,DRAFT READY,"Mechanistic feature matrix, context features, endpoint ontology, model specification, and adjudicated labels.",Feature set and targets need Oscar/Gustavo implementation and German approval of final labels.,Gustavo + Oscar + German,Clinical and mechanistic targets remain separate.,https://www.nih.gov/challenges/oligonucleotide-toxicity-oligotox-open-data-challenge
P2-10,Narrative document up to 12 pages,DRAFT INPUTS READY,"Scientific rationale, evidence hierarchy, model permissions, limitations, matched-context findings and QA decisions are documented.",Gustavo must integrate team-wide findings within page limit.,Gustavo + German,No clinical prediction claim is permitted from the mechanistic proof-of-concept lane.,https://www.nih.gov/challenges/oligonucleotide-toxicity-oligotox-open-data-challenge
P2-11,Methodology document up to 5 pages,DRAFT INPUTS READY,"Source QC, extraction, sequence/chemistry normalization, endpoint ontology, evidence tiers, adjudication, leakage, missingness and QA are specified.",German must finalize concise methodology after Oscar's implementation matches the schema.,German + Oscar,"The methodology must describe what was actually implemented, not a future intention.",https://www.nih.gov/challenges/oligonucleotide-toxicity-oligotox-open-data-challenge
P2-12,Public Access and Dissemination Plan up to 5 pages,OUTLINE READY,"Repository, license, versioning, persistent identifier, preservation, maintenance and restricted-source handling are outlined.","Select repository, approve license and define long-term custodian.",Gustavo + Oscar,Derivative dataset should be open while respecting source copyrights.,https://www.nih.gov/challenges/oligonucleotide-toxicity-oligotox-open-data-challenge
P2-13,Reproducible code/notebooks/tutorials,PLANNED,"Model specification, leakage groups, schema and export manifest support reproducible implementation.",Oscar/Gustavo must create tested notebooks and environment documentation.,Oscar + Gustavo,Notebook output must use the frozen scientist-approved data version.,https://www.nih.gov/challenges/oligonucleotide-toxicity-oligotox-open-data-challenge
P2-14,Publicly accessible dataset release,PROVISIONAL EXPORT ONLY,CSV/JSON export package and manifest are produced for internal review.,"License review, technical QA, DOI/repository deposit and scientist freeze are outstanding.",Oscar + Gustavo + German,Do not call v0.8 the final challenge dataset.,https://www.nih.gov/challenges/oligonucleotide-toxicity-oligotox-open-data-challenge
P2-15,Final scientific validation and dataset freeze,BLOCKED,Every oligo has a scientist disposition; QA shows no hard integrity failures.,"Analytical characterization, structured source acquisition, clean clinical negative class and independent validation remain unresolved.",German,Data engineering and limited proof-of-concept work may proceed; final clinical classifier and final freeze may not.,https://www.nih.gov/challenges/oligonucleotide-toxicity-oligotox-open-data-challenge
