Queue_ID,Decision_Area,Priority,Default_Recommendation,Recommended_Status,Scientific_Rationale,When_User_Input_Is_Required
SRQ-TMB-001,Clinical endpoint hierarchy,HIGH,"Use separate targets for >30% decline, absolute nadir bands, severe <25k, recovery, and monitoring actions.",APPROVE DEFAULT,Prevents one universal POS/NEG label from erasing severity and time course.,No user input required now; final signoff before model freeze.
SRQ-TMB-002,Phenotype 1 operational definition,HIGH,"Primary definition: moderate, generally dose-associated and reversible decline; retain both relative >30% decline and absolute nadir categories rather than forcing one threshold.",APPROVE DEFAULT,Source programs use different thresholds; preserving both supports harmonization without false equivalence.,Final wording review later.
SRQ-TMB-003,Phenotype 2 operational definition,HIGH,"Restrict to rare severe abrupt cases, especially <25,000/µL and/or antibody/bleeding evidence; analyze as case series.",APPROVE DEFAULT,Current event count is too small for standard supervised classification.,Final case adjudication later.
SRQ-TMB-004,Clinical negative definition,CRITICAL,Keep the seven-gate clean-negative rule; no current candidate passes all gates.,APPROVE DEFAULT,Absence of reporting is not evidence of absence.,Do not relax merely to balance classes.
SRQ-TMB-005,Lower-risk matched comparators,HIGH,"Use olezarsen/eplontersen as treatment-context comparators, not clean negatives.",APPROVE DEFAULT,"Non-equivalent dose, targeting, study design, and residual platelet observations prevent clean-negative status.",Final model role review later.
SRQ-TMB-006,Human ex vivo ordinal response score,MEDIUM,Permit 0-3 scientist-derived score only for restricted proof-of-concept and sensitivity analyses; raw numeric values take priority whenever available.,APPROVE DEFAULT,Allows use of qualified qualitative evidence without misrepresenting it as raw data.,Revisit after Sewing S1 acquisition.
SRQ-TMB-007,Mechanistic endpoint fusion,HIGH,"Keep GPVI binding, P-selectin/PAC-1, platelet-leukocyte aggregates, PF4 binding, cytokines, and megakaryocyte endpoints separate; any composite is secondary.",APPROVE DEFAULT,Different assays represent different mechanisms and biological levels.,Final target set review before Gustavo models.
SRQ-TMB-008,Intended antithrombotic pharmacology,HIGH,"Maintain separate intended-pharmacology/control lane for ARC1779, BT200, factor XI ASOs, and anticoagulant aptamers.",APPROVE DEFAULT,Desired platelet/coagulation inhibition is not automatically toxicity.,No immediate input.
SRQ-TMB-009,Therapeutic correction of thrombocytopenia,MEDIUM,"Keep disease-related platelet normalization as a therapeutic correction control, not a negative toxicity label.",APPROVE DEFAULT,Direction of platelet change and underlying disease context matter.,No immediate input.
SRQ-TMB-010,Evidence-tier weighting,MEDIUM,"Do not use numeric weights in final modeling until sensitivity analyses compare unweighted, tier-restricted, and confidence-weighted results.",APPROVE DEFAULT,Arbitrary weights could encode curator judgment as model truth.,Review with Gustavo after first POC plan.
SRQ-TMB-011,Analytical identity/purity missingness,CRITICAL,Publish explicit NOT_REPORTED fields and continue source recovery; never infer purity from sequence or vendor/source.,APPROVE DEFAULT,"Phase 2 asks for characterization information, but unavailable data must remain transparent.",Final disclosure required.
SRQ-TMB-012,Final public release threshold,CRITICAL,"No final dataset freeze until Oscar passes relational QA, licenses are approved, repository/persistent ID are selected, and German signs every model-eligible subset.",APPROVE DEFAULT,Prevents provisional evidence from being mistaken for a validated public model dataset.,User signoff required only at final freeze.
