Manifest_ID,Data_Object,Record_ID,Sequence_Record_ID,Canonical_Name,Model_Lane,Eligibility_Status,Target_or_Outcome,Leakage_Group,Evidence_Tier,Allowed_Use,Prohibited_Use,Scientific_Rationale,Required_Next_Gate,Source_URL
TMAN-MECH-001,SEQUENCE_LEVEL_CANDIDATE,MC-TMB-01,OLG-TMB-003,487660,HUMAN_MECHANISTIC_POC,ELIGIBLE_GROUPED_POC,Ordinal human platelet activation score 0-3,Slingsby_5_oligo_panel,SILVER,"Grouped, endpoint-restricted proof-of-concept; matched contrasts; interpretable descriptive analysis","Clinical thrombocytopenia prediction, clinical validation, random row split, causal feature claim",Exact sequence/chemistry and scientist-adjudicated human mechanistic phenotype are available.,"German approves target construction, split groups, results, and wording.",https://haematologica.org/article/view/haematol.2020.260059
TMAN-MECH-002,SEQUENCE_LEVEL_CANDIDATE,MC-TMB-02,OLG-TMB-004,104838,HUMAN_MECHANISTIC_POC,ELIGIBLE_GROUPED_POC,Ordinal human platelet activation score 0-3,Slingsby_5_oligo_panel,GOLD,"Grouped, endpoint-restricted proof-of-concept; matched contrasts; interpretable descriptive analysis","Clinical thrombocytopenia prediction, clinical validation, random row split, causal feature claim",Exact sequence/chemistry and scientist-adjudicated human mechanistic phenotype are available.,"German approves target construction, split groups, results, and wording.",https://journals.sagepub.com/doi/full/10.1089/nat.2016.0650
TMAN-MECH-003,SEQUENCE_LEVEL_CANDIDATE,MC-TMB-03,OLG-TMB-005,501861,HUMAN_MECHANISTIC_POC,ELIGIBLE_GROUPED_POC,Ordinal human platelet activation score 0-3,Slingsby_5_oligo_panel,GOLD,"Grouped, endpoint-restricted proof-of-concept; matched contrasts; interpretable descriptive analysis","Clinical thrombocytopenia prediction, clinical validation, random row split, causal feature claim",Exact sequence/chemistry and scientist-adjudicated human mechanistic phenotype are available.,"German approves target construction, split groups, results, and wording.",https://haematologica.org/article/view/haematol.2020.260059
TMAN-MECH-004,SEQUENCE_LEVEL_CANDIDATE,MC-TMB-04,OLG-TMB-006,120704,HUMAN_MECHANISTIC_POC,ELIGIBLE_GROUPED_POC,Ordinal human platelet activation score 0-3,Slingsby_5_oligo_panel,GOLD,"Grouped, endpoint-restricted proof-of-concept; matched contrasts; interpretable descriptive analysis","Clinical thrombocytopenia prediction, clinical validation, random row split, causal feature claim",Exact sequence/chemistry and scientist-adjudicated human mechanistic phenotype are available.,"German approves target construction, split groups, results, and wording.",https://haematologica.org/article/view/haematol.2020.260059
TMAN-MECH-005,SEQUENCE_LEVEL_CANDIDATE,MC-TMB-05,OLG-TMB-007,ODN 2395,HUMAN_MECHANISTIC_POC,ELIGIBLE_GROUPED_POC,Ordinal human platelet activation score 0-3,ODN2395_backbone_pair,GOLD,"Grouped, endpoint-restricted proof-of-concept; matched contrasts; interpretable descriptive analysis","Clinical thrombocytopenia prediction, clinical validation, random row split, causal feature claim",Exact sequence/chemistry and scientist-adjudicated human mechanistic phenotype are available.,"German approves target construction, split groups, results, and wording.",https://haematologica.org/article/view/haematol.2020.260059
TMAN-MECH-006,SEQUENCE_LEVEL_CANDIDATE,MC-TMB-06,OLG-TMB-032,AC5-PS,HUMAN_MECHANISTIC_POC,ELIGIBLE_GROUPED_POC,Ordinal human platelet activation score 0-3,Sewing_AC_length_family,SILVER,"Grouped, endpoint-restricted proof-of-concept; matched contrasts; interpretable descriptive analysis","Clinical thrombocytopenia prediction, clinical validation, random row split, causal feature claim",Exact sequence/chemistry and scientist-adjudicated human mechanistic phenotype are available.,"German approves target construction, split groups, results, and wording.",https://journals.plos.org/plosone/article?id=10.1371/journal.pone.0187574
TMAN-MECH-007,SEQUENCE_LEVEL_CANDIDATE,MC-TMB-07,OLG-TMB-033,AC6-PS,HUMAN_MECHANISTIC_POC,ELIGIBLE_GROUPED_POC,Ordinal human platelet activation score 0-3,Sewing_AC_length_family,SILVER,"Grouped, endpoint-restricted proof-of-concept; matched contrasts; interpretable descriptive analysis","Clinical thrombocytopenia prediction, clinical validation, random row split, causal feature claim",Exact sequence/chemistry and scientist-adjudicated human mechanistic phenotype are available.,"German approves target construction, split groups, results, and wording.",https://journals.plos.org/plosone/article?id=10.1371/journal.pone.0187574
TMAN-MECH-008,SEQUENCE_LEVEL_CANDIDATE,MC-TMB-08,OLG-TMB-034,AC7-PS,HUMAN_MECHANISTIC_POC,ELIGIBLE_GROUPED_POC,Ordinal human platelet activation score 0-3,Sewing_AC_length_family,SILVER,"Grouped, endpoint-restricted proof-of-concept; matched contrasts; interpretable descriptive analysis","Clinical thrombocytopenia prediction, clinical validation, random row split, causal feature claim",Exact sequence/chemistry and scientist-adjudicated human mechanistic phenotype are available.,"German approves target construction, split groups, results, and wording.",https://journals.plos.org/plosone/article?id=10.1371/journal.pone.0187574
TMAN-MECH-009,SEQUENCE_LEVEL_CANDIDATE,MC-TMB-09,OLG-TMB-035,AC8-PS,HUMAN_MECHANISTIC_POC,ELIGIBLE_GROUPED_POC,Ordinal human platelet activation score 0-3,Sewing_AC_length_family,GOLD,"Grouped, endpoint-restricted proof-of-concept; matched contrasts; interpretable descriptive analysis","Clinical thrombocytopenia prediction, clinical validation, random row split, causal feature claim",Exact sequence/chemistry and scientist-adjudicated human mechanistic phenotype are available.,"German approves target construction, split groups, results, and wording.",https://journals.plos.org/plosone/article?id=10.1371/journal.pone.0187574
TMAN-MECH-010,SEQUENCE_LEVEL_CANDIDATE,MC-TMB-10,OLG-TMB-036,AC9-PS,HUMAN_MECHANISTIC_POC,ELIGIBLE_GROUPED_POC,Ordinal human platelet activation score 0-3,Sewing_AC_length_family,SILVER,"Grouped, endpoint-restricted proof-of-concept; matched contrasts; interpretable descriptive analysis","Clinical thrombocytopenia prediction, clinical validation, random row split, causal feature claim",Exact sequence/chemistry and scientist-adjudicated human mechanistic phenotype are available.,"German approves target construction, split groups, results, and wording.",https://journals.plos.org/plosone/article?id=10.1371/journal.pone.0187574
TMAN-MECH-011,SEQUENCE_LEVEL_CANDIDATE,MC-TMB-11,OLG-TMB-037,AC10-PS,HUMAN_MECHANISTIC_POC,ELIGIBLE_GROUPED_POC,Ordinal human platelet activation score 0-3,Sewing_AC_length_family,SILVER,"Grouped, endpoint-restricted proof-of-concept; matched contrasts; interpretable descriptive analysis","Clinical thrombocytopenia prediction, clinical validation, random row split, causal feature claim",Exact sequence/chemistry and scientist-adjudicated human mechanistic phenotype are available.,"German approves target construction, split groups, results, and wording.",https://journals.plos.org/plosone/article?id=10.1371/journal.pone.0187574
TMAN-MECH-012,SEQUENCE_LEVEL_CANDIDATE,MC-TMB-12,OLG-TMB-038,AC11-PS,HUMAN_MECHANISTIC_POC,ELIGIBLE_GROUPED_POC,Ordinal human platelet activation score 0-3,Sewing_AC_length_family,SILVER,"Grouped, endpoint-restricted proof-of-concept; matched contrasts; interpretable descriptive analysis","Clinical thrombocytopenia prediction, clinical validation, random row split, causal feature claim",Exact sequence/chemistry and scientist-adjudicated human mechanistic phenotype are available.,"German approves target construction, split groups, results, and wording.",https://journals.plos.org/plosone/article?id=10.1371/journal.pone.0187574
TMAN-MECH-013,SEQUENCE_LEVEL_CANDIDATE,MC-TMB-13,OLG-TMB-039,AC8-LNA-PS,HUMAN_MECHANISTIC_POC,ELIGIBLE_GROUPED_POC,Ordinal human platelet activation score 0-3,Sewing_AC_length_family,SILVER,"Grouped, endpoint-restricted proof-of-concept; matched contrasts; interpretable descriptive analysis","Clinical thrombocytopenia prediction, clinical validation, random row split, causal feature claim",Exact sequence/chemistry and scientist-adjudicated human mechanistic phenotype are available.,"German approves target construction, split groups, results, and wording.",https://journals.plos.org/plosone/article?id=10.1371/journal.pone.0187574
TMAN-MECH-014,SEQUENCE_LEVEL_CANDIDATE,MC-TMB-14,OLG-TMB-040,AC9-LNA-PS,HUMAN_MECHANISTIC_POC,ELIGIBLE_GROUPED_POC,Ordinal human platelet activation score 0-3,Sewing_AC_length_family,SILVER,"Grouped, endpoint-restricted proof-of-concept; matched contrasts; interpretable descriptive analysis","Clinical thrombocytopenia prediction, clinical validation, random row split, causal feature claim",Exact sequence/chemistry and scientist-adjudicated human mechanistic phenotype are available.,"German approves target construction, split groups, results, and wording.",https://journals.plos.org/plosone/article?id=10.1371/journal.pone.0187574
TMAN-MECH-015,SEQUENCE_LEVEL_CANDIDATE,MC-TMB-15,OLG-TMB-041,AC10-LNA-PS,HUMAN_MECHANISTIC_POC,ELIGIBLE_GROUPED_POC,Ordinal human platelet activation score 0-3,Sewing_AC_length_family,SILVER,"Grouped, endpoint-restricted proof-of-concept; matched contrasts; interpretable descriptive analysis","Clinical thrombocytopenia prediction, clinical validation, random row split, causal feature claim",Exact sequence/chemistry and scientist-adjudicated human mechanistic phenotype are available.,"German approves target construction, split groups, results, and wording.",https://journals.plos.org/plosone/article?id=10.1371/journal.pone.0187574
TMAN-MECH-016,SEQUENCE_LEVEL_CANDIDATE,MC-TMB-16,OLG-TMB-042,ODN 2395-PO,HUMAN_MECHANISTIC_POC,ELIGIBLE_GROUPED_POC,Ordinal human platelet activation score 0-3,ODN2395_backbone_pair,SILVER,"Grouped, endpoint-restricted proof-of-concept; matched contrasts; interpretable descriptive analysis","Clinical thrombocytopenia prediction, clinical validation, random row split, causal feature claim",Exact sequence/chemistry and scientist-adjudicated human mechanistic phenotype are available.,"German approves target construction, split groups, results, and wording.",https://journals.plos.org/plosone/article?id=10.1371/journal.pone.0187574
TMAN-CON-017,MATCHED_CONTRAST,MCON-TMB-001,OLG-TMB-007|OLG-TMB-042,ODN 2395 vs ODN 2395-PO,MATCHED_MECHANISTIC_CONTRAST,ELIGIBLE_DESCRIPTIVE_ONLY,Within-pair ordinal response difference,ODN2395 matched sequence,GOLD,Predefined pairwise descriptive comparison under the reported assay context,Universal causal estimate or independent train/test allocation of pair members,"Full PS ODN2395 was strongly activating whereas the identical-sequence PO control was low/inactive, supporting a backbone contribution in this assay context.",Retain causal limitation and pair integrity.,https://haematologica.org/article/view/haematol.2020.260059 | https://journals.plos.org/plosone/article?id=10.1371/journal.pone.0187574
TMAN-CON-018,MATCHED_CONTRAST,MCON-TMB-002,OLG-TMB-035|OLG-TMB-039,AC8-PS vs AC8-LNA-PS,MATCHED_MECHANISTIC_CONTRAST,ELIGIBLE_DESCRIPTIVE_ONLY,Within-pair ordinal response difference,AC8 matched sequence,GOLD,Predefined pairwise descriptive comparison under the reported assay context,Universal causal estimate or independent train/test allocation of pair members,LNA-wing variants were markedly attenuated relative to their same-sequence unmodified DNA parents in the Sewing assay panel.,Retain causal limitation and pair integrity.,https://journals.plos.org/plosone/article?id=10.1371/journal.pone.0187574
TMAN-CON-019,MATCHED_CONTRAST,MCON-TMB-003,OLG-TMB-036|OLG-TMB-040,AC9-PS vs AC9-LNA-PS,MATCHED_MECHANISTIC_CONTRAST,ELIGIBLE_DESCRIPTIVE_ONLY,Within-pair ordinal response difference,AC9 matched sequence,GOLD,Predefined pairwise descriptive comparison under the reported assay context,Universal causal estimate or independent train/test allocation of pair members,LNA-wing variants were markedly attenuated relative to their same-sequence unmodified DNA parents in the Sewing assay panel.,Retain causal limitation and pair integrity.,https://journals.plos.org/plosone/article?id=10.1371/journal.pone.0187574
TMAN-CON-020,MATCHED_CONTRAST,MCON-TMB-004,OLG-TMB-037|OLG-TMB-041,AC10-PS vs AC10-LNA-PS,MATCHED_MECHANISTIC_CONTRAST,ELIGIBLE_DESCRIPTIVE_ONLY,Within-pair ordinal response difference,AC10 matched sequence,GOLD,Predefined pairwise descriptive comparison under the reported assay context,Universal causal estimate or independent train/test allocation of pair members,LNA-wing variants were markedly attenuated relative to their same-sequence unmodified DNA parents in the Sewing assay panel.,Retain causal limitation and pair integrity.,https://journals.plos.org/plosone/article?id=10.1371/journal.pone.0187574
TMAN-CON-021,MATCHED_CONTRAST,MCON-TMB-005,OLG-TMB-003|OLG-TMB-004,487660 vs 104838,MATCHED_MECHANISTIC_CONTRAST,ELIGIBLE_DESCRIPTIVE_ONLY,Within-pair ordinal response difference,2′MOE gapmer architecture comparator,SILVER,Predefined pairwise descriptive comparison under the reported assay context,Universal causal estimate or independent train/test allocation of pair members,"Different nucleotide sequences produced different responses despite similar length and 2′MOE/full-PS architecture, supporting a sequence contribution.",Retain causal limitation and pair integrity.,https://haematologica.org/article/view/haematol.2020.260059 | https://journals.sagepub.com/doi/full/10.1089/nat.2016.0650
TMAN-CON-022,MATCHED_CONTRAST,MCON-TMB-006,OLG-TMB-003|OLG-TMB-005,487660 vs 501861,MATCHED_MECHANISTIC_CONTRAST,ELIGIBLE_DESCRIPTIVE_ONLY,Within-pair ordinal response difference,2′MOE gapmer architecture comparator,SILVER,Predefined pairwise descriptive comparison under the reported assay context,Universal causal estimate or independent train/test allocation of pair members,"Different nucleotide sequences produced different responses despite similar length and 2′MOE/full-PS architecture, supporting a sequence contribution.",Retain causal limitation and pair integrity.,https://haematologica.org/article/view/haematol.2020.260059
TMAN-CLIN-023,CLINICAL_OBSERVATION,CLIN-TMB-001,OLG-TMB-001,Volanesorsen,CLINICAL_PLATELET_COUNT_DESCRIPTIVE,ELIGIBLE_CLINICAL_DESCRIPTIVE,Confirmed platelet nadir below normal,EXACT-APOC3-VOL-OLE,GOLD,"Descriptive human clinical evidence with dose, population, threshold, monitoring, and denominator retained.",Universal sequence POS/NEG label or random split across same drug/program/sequence family.,Clinical platelet-count toxicity; mechanism not fully established in trial,Treatment-aware comparator expansion and scientist-approved clinical target ontology.,https://doi.org/10.1056/NEJMoa1715944
TMAN-CLIN-024,CLINICAL_OBSERVATION,CLIN-TMB-002,OLG-TMB-001,Volanesorsen,CLINICAL_PLATELET_COUNT_DESCRIPTIVE,ELIGIBLE_CLINICAL_DESCRIPTIVE,"Confirmed platelet nadir <100,000/µL",EXACT-APOC3-VOL-OLE,GOLD,"Descriptive human clinical evidence with dose, population, threshold, monitoring, and denominator retained.",Universal sequence POS/NEG label or random split across same drug/program/sequence family.,Clinical platelet-count toxicity; mechanism not fully established in trial,Treatment-aware comparator expansion and scientist-approved clinical target ontology.,https://doi.org/10.1056/NEJMoa1715944
TMAN-CLIN-025,CLINICAL_OBSERVATION,CLIN-TMB-003,OLG-TMB-001,Volanesorsen,CLINICAL_PLATELET_COUNT_DESCRIPTIVE,ELIGIBLE_CLINICAL_DESCRIPTIVE,"Confirmed platelet nadir 100,000-<140,000/µL",EXACT-APOC3-VOL-OLE,GOLD,"Descriptive human clinical evidence with dose, population, threshold, monitoring, and denominator retained.",Universal sequence POS/NEG label or random split across same drug/program/sequence family.,Clinical platelet-count toxicity; mechanism not fully established in trial,Treatment-aware comparator expansion and scientist-approved clinical target ontology.,https://doi.org/10.1056/NEJMoa1715944
TMAN-CLIN-026,CLINICAL_OBSERVATION,CLIN-TMB-004,OLG-TMB-001,Volanesorsen,CLINICAL_PLATELET_COUNT_DESCRIPTIVE,ELIGIBLE_CLINICAL_DESCRIPTIVE,"Confirmed platelet nadir 75,000-<100,000/µL",EXACT-APOC3-VOL-OLE,GOLD,"Descriptive human clinical evidence with dose, population, threshold, monitoring, and denominator retained.",Universal sequence POS/NEG label or random split across same drug/program/sequence family.,Clinical platelet-count toxicity; mechanism not fully established in trial,Treatment-aware comparator expansion and scientist-approved clinical target ontology.,https://doi.org/10.1056/NEJMoa1715944
TMAN-CLIN-027,CLINICAL_OBSERVATION,CLIN-TMB-005,OLG-TMB-001,Volanesorsen,SEVERE_PHENOTYPE_2_CASE_SERIES,ELIGIBLE_CASE_SERIES_ONLY,"Confirmed platelet nadir 50,000-<75,000/µL",EXACT-APOC3-VOL-OLE,GOLD,"Descriptive human clinical evidence with dose, population, threshold, monitoring, and denominator retained.",Universal sequence POS/NEG label or random split across same drug/program/sequence family.,Clinical platelet-count toxicity; mechanism not fully established in trial,Treatment-aware comparator expansion and scientist-approved clinical target ontology.,https://doi.org/10.1056/NEJMoa1715944
TMAN-CLIN-028,CLINICAL_OBSERVATION,CLIN-TMB-006,OLG-TMB-001,Volanesorsen,SEVERE_PHENOTYPE_2_CASE_SERIES,ELIGIBLE_CASE_SERIES_ONLY,"Confirmed platelet nadir 25,000-<50,000/µL",EXACT-APOC3-VOL-OLE,GOLD,"Descriptive human clinical evidence with dose, population, threshold, monitoring, and denominator retained.",Universal sequence POS/NEG label or random split across same drug/program/sequence family.,Clinical platelet-count toxicity; mechanism not fully established in trial,Treatment-aware comparator expansion and scientist-approved clinical target ontology.,https://doi.org/10.1056/NEJMoa1715944
TMAN-CLIN-029,CLINICAL_OBSERVATION,CLIN-TMB-007,OLG-TMB-001,Volanesorsen,SEVERE_PHENOTYPE_2_CASE_SERIES,ELIGIBLE_CASE_SERIES_ONLY,"Confirmed platelet nadir <25,000/µL",EXACT-APOC3-VOL-OLE,GOLD,"Descriptive human clinical evidence with dose, population, threshold, monitoring, and denominator retained.",Universal sequence POS/NEG label or random split across same drug/program/sequence family.,Clinical platelet-count toxicity; mechanism not fully established in trial,Treatment-aware comparator expansion and scientist-approved clinical target ontology.,https://doi.org/10.1056/NEJMoa1715944
TMAN-CLIN-030,CLINICAL_OBSERVATION,CLIN-TMB-008,OLG-TMB-001,Volanesorsen,SEVERE_PHENOTYPE_2_CASE_SERIES,ELIGIBLE_CASE_SERIES_ONLY,Recovery after grade 4 thrombocytopenia,EXACT-APOC3-VOL-OLE,GOLD,"Descriptive human clinical evidence with dose, population, threshold, monitoring, and denominator retained.",Universal sequence POS/NEG label or random split across same drug/program/sequence family.,Reversible after withdrawal; immune contribution possible but not proven by trial,Treatment-aware comparator expansion and scientist-approved clinical target ontology.,https://doi.org/10.1056/NEJMoa1715944
TMAN-CLIN-031,CLINICAL_OBSERVATION,CLIN-TMB-009,OLG-TMB-001,Volanesorsen,CLINICAL_PLATELET_COUNT_DESCRIPTIVE,ELIGIBLE_CLINICAL_DESCRIPTIVE,Monitoring and dose-action thresholds,EXACT-APOC3-VOL-OLE,SILVER,"Descriptive human clinical evidence with dose, population, threshold, monitoring, and denominator retained.",Universal sequence POS/NEG label or random split across same drug/program/sequence family.,"Risk-management observation, not a toxicity label",Treatment-aware comparator expansion and scientist-approved clinical target ontology.,https://doi.org/10.1056/NEJMoa1715944
TMAN-CLIN-032,CLINICAL_OBSERVATION,CLIN-TMB-010,OLG-TMB-031,Inotersen,CLINICAL_PLATELET_COUNT_DESCRIPTIVE,ELIGIBLE_CLINICAL_DESCRIPTIVE,"Confirmed platelet count <140,000/µL",EXACT-TTR-INO-EPL,GOLD,"Descriptive human clinical evidence with dose, population, threshold, monitoring, and denominator retained.",Universal sequence POS/NEG label or random split across same drug/program/sequence family.,All three severe cases had platelet-reactive IgG antibodies; immune-mediated mechanism supported,Treatment-aware comparator expansion and scientist-approved clinical target ontology.,https://pmc.ncbi.nlm.nih.gov/articles/PMC12611561/
TMAN-CLIN-033,CLINICAL_OBSERVATION,CLIN-TMB-011,OLG-TMB-031,Inotersen,SEVERE_PHENOTYPE_2_CASE_SERIES,ELIGIBLE_CASE_SERIES_ONLY,"Platelet nadir <25,000/µL",EXACT-TTR-INO-EPL,GOLD,"Descriptive human clinical evidence with dose, population, threshold, monitoring, and denominator retained.",Universal sequence POS/NEG label or random split across same drug/program/sequence family.,All three severe cases had platelet-reactive IgG antibodies; immune-mediated mechanism supported,Treatment-aware comparator expansion and scientist-approved clinical target ontology.,https://pmc.ncbi.nlm.nih.gov/articles/PMC12611561/
TMAN-CLIN-034,CLINICAL_OBSERVATION,CLIN-TMB-012,OLG-TMB-031,Inotersen,SEVERE_PHENOTYPE_2_CASE_SERIES,ELIGIBLE_CASE_SERIES_ONLY,Fatal intracranial hemorrhage associated with grade 4 thrombocytopenia,EXACT-TTR-INO-EPL,GOLD,"Descriptive human clinical evidence with dose, population, threshold, monitoring, and denominator retained.",Universal sequence POS/NEG label or random split across same drug/program/sequence family.,Clinical consequence of severe thrombocytopenia,Treatment-aware comparator expansion and scientist-approved clinical target ontology.,https://pmc.ncbi.nlm.nih.gov/articles/PMC12611561/
TMAN-CLIN-035,CLINICAL_OBSERVATION,CLIN-TMB-013,OLG-TMB-031,Inotersen,CLINICAL_PLATELET_COUNT_DESCRIPTIVE,ELIGIBLE_CLINICAL_DESCRIPTIVE,Weekly platelet monitoring,EXACT-TTR-INO-EPL,SILVER,"Descriptive human clinical evidence with dose, population, threshold, monitoring, and denominator retained.",Universal sequence POS/NEG label or random split across same drug/program/sequence family.,Risk-management observation,Treatment-aware comparator expansion and scientist-approved clinical target ontology.,https://pmc.ncbi.nlm.nih.gov/articles/PMC12611561/
TMAN-CLIN-036,CLINICAL_OBSERVATION,CLIN-TMB-014,,2′MOE ASO class,POOLED_CLINICAL_BASELINE,ELIGIBLE_CLASS_LEVEL_DESCRIPTIVE,Platelet decline >30% from baseline,2′MOE ASO class,BRONZE,"Descriptive human clinical evidence with dose, population, threshold, monitoring, and denominator retained.",Universal sequence POS/NEG label or random split across same drug/program/sequence family.,Class-level signal is heterogeneous and sequence-associated,Treatment-aware comparator expansion and scientist-approved clinical target ontology.,https://journals.sagepub.com/doi/full/10.1089/nat.2016.0650
TMAN-CLIN-037,CLINICAL_OBSERVATION,CLIN-TMB-015,,2′MOE ASO class,POOLED_CLINICAL_BASELINE,ELIGIBLE_CLASS_LEVEL_DESCRIPTIVE,"Confirmed platelet count 75,000-<100,000/µL",2′MOE ASO class,BRONZE,"Descriptive human clinical evidence with dose, population, threshold, monitoring, and denominator retained.",Universal sequence POS/NEG label or random split across same drug/program/sequence family.,No generic severe thrombocytopenia signal in this specific integrated subset,Treatment-aware comparator expansion and scientist-approved clinical target ontology.,https://journals.sagepub.com/doi/full/10.1089/nat.2016.0650
TMAN-CLIN-038,CLINICAL_OBSERVATION,CLIN-TMB-016,,2′MOE ASO class,SEVERE_PHENOTYPE_2_CASE_SERIES,ELIGIBLE_CASE_SERIES_ONLY,"Confirmed platelet count 50,000-<75,000/µL",2′MOE ASO class,BRONZE,"Descriptive human clinical evidence with dose, population, threshold, monitoring, and denominator retained.",Universal sequence POS/NEG label or random split across same drug/program/sequence family.,No generic severe thrombocytopenia signal in this specific integrated subset,Treatment-aware comparator expansion and scientist-approved clinical target ontology.,https://journals.sagepub.com/doi/full/10.1089/nat.2016.0650
TMAN-CLIN-039,CLINICAL_OBSERVATION,CLIN-TMB-017,,2′MOE ASO class,SEVERE_PHENOTYPE_2_CASE_SERIES,ELIGIBLE_CASE_SERIES_ONLY,"Confirmed platelet count <50,000/µL",2′MOE ASO class,BRONZE,"Descriptive human clinical evidence with dose, population, threshold, monitoring, and denominator retained.",Universal sequence POS/NEG label or random split across same drug/program/sequence family.,No generic severe thrombocytopenia signal in this specific integrated subset,Treatment-aware comparator expansion and scientist-approved clinical target ontology.,https://journals.sagepub.com/doi/full/10.1089/nat.2016.0650
TMAN-CLIN-040,CLINICAL_OBSERVATION,CLIN-TMB-018,OLG-TMB-004,104838,CLINICAL_PLATELET_COUNT_DESCRIPTIVE,ELIGIBLE_CLINICAL_DESCRIPTIVE,Moderate platelet-count decline,EXACT-259366D092,BRONZE,"Descriptive human clinical evidence with dose, population, threshold, monitoring, and denominator retained.",Universal sequence POS/NEG label or random split across same drug/program/sequence family.,Sequence-associated phenotype 1; supported by Slingsby human platelet activation work,Treatment-aware comparator expansion and scientist-approved clinical target ontology.,https://journals.sagepub.com/doi/full/10.1089/nat.2016.0650
TMAN-CLIN-041,CLINICAL_OBSERVATION,CLIN-TMB-019,OLG-TMB-018,107248,CLINICAL_HOLD,HOLD_PENDING_PRIMARY_SOURCE,Platelet count below lower limit of normal / severe nadir,EXACT-729B09D950,BRONZE,"Descriptive human clinical evidence with dose, population, threshold, monitoring, and denominator retained.",Universal sequence POS/NEG label or random split across same drug/program/sequence family.,Potential phenotype 1; primary patient-level data not available in Crooke database,Treatment-aware comparator expansion and scientist-approved clinical target ontology.,https://journals.sagepub.com/doi/full/10.1089/nat.2016.0650
TMAN-CLIN-042,CLINICAL_OBSERVATION,CLIN-TMB-020,OLG-TMB-020,Mipomersen,CLINICAL_PLATELET_COUNT_DESCRIPTIVE,ELIGIBLE_CLINICAL_DESCRIPTIVE,"Confirmed platelet nadir 75,000-<100,000/µL",EXACT-F2929C5733,GOLD,"Descriptive human clinical evidence with dose, population, threshold, monitoring, and denominator retained.",Universal sequence POS/NEG label or random split across same drug/program/sequence family.,"Useful low-risk comparator, not a zero-risk negative",Treatment-aware comparator expansion and scientist-approved clinical target ontology.,https://journals.sagepub.com/doi/full/10.1089/nat.2016.0650
TMAN-CLIN-043,CLINICAL_OBSERVATION,CLIN-TMB-021,OLG-TMB-023,IONIS-FXI Rx,CONTROL_OR_INTENDED_PHARMACOLOGY,SUPPORT_ONLY,Clinically relevant bleeding,EXACT-B064ABB46C,SILVER,"Descriptive human clinical evidence with dose, population, threshold, monitoring, and denominator retained.",Universal sequence POS/NEG label or random split across same drug/program/sequence family.,"Target-mediated reduction of factor XI, not platelet-count toxicity",Treatment-aware comparator expansion and scientist-approved clinical target ontology.,https://journals.sagepub.com/doi/full/10.1089/nat.2016.0650
TMAN-CLIN-044,CLINICAL_OBSERVATION,CLIN-TMB-022,OLG-TMB-022,404173,CLINICAL_PLATELET_COUNT_DESCRIPTIVE,ELIGIBLE_CLINICAL_DESCRIPTIVE,Platelet count decrease >30% from baseline,EXACT-2D3BC52128,BRONZE,"Descriptive human clinical evidence with dose, population, threshold, monitoring, and denominator retained.",Universal sequence POS/NEG label or random split across same drug/program/sequence family.,"Consistent with a moderate, exposure-associated platelet phenotype rather than rare immune phenotype 2",Treatment-aware comparator expansion and scientist-approved clinical target ontology.,https://doi.org/10.1089/nat.2017.0666
TMAN-CLIN-045,CLINICAL_OBSERVATION,CLIN-TMB-023,OLG-TMB-022,404173,TREATMENT_CONTEXT_CLINICAL,ELIGIBLE_CONTEXT_DESCRIPTIVE,"Platelet count <75,000/µL",EXACT-2D3BC52128,SILVER,"Descriptive human clinical evidence with dose, population, threshold, monitoring, and denominator retained.",Universal sequence POS/NEG label or random split across same drug/program/sequence family.,A sequence can be positive for moderate decline while negative for a severe absolute threshold,Treatment-aware comparator expansion and scientist-approved clinical target ontology.,https://doi.org/10.1089/nat.2017.0666
TMAN-CLIN-046,CLINICAL_OBSERVATION,CLIN-TMB-024,OLG-TMB-043,Olezarsen,SEVERE_PHENOTYPE_2_CASE_SERIES,ELIGIBLE_CASE_SERIES_ONLY,"Prespecified platelet-reduction adverse event of interest: <50,000/µL with major or clinically relevant nonmajor bleeding, or <25,000/µL irrespective of bleeding",EXACT-APOC3-VOL-OLE,GOLD,"Descriptive human clinical evidence with dose, population, threshold, monitoring, and denominator retained.",Universal sequence POS/NEG label or random split across same drug/program/sequence family.,"Same sequence/backbone as volanesorsen under a GalNAc3-targeted, much lower-dose regimen",Treatment-aware comparator expansion and scientist-approved clinical target ontology.,https://doi.org/10.1056/NEJMoa2400201
TMAN-CLIN-047,CLINICAL_OBSERVATION,CLIN-TMB-025,OLG-TMB-043,Olezarsen,SEVERE_PHENOTYPE_2_CASE_SERIES,ELIGIBLE_CASE_SERIES_ONLY,Investigator-assessed transient decrease in platelet count related to trial drug,EXACT-APOC3-VOL-OLE,GOLD,"Descriptive human clinical evidence with dose, population, threshold, monitoring, and denominator retained.",Universal sequence POS/NEG label or random split across same drug/program/sequence family.,Demonstrates residual platelet effect despite the absence of strict severe AESI events,Treatment-aware comparator expansion and scientist-approved clinical target ontology.,https://doi.org/10.1056/NEJMoa2400201
TMAN-CLIN-048,CLINICAL_OBSERVATION,CLIN-TMB-026,OLG-TMB-043,Olezarsen,TREATMENT_CONTEXT_CLINICAL,ELIGIBLE_CONTEXT_DESCRIPTIVE,Adverse reaction grouped as decreased platelet count,EXACT-APOC3-VOL-OLE,GOLD,"Descriptive human clinical evidence with dose, population, threshold, monitoring, and denominator retained.",Universal sequence POS/NEG label or random split across same drug/program/sequence family.,Lower incidence/severity than the unconjugated high-dose parent does not equal complete absence of platelet effect,Treatment-aware comparator expansion and scientist-approved clinical target ontology.,https://www.accessdata.fda.gov/drugsatfda_docs/label/2024/218614s000lbl.pdf
TMAN-CLIN-049,CLINICAL_OBSERVATION,CLIN-TMB-027,OLG-TMB-043,Olezarsen,SEVERE_PHENOTYPE_2_CASE_SERIES,ELIGIBLE_CASE_SERIES_ONLY,"Confirmed platelet count <50,000/µL",EXACT-APOC3-VOL-OLE,SILVER,"Descriptive human clinical evidence with dose, population, threshold, monitoring, and denominator retained.",Universal sequence POS/NEG label or random split across same drug/program/sequence family.,"Useful as a severity-specific comparator, not as a universal sequence negative",Treatment-aware comparator expansion and scientist-approved clinical target ontology.,https://www.accessdata.fda.gov/drugsatfda_docs/label/2024/218614s000lbl.pdf
TMAN-CLIN-050,CLINICAL_OBSERVATION,CLIN-TMB-028,OLG-TMB-044,Eplontersen,TREATMENT_CONTEXT_CLINICAL,ELIGIBLE_CONTEXT_DESCRIPTIVE,Treatment-emergent adverse event of special interest: thrombocytopenia,EXACT-TTR-INO-EPL,GOLD,"Descriptive human clinical evidence with dose, population, threshold, monitoring, and denominator retained.",Universal sequence POS/NEG label or random split across same drug/program/sequence family.,Historical-placebo comparison; same sequence as inotersen but targeted delivery and substantially lower dose,Treatment-aware comparator expansion and scientist-approved clinical target ontology.,https://doi.org/10.1001/jama.2023.18688
TMAN-CLIN-051,CLINICAL_OBSERVATION,CLIN-TMB-029,OLG-TMB-044,Eplontersen,TREATMENT_CONTEXT_CLINICAL,ELIGIBLE_CONTEXT_DESCRIPTIVE,Platelet count below lower limit of normal (<140 × 10^9/L),EXACT-TTR-INO-EPL,GOLD,"Descriptive human clinical evidence with dose, population, threshold, monitoring, and denominator retained.",Universal sequence POS/NEG label or random split across same drug/program/sequence family.,Within-sequence natural experiment implicating construct/dose/exposure context rather than nucleotide sequence alone,Treatment-aware comparator expansion and scientist-approved clinical target ontology.,https://doi.org/10.1007/s00415-024-12616-6
TMAN-CLIN-052,CLINICAL_OBSERVATION,CLIN-TMB-030,OLG-TMB-044,Eplontersen,TREATMENT_CONTEXT_CLINICAL,ELIGIBLE_CONTEXT_DESCRIPTIVE,Mean nadir percentage change from baseline,EXACT-TTR-INO-EPL,GOLD,"Descriptive human clinical evidence with dose, population, threshold, monitoring, and denominator retained.",Universal sequence POS/NEG label or random split across same drug/program/sequence family.,"Same-sequence comparison strongly supports a treatment-context model; active_rate/comparator_rate store fractional mean changes, not event rates",Treatment-aware comparator expansion and scientist-approved clinical target ontology.,https://doi.org/10.1007/s00415-024-12616-6
TMAN-CLIN-053,CLINICAL_OBSERVATION,CLIN-TMB-031,OLG-TMB-044,Eplontersen,TREATMENT_CONTEXT_CLINICAL,ELIGIBLE_CONTEXT_DESCRIPTIVE,Platelet count <25 × 10^9/L,EXACT-TTR-INO-EPL,GOLD,"Descriptive human clinical evidence with dose, population, threshold, monitoring, and denominator retained.",Universal sequence POS/NEG label or random split across same drug/program/sequence family.,Supports lower severity but does not create a general negative class,Treatment-aware comparator expansion and scientist-approved clinical target ontology.,https://doi.org/10.1007/s00415-024-12616-6
TMAN-CLIN-054,CLINICAL_OBSERVATION,CLIN-TMB-032,OLG-TMB-044,Eplontersen,CLINICAL_PLATELET_COUNT_DESCRIPTIVE,ELIGIBLE_CLINICAL_DESCRIPTIVE,Discontinuation or study withdrawal due to platelet-count reduction,EXACT-TTR-INO-EPL,GOLD,"Descriptive human clinical evidence with dose, population, threshold, monitoring, and denominator retained.",Universal sequence POS/NEG label or random split across same drug/program/sequence family.,Risk-management outcome remains separate from platelet nadir severity,Treatment-aware comparator expansion and scientist-approved clinical target ontology.,https://doi.org/10.1007/s00415-024-12616-6
TMAN-CLIN-055,CLINICAL_OBSERVATION,CLIN-TMB-033,OLG-TMB-004,104838,CLINICAL_PLATELET_COUNT_DESCRIPTIVE,ELIGIBLE_CLINICAL_DESCRIPTIVE,Reversible platelet decrease reported as an adverse event,EXACT-259366D092,SILVER,"Descriptive human clinical evidence with dose, population, threshold, monitoring, and denominator retained.",Universal sequence POS/NEG label or random split across same drug/program/sequence family.,Primary human clinical evidence corroborating later phenotype-1 classification,Treatment-aware comparator expansion and scientist-approved clinical target ontology.,https://pubmed.ncbi.nlm.nih.gov/12438559/
TMAN-CLIN-056,CLINICAL_OBSERVATION,CLIN-TMB-034,OLG-TMB-045,ARC1779,CONTROL_OR_INTENDED_PHARMACOLOGY,SUPPORT_ONLY,Dose- and concentration-dependent inhibition of VWF-dependent platelet function,SEQFAM-ARC1779-40MER,BRONZE,"Descriptive human clinical evidence with dose, population, threshold, monitoring, and denominator retained.",Universal sequence POS/NEG label or random split across same drug/program/sequence family.,Direct aptamer blockade of VWF A1-dependent platelet function,Treatment-aware comparator expansion and scientist-approved clinical target ontology.,https://pubmed.ncbi.nlm.nih.gov/18025536/
TMAN-CLIN-057,CLINICAL_OBSERVATION,CLIN-TMB-035,OLG-TMB-045,ARC1779,CONTROL_OR_INTENDED_PHARMACOLOGY,SUPPORT_ONLY,Platelet count increased from median 40 ×10^9/L to maximum 146 ×10^9/L,SEQFAM-ARC1779-40MER,SILVER,"Descriptive human clinical evidence with dose, population, threshold, monitoring, and denominator retained.",Universal sequence POS/NEG label or random split across same drug/program/sequence family.,Blockade of hyperactive VWF reduces pathological platelet consumption/clearance,Treatment-aware comparator expansion and scientist-approved clinical target ontology.,https://pubmed.ncbi.nlm.nih.gov/22740102/
