control_type,control_role,oligo_id,compound,sequence_5to3,backbone_chemistry,ps_count,n_measurement_rows,max_grade_observed,controls_for,permitted_use,prohibited_use,basis,scientist_disposition
isosequential_backbone_pair,positive_arm,TOLG108,ISIS 416858,ACGGCATTGGTGCACAGTTT,full_PS,19,11,2,"backbone effect, matched on sequence: ISIS 416858 (PS 19) vs fesomersen (PS 13)",Within-pair comparison of the backbone's contribution at a shared sequence.,"Do not read the low-PS arm as a clinical negative; it is an assay-level isosequential comparator, not a monitored clinical outcome.","same normalised nucleotide sequence, differing ps_count",SUPPORT_ONLY_INTENDED_COAGULATION_PHARMACOLOGY
isosequential_backbone_pair,negative_arm,TOLG063,fesomersen,ACGGCATTGGTGCACAGTTT,PS_PO_mix,13,6,0,"backbone effect, matched on sequence: ISIS 416858 (PS 19) vs fesomersen (PS 13)",Within-pair comparator establishing the sequence alone is insufficient.,Do not label clinically safe or universally inert.,"same normalised nucleotide sequence, differing ps_count",NOT_ADJUDICATED
isosequential_backbone_pair,positive_arm,TOLG241,oblimersen,TCTCCCAGCGTGCGCCAT,full_PS,17,13,3,"backbone effect, matched on sequence: oblimersen (PS 17) vs G3139_nonmod (PS 0)",Within-pair comparison of the backbone's contribution at a shared sequence.,"Do not read the low-PS arm as a clinical negative; it is an assay-level isosequential comparator, not a monitored clinical outcome.","same normalised nucleotide sequence, differing ps_count",NOT_ADJUDICATED
isosequential_backbone_pair,negative_arm,TOLG064,G3139_nonmod,TCTCCCAGCGTGCGCCAT,full_PO,0,2,0,"backbone effect, matched on sequence: oblimersen (PS 17) vs G3139_nonmod (PS 0)",Within-pair comparator establishing the sequence alone is insufficient.,Do not label clinically safe or universally inert.,"same normalised nucleotide sequence, differing ps_count",NOT_ADJUDICATED
isosequential_backbone_pair,positive_arm,TOLG244,ODN2395_Thio,TCGTCGTTTTCGGCGCGCGCCG,full_PS,21,113,3,"backbone effect, matched on sequence: ODN2395_Thio (PS 21) vs ODN2395 (PS 0)",Within-pair comparison of the backbone's contribution at a shared sequence.,"Do not read the low-PS arm as a clinical negative; it is an assay-level isosequential comparator, not a monitored clinical outcome.","same normalised nucleotide sequence, differing ps_count",PROVISIONALLY_APPROVED_MECHANISTIC_POSITIVE_CONTROL
isosequential_backbone_pair,negative_arm,TOLG242,ODN2395,TCGTCGTTTTCGGCGCGCGCCG,full_PO,0,24,1,"backbone effect, matched on sequence: ODN2395_Thio (PS 21) vs ODN2395 (PS 0)",Within-pair comparator establishing the sequence alone is insufficient.,Do not label clinically safe or universally inert.,"same normalised nucleotide sequence, differing ps_count",NOT_ADJUDICATED
isosequential_backbone_pair,positive_arm,TOLG252,RTR5001,TGCTACAAAACCCA,full_PS,13,18,0,"backbone effect, matched on sequence: RTR5001 (PS 13) vs RTR5001-PO (PS 0)",Within-pair comparison of the backbone's contribution at a shared sequence.,"Do not read the low-PS arm as a clinical negative; it is an assay-level isosequential comparator, not a monitored clinical outcome.","same normalised nucleotide sequence, differing ps_count",NOT_ADJUDICATED
isosequential_backbone_pair,negative_arm,TOLG253,RTR5001-PO,TGCTACAAAACCCA,full_PO,0,5,0,"backbone effect, matched on sequence: RTR5001 (PS 13) vs RTR5001-PO (PS 0)",Within-pair comparator establishing the sequence alone is insufficient.,Do not label clinically safe or universally inert.,"same normalised nucleotide sequence, differing ps_count",NOT_ADJUDICATED
chemistry_variant_comparator,variant_arm,TOLG002,(AC)10 LNA,ACACACACACACACACACAC,full_PS,19,6,1,effect of adding LNA wings at a shared alternating-AC sequence,Descriptive matched contrast of one named chemical factor.,"Not a clinical negative. Per scientist rule CTRL-R02, changing the sugar/backbone design invalidates transfer of a control's status.",name carries an LNA designation against an unmodified sibling,PROVISIONALLY_APPROVED_MECHANISTIC_MITIGATION
chemistry_variant_comparator,variant_arm,TOLG008,(AC)8 LNA,ACACACACACACACAC,full_PS,15,6,1,effect of adding LNA wings at a shared alternating-AC sequence,Descriptive matched contrast of one named chemical factor.,"Not a clinical negative. Per scientist rule CTRL-R02, changing the sugar/backbone design invalidates transfer of a control's status.",name carries an LNA designation against an unmodified sibling,PROVISIONALLY_APPROVED_MECHANISTIC_MITIGATION
chemistry_variant_comparator,variant_arm,TOLG010,(AC)9 LNA,ACACACACACACACACAC,full_PS,17,6,1,effect of adding LNA wings at a shared alternating-AC sequence,Descriptive matched contrast of one named chemical factor.,"Not a clinical negative. Per scientist rule CTRL-R02, changing the sugar/backbone design invalidates transfer of a control's status.",name carries an LNA designation against an unmodified sibling,PROVISIONALLY_APPROVED_MECHANISTIC_MITIGATION
chemistry_variant_comparator,variant_arm,TOLG065,GalNAc3-2'-MOE ASO class pool (Crooke 2018 phase 1 integrated),TBD,mixed,TBD,43,0,effect of adding LNA wings at a shared alternating-AC sequence,Descriptive matched contrast of one named chemical factor.,"Not a clinical negative. Per scientist rule CTRL-R02, changing the sugar/backbone design invalidates transfer of a control's status.",name carries an LNA designation against an unmodified sibling,NOT_ADJUDICATED
vehicle_or_control_arm,concurrent_control,TOLG236,mipomersen,GCCTCAGTCTGCTTCGCACC,full_PS,19,48,3,concurrent unexposed/placebo comparison within the same study,Context for the exposed arm in the same study. Scientist class PLACEBO_CONTROL is APPROVED_FOR_CONTEXT.,Cannot supply sequence features and cannot serve as a sequence-level outcome label; a placebo arm has no construct.,dose_or_conc_value == 0,PROVISIONAL_CLINICAL_LOW_RISK_COMPARATOR
vehicle_or_control_arm,concurrent_control,TOLG014,2'-MOE ASO class pool,TBD,full_PS,TBD,34,2,concurrent unexposed/placebo comparison within the same study,Context for the exposed arm in the same study. Scientist class PLACEBO_CONTROL is APPROVED_FOR_CONTEXT.,Cannot supply sequence features and cannot serve as a sequence-level outcome label; a placebo arm has no construct.,dose_or_conc_value == 0,NOT_ADJUDICATED
vehicle_or_control_arm,concurrent_control,TOLG072,inotersen,TCTTGGTTACATGAAATCCC,full_PS,19,12,3,concurrent unexposed/placebo comparison within the same study,Context for the exposed arm in the same study. Scientist class PLACEBO_CONTROL is APPROVED_FOR_CONTEXT.,Cannot supply sequence features and cannot serve as a sequence-level outcome label; a placebo arm has no construct.,dose_or_conc_value == 0,PROVISIONALLY_APPROVED_CLINICAL_SEVERE_IMMUNE_POSITIVE
vehicle_or_control_arm,concurrent_control,TOLG258,volanesorsen,AGCTTCTTGTCCAGCTTTAT,full_PS,19,12,3,concurrent unexposed/placebo comparison within the same study,Context for the exposed arm in the same study. Scientist class PLACEBO_CONTROL is APPROVED_FOR_CONTEXT.,Cannot supply sequence features and cannot serve as a sequence-level outcome label; a placebo arm has no construct.,dose_or_conc_value == 0,PROVISIONALLY_APPROVED_CLINICAL_POSITIVE
vehicle_or_control_arm,concurrent_control,TOLG020,2'MOE chimeric ASO pooled panel (12 ASOs),TBD,full_PS,16-19,8,2,concurrent unexposed/placebo comparison within the same study,Context for the exposed arm in the same study. Scientist class PLACEBO_CONTROL is APPROVED_FOR_CONTEXT.,Cannot supply sequence features and cannot serve as a sequence-level outcome label; a placebo arm has no construct.,dose_or_conc_value == 0,NOT_ADJUDICATED
vehicle_or_control_arm,concurrent_control,TOLG065,GalNAc3-2'-MOE ASO class pool (Crooke 2018 phase 1 integrated),TBD,mixed,TBD,8,0,concurrent unexposed/placebo comparison within the same study,Context for the exposed arm in the same study. Scientist class PLACEBO_CONTROL is APPROVED_FOR_CONTEXT.,Cannot supply sequence features and cannot serve as a sequence-level outcome label; a placebo arm has no construct.,dose_or_conc_value == 0,NOT_ADJUDICATED
vehicle_or_control_arm,concurrent_control,TOLG071,inclisiran,ACAAAAGCAAAACAGGUCUAGAA,PS_PO_mix,6,4,2,concurrent unexposed/placebo comparison within the same study,Context for the exposed arm in the same study. Scientist class PLACEBO_CONTROL is APPROVED_FOR_CONTEXT.,Cannot supply sequence features and cannot serve as a sequence-level outcome label; a placebo arm has no construct.,dose_or_conc_value == 0,NOT_ADJUDICATED
vehicle_or_control_arm,concurrent_control,TOLG238,NC5 ME/PS-ASO,GCGACTATACGCGCAAUAUG,full_PS,19,3,2,concurrent unexposed/placebo comparison within the same study,Context for the exposed arm in the same study. Scientist class PLACEBO_CONTROL is APPROVED_FOR_CONTEXT.,Cannot supply sequence features and cannot serve as a sequence-level outcome label; a placebo arm has no construct.,dose_or_conc_value == 0,NOT_ADJUDICATED
vehicle_or_control_arm,concurrent_control,TOLG239,NC5 PS-ASO,GCGACTATACGCGCAATATG,full_PS,19,3,2,concurrent unexposed/placebo comparison within the same study,Context for the exposed arm in the same study. Scientist class PLACEBO_CONTROL is APPROVED_FOR_CONTEXT.,Cannot supply sequence features and cannot serve as a sequence-level outcome label; a placebo arm has no construct.,dose_or_conc_value == 0,NOT_ADJUDICATED
vehicle_or_control_arm,concurrent_control,TOLG061,eplontersen,UCUUGGTTACATGAAAUCCC,PS_PO_mix,TBD,2,1,concurrent unexposed/placebo comparison within the same study,Context for the exposed arm in the same study. Scientist class PLACEBO_CONTROL is APPROVED_FOR_CONTEXT.,Cannot supply sequence features and cannot serve as a sequence-level outcome label; a placebo arm has no construct.,dose_or_conc_value == 0,PROVISIONALLY_APPROVED_MATCHED_SEQUENCE_CONTEXT_COMPARATOR
vehicle_or_control_arm,concurrent_control,TOLG037,ARC1779,GCGUGCAGUGCCUUCGGCCGTGCGGTGCCUCCGUCACGCT,TBD,TBD,1,3,concurrent unexposed/placebo comparison within the same study,Context for the exposed arm in the same study. Scientist class PLACEBO_CONTROL is APPROVED_FOR_CONTEXT.,Cannot supply sequence features and cannot serve as a sequence-level outcome label; a placebo arm has no construct.,dose_or_conc_value == 0,SUPPORT_ONLY_HUMAN_CLINICAL_INTENDED_PHARMACOLOGY
vehicle_or_control_arm,concurrent_control,TOLG070,imetelstat,TBD,mixed,0,1,3,concurrent unexposed/placebo comparison within the same study,Context for the exposed arm in the same study. Scientist class PLACEBO_CONTROL is APPROVED_FOR_CONTEXT.,Cannot supply sequence features and cannot serve as a sequence-level outcome label; a placebo arm has no construct.,dose_or_conc_value == 0,NOT_ADJUDICATED
vehicle_or_control_arm,concurrent_control,TOLG073,IONIS-TTRRx,TBD,TBD,TBD,1,3,concurrent unexposed/placebo comparison within the same study,Context for the exposed arm in the same study. Scientist class PLACEBO_CONTROL is APPROVED_FOR_CONTEXT.,Cannot supply sequence features and cannot serve as a sequence-level outcome label; a placebo arm has no construct.,dose_or_conc_value == 0,NOT_ADJUDICATED
vehicle_or_control_arm,concurrent_control,TOLG074,ISIS 104838,GCTGATTAGAGAGAGGTCCC,full_PS,19,1,3,concurrent unexposed/placebo comparison within the same study,Context for the exposed arm in the same study. Scientist class PLACEBO_CONTROL is APPROVED_FOR_CONTEXT.,Cannot supply sequence features and cannot serve as a sequence-level outcome label; a placebo arm has no construct.,dose_or_conc_value == 0,PROVISIONALLY_APPROVED_CLINICAL_MODERATE_AND_MECHANISTIC
vehicle_or_control_arm,concurrent_control,TOLG248,PC-3 genomic DNA,TBD,full_PO,0,1,2,concurrent unexposed/placebo comparison within the same study,Context for the exposed arm in the same study. Scientist class PLACEBO_CONTROL is APPROVED_FOR_CONTEXT.,Cannot supply sequence features and cannot serve as a sequence-level outcome label; a placebo arm has no construct.,dose_or_conc_value == 0,NOT_ADJUDICATED
intended_pharmacology_comparator,therapeutic_direction,TOLG070,imetelstat,TBD,mixed,0,0,3,distinguishes a therapeutic platelet change from a toxic one,Shows the endpoint moving in the intended direction under exposure.,NEVER harvest as oligonucleotide toxicity. Scientist class THERAPEUTIC_CORRECTION_OR_PRESERVATION is SUPPORT_ONLY.,study registry: Essential thrombocythaemia / polycythaemia vera — a THROMBOCYTOSIS population in which platelet reduction is t,NOT_ADJUDICATED
intended_pharmacology_comparator,therapeutic_direction,TOLG063,fesomersen,ACGGCATTGGTGCACAGTTT,PS_PO_mix,13,2,0,distinguishes a therapeutic platelet change from a toxic one,Shows the endpoint moving in the intended direction under exposure.,NEVER harvest as oligonucleotide toxicity. Scientist class THERAPEUTIC_CORRECTION_OR_PRESERVATION is SUPPORT_ONLY.,study registry: FXI-targeting antithrombotic; anticoagulant effect is intended.,NOT_ADJUDICATED
intended_pharmacology_comparator,therapeutic_direction,TOLG037,ARC1779,GCGUGCAGUGCCUUCGGCCGTGCGGTGCCUCCGUCACGCT,TBD,TBD,1,3,distinguishes a therapeutic platelet change from a toxic one,Shows the endpoint moving in the intended direction under exposure.,NEVER harvest as oligonucleotide toxicity. Scientist class THERAPEUTIC_CORRECTION_OR_PRESERVATION is SUPPORT_ONLY.,"study registry: Anti-vWF aptamer, outside the antisense class hypothesis.",SUPPORT_ONLY_HUMAN_CLINICAL_INTENDED_PHARMACOLOGY
intended_pharmacology_comparator,therapeutic_direction,TOLG037,ARC1779,GCGUGCAGUGCCUUCGGCCGTGCGGTGCCUCCGUCACGCT,TBD,TBD,3,3,distinguishes a therapeutic platelet change from a toxic one,Shows the endpoint moving in the intended direction under exposure.,NEVER harvest as oligonucleotide toxicity. Scientist class THERAPEUTIC_CORRECTION_OR_PRESERVATION is SUPPORT_ONLY.,"study registry: Platelets ROSE 40 -> 146 x10^9/L. That is ARC1779's intended effect in type 2B von Willebrand disease, not a t",SUPPORT_ONLY_HUMAN_CLINICAL_INTENDED_PHARMACOLOGY
