measurement_id,oligo_id,study_type,species,system_model,tissue,delivery_method,dose_or_conc_value,dose_or_conc_unit,exposure_duration,readout_category,readout_name,readout_value,readout_unit,effect_direction,effect_vs_control,thrombocytopenia_grade,is_platelet_specific,source_id,source_ref,source_table,redistribution,notes
TMSR001,TOLG001,animal_invivo,monkey,cynomolgus_invivo,blood,systemic_dose,5,mg/kg,repeat-dose toxicology studies,platelet_count,platelet_count_lt50k_incidence,2-4,pct_incidence,decrease,sporadic falls to <50 x10^9/L in 2-4% of NHPs at doses >5 mg/kg,3,TRUE,S-HENRY17,"PMID 28541820 / doi:10.1089/nat.2017.0666 (Henry et al. 2017, Nucleic Acid Ther 27:197-208)",Abstract (Results),summary_stat,"CLASS-LEVEL ROW. Pattern 2 of the bimodal endpoint: the rare, sporadic, often non-reproducible severe fall. Graded on the SEVERITY of the event (<50 x10^9/L), not on the small incidence, per the rubric. Dose threshold stated as >5 mg/kg."
TMSR002,TOLG001,animal_invivo,monkey,cynomolgus_invivo,blood,systemic_dose,TBD,mg/kg,repeat-dose toxicology studies (61 studies),platelet_count,group_mean_platelet_decrease_compound_frequency,30,pct_of_compounds,decrease,"consistent, reproducible group-mean decrease in ~30% of 102 compounds; platelet count typically remains >=150 x10^9/L",1,TRUE,S-HENRY17,"PMID 28541820 / doi:10.1089/nat.2017.0666 (Henry et al. 2017, Nucleic Acid Ther 27:197-208)","Abstract (Results); database of >102 independent 2'-MOE ASOs, 61 studies, >2200 NHPs",summary_stat,"CLASS-LEVEL ROW (not a single compound). Pattern 1 of the bimodal endpoint: the common, dose-dependent, reversible, self-limiting mean decline that stays within the normal range -> grade 1."
TMSR003,TOLG002,animal_invivo,rat,Sprague-Dawley_rat_invivo,blood,systemic_dose,3.0,mg/kg,"Q2W IV infusion, Day 44 sampling (13 weeks)",platelet_count,platelet_count,598.4,10^3/uL,decrease,"-28% vs PBS control (837.0 -> 598.4, p<0.05)",1,TRUE,S-FDA-PATI,FDA NDA 210922 Orig1s000 Multi-discipline Review (210922Orig1s000MultiR.pdf),"Pharm/Tox review p.27, Study hematology table Day 44 (males), AF-011-1955 arm",public_domain,"LNP-packaged anti-luciferase siRNA control arm included specifically 'to distinguish between siRNA-mediated or lipid nanoparticle toxicities'. Platelet decrease with the LNP control but not with ALN-TTR02 at the same dose points to a lipid-nanoparticle rather than siRNA-sequence mechanism. Females 897.1 -> 758.6 (-15%, p<0.05)."
TMSR004,TOLG003,animal_invivo,mouse,mdx_mouse_invivo,blood,systemic_dose,960,mg/kg,26wk (once weekly IV) + 8wk recovery,platelet_count,platelet_count,-23,% of control,decrease,-23% vs control (reversible),1,TRUE,S-FDA-ETEP,"FDA NDA 206488 Orig1s000 Pharmacology/Toxicology Review (EXONDYS 51, reviewer D.B. Hawver), Reference ID 3876740","p.45 (PDF p.67), Study 4225-tox-001 (26-Week Toxicity and TK Study of AVI-4225 in Mice), 'Hematology' section",public_domain,"Verbatim: 'Drug-related effects on hematology were limited to a reversible 23% reduction in platelet count in HD mdx mice compared to controls.' Notable because AVI-4225 is a NEUTRAL-backbone PMO, so a modest platelet decrease is achievable without phosphorothioate content - but only at 960 mg/kg/wk IV, i.e. ~8x the top monkey dose and far above clinical exposure. Reversible, mean decline -> grade 1."
TMSR005,TOLG003,animal_invivo,mouse,mdx_mouse_invivo,blood,systemic_dose,120,mg/kg,26wk (once weekly IV),platelet_count,platelet_count,TBD,NA,no_change,no platelet change at 12 or 120 mg/kg/wk,0,TRUE,S-FDA-ETEP,"FDA NDA 206488 Orig1s000 Pharmacology/Toxicology Review (EXONDYS 51, reviewer D.B. Hawver), Reference ID 3876740","p.45 (PDF p.67), Study 4225-tox-001, 'Hematology' section",public_domain,"MEASURED GRADE 0 by exclusion within a reported finding: the platelet reduction was stated to occur in HD (960 mg/kg) mdx mice only, so the mid dose (120 mg/kg, the study NOAEL) was a measured no-effect on platelets in the same analysed panel."
TMSR006,TOLG004,animal_invivo,monkey,cynomolgus_invivo,blood,systemic_dose,640,mg/kg,39wk (once weekly IV) + 8wk recovery,platelet_count,hematology_panel_no_effect,TBD,NA,no_change,no significant test-article-related haematology effect up to 640 mg/kg/wk,0,FALSE,S-FDA-CASI,"FDA NDA 213026 Orig1s000 Pharmacology/Toxicology Review (AMONDYS 45, reviewer B.J. Wilcox), Reference ID 4735654","p.32-33 (PDF p.41-42), Study SR-15-037 (SRP-4045 39-week IV infusion, male cynomolgus monkeys), 'Clinical Pathology - Hematology' section",public_domain,"ADJACENT-HAEMATOLOGY FALLBACK ROW. Verbatim: 'Hematology: No significant test article-related effects were observed.' 9/group (6 main + 3 recovery), 5-7 years old, doses 0, 80, 320, 640 mg/kg IV weekly."
TMSR007,TOLG004,animal_invivo,mouse,C57BL/6NCrl_mouse_invivo,blood,systemic_dose,960,mg/kg,26wk (once weekly SC),platelet_count,hematology_panel_no_effect,TBD,NA,no_change,no test-article-related haematology effect up to 960 mg/kg/wk,0,FALSE,S-FDA-CASI,"FDA NDA 213026 Orig1s000 Pharmacology/Toxicology Review (AMONDYS 45, reviewer B.J. Wilcox), Reference ID 4735654","p.~28-29 (PDF p.37-38), 26-week SC mouse study of SRP-4045, 'Hematology' section",public_domain,"ADJACENT-HAEMATOLOGY FALLBACK ROW. Verbatim: 'Hematology: (A standard battery of hematology parameters was assessed.) No test article-related effects were observed.' Doses 0, 300, 600, 960 mg/kg SC weekly, male C57BL/6NCrl, 20/group main + 12/group recovery."
TMSR008,TOLG005,animal_invivo,monkey,cynomolgus_invivo,blood,systemic_dose,320,mg/kg,"4 weekly SC doses (Days 0,7,14,21) plus 320 mg/kg IV on Days 38 and 45",platelet_count,platelet_count,TBD,NA,no_change,no toxicologically important effect on any parameter assessed,0,TRUE,S-FDA-ETEP,"FDA NDA 206488 Orig1s000 Pharmacology/Toxicology Review (EXONDYS 51, reviewer D.B. Hawver), Reference ID 3876740","p.17 (PDF p.39), Safety Pharmacology, Sponsor Study 4658-GLP-0704, cardiovascular/respiratory/neurological/renal/liver telemetry study",public_domain,"MEASURED GRADE 0. Platelet count is itemised in the assessed haematology panel and the review states 'No toxicologically important effects were observed on any of the parameters assessed.' Six telemeterised male cynomolgus monkeys, Latin-square design, 0/40/160/320 mg/kg SC then 320 mg/kg IV."
TMSR009,TOLG005,animal_invivo,monkey,cynomolgus_invivo,blood,systemic_dose,320,mg/kg,39wk (once weekly IV),platelet_count,platelet_count,TBD,NA,no_change,no platelet change at up to 320 mg/kg/wk (only WBC/neutrophil/monocyte decreases reported),0,TRUE,S-FDA-ETEP,"FDA NDA 206488 Orig1s000 Pharmacology/Toxicology Review (EXONDYS 51, reviewer D.B. Hawver), Reference ID 3876740","p.54 (PDF p.76), 39-week cynomolgus monkey IV study, 'Hematology' section",public_domain,"MEASURED GRADE 0 and the single best neutral-backbone negative control in this lane. Platelet count is named explicitly in the analysed panel ('...mean corpuscular hemoglobin, concentration, platelet count, white blood cell count...'); the only reported drug-related haematology changes at Week 39 were decreased WBC (41%), neutrophils (50%) and monocytes (38%) at the high dose - platelets are not among them. Doses 0, 5, 40, 320 mg/kg IV weekly, 5 males/group main + 3/group 8-week recovery; NOAEL 320 mg/kg (highest dose). PMO backbone is uncharged (ps_count 0), consistent with the PS-content hypothesis."
TMSR010,TOLG006,animal_invivo,rat,Sprague-Dawley_rat_invivo,blood,systemic_dose,30,mg/kg,26wk (once weekly),platelet_count,platelet_count,-20,% of control,decrease,-20%,1,TRUE,S-FDA-GIVO,"FDA NDA 212194 Orig1s000 Multi-discipline Review and Evaluation (GIVLAARI), Reference ID 4522419","p.38, 26-Week Repeat Dose SC Toxicity study (rat) Observations and Results table, Hematology row",public_domain,"Verbatim: 'Platelets were reduced -20% on Day 184 (end of dosing) at 30 mg/kg in females compared to control.' Females only; mean decline, no absolute count given. Corroborated by EMA Givlaari EPAR Table 14 (study AS1-GLP15-022, '=30F: PLT')."
TMSR011,TOLG006,animal_invivo,monkey,cynomolgus_invivo,blood,systemic_dose,100,mg/kg,39wk (once weekly),platelet_count,platelet_count,TBD,NA,no_change,no change at end of dosing up to 100 mg/kg/wk,0,TRUE,S-FDA-GIVO,"FDA NDA 212194 Orig1s000 Multi-discipline Review and Evaluation (GIVLAARI), Reference ID 4522419","p.41-43, Study AS1-GLP15-018 (39-week juvenile cynomolgus monkey) Observations and Results table, Hematology row",public_domain,"MEASURED GRADE 0. Verbatim: 'Hematology: Unremarkable at the end of dosing.' Haematology was assessed and reported (an end-of-recovery table of % changes from control is given for the same study), so this is a reported no-effect, not silence. 6/sex/group, 13-17 months old, SC once weekly for 39 weeks. Key negative control for the PS-content hypothesis: a GalNAc-siRNA at 100 mg/kg/wk in monkey with no platelet effect."
TMSR012,TOLG006,animal_invivo,monkey,cynomolgus_invivo,blood,systemic_dose,100,mg/kg,39wk dosing + 13wk recovery (sampling Day 359/360),platelet_count,platelet_count,41,% of control,increase,"+41% vs control (males, end of recovery)",0,TRUE,S-FDA-GIVO,"FDA NDA 212194 Orig1s000 Multi-discipline Review and Evaluation (GIVLAARI), Reference ID 4522419","p.43, Study AS1-GLP15-018 end-of-recovery '% Change from Control' table, Platelets row",public_domain,"Platelet INCREASE, not a thrombocytopenia signal; graded 0 on the thrombocytopenia rubric. Males +24% (10 mg/kg), +26% (30 mg/kg), +41% (100 mg/kg); no change in females. Not flagged with a significance asterisk in the table. Accompanied by neutrophilia/monocytosis at recovery, consistent with a reactive/inflammatory pattern."
TMSR013,TOLG007,animal_invivo,mouse,C57BL/6NCrl_mouse_invivo,blood,systemic_dose,600,mg/kg,26wk (once weekly SC) + 8wk recovery,platelet_count,hematology_panel_no_effect,TBD,NA,no_change,no test-article-related effect on haematology parameters up to 600 mg/kg/wk,0,FALSE,S-FDA-GOLO,"FDA NDA 211970 Orig1s000 Pharmacology/Toxicology Review (VYONDYS 53, reviewer B.J. Wilcox), Reference ID 4457029","p.31-32 (PDF p.41-42), 26-week SC mouse study (SRP-4053), 'Clinical Pathology - Hematology' section",public_domain,"ADJACENT-HAEMATOLOGY FALLBACK ROW. The review reproduces a table of the monitored haematology parameters as an image (not extractable) and concludes 'No test article-related effects on hematology parameters were observed.' Doses 0, 120, 300, 600 mg/kg SC weekly, male C57BL/6NCrl."
TMSR014,TOLG007,animal_invivo,monkey,cynomolgus_invivo,blood,systemic_dose,320,mg/kg,12wk (13 weekly IV doses),platelet_count,hematology_panel_no_effect,TBD,NA,no_change,no test-article-related effect on the standard haematology battery up to 320 mg/kg/wk,0,FALSE,S-FDA-GOLO,"FDA NDA 211970 Orig1s000 Pharmacology/Toxicology Review (VYONDYS 53, reviewer B.J. Wilcox), Reference ID 4457029","p.48 (PDF p.58), 12-week cynomolgus monkey IV study, 'Clinical Pathology - Hematology' section",public_domain,"ADJACENT-HAEMATOLOGY FALLBACK ROW (is_platelet_specific FALSE): the review states 'Hematology: (Standard battery of parameters was monitored.) No test article-related effects were observed', but does not itemise platelet count, so platelet monitoring is highly likely but not textually explicit. Doses 0, 5, 40, 320 mg/kg IV weekly, 6 males/group + 3/group recovery."
TMSR015,TOLG008,clinical,human,patient_cohort,blood,systemic_dose,7.1,mg/kg,6wk,platelet_count,median_time_to_onset_grade3_or_4_decreased_platelets,6,weeks,increase,range_2_to_88_weeks,3,TRUE,curated_regulatory_labels,FDA_label_RYTELO_SPL_imetelstat,label sec 5.1,public_domain,kinetics row;median time to recovery to grade<=2 was 1.3 weeks;on-target myelosuppression;grade_provisional
TMSR016,TOLG008,clinical,human,patient_cohort,blood,systemic_dose,7.1,mg/kg,chronic,platelet_count,grade3_or_4_decreased_platelets,65,pct_incidence,increase,65pct_of_MDS_patients,3,TRUE,curated_regulatory_labels,FDA_label_RYTELO_SPL_imetelstat,label sec 5.1 / 6.1,public_domain,"MECHANISM DIFFERS: imetelstat is a lipid-conjugated N3'-P5' thiophosphoramidate telomerase template antagonist and its thrombocytopenia is ON-TARGET MYELOSUPPRESSION in MDS, not the PS-ASO platelet-binding mechanism. Retained for modality breadth but MUST be mechanism-flagged so a model does not attribute it to backbone chemistry;grade_provisional"
TMSR017,TOLG009,clinical,human,patient_cohort,blood,systemic_dose,300,mg,"18 months (ORION-9; days 1, 90 then every 6 months)",platelet_count,platelet_count_le75_incidence,0.0,pct_incidence,no_change,0/241 (0.0%) inclisiran vs 0/240 (0.0%) placebo,0,TRUE,S-FDA-INCL,"FDA NDA 214012 Orig1s000 Clinical Review (LEQVIO, reviewers E. Craig and I. Chowdhury), Reference ID 4697450","Table 88 'Incidence of Potentially Clinically Significant Tests in Hematology Parameters, ORION 9, 10, and 11' - ORION-9 block, Platelets (10^9/L) <=75 row (source cited by FDA as sponsor Table 14.3.5.1.2.1)",public_domain,"MEASURED GRADE 0 - platelet monitoring was pre-specified (hematology incl. platelet count on Day 1, 360, 720, 1080 and EOS) and the potentially-clinically-significant thresholds (<=75 and >=700 x10^9/L) were reported with explicit zeros. Reviewer conclusion: 'All other potentially clinically significant hematology parameters were similar between treatment arms in all 3 trials.'"
TMSR018,TOLG009,clinical,human,patient_cohort,blood,systemic_dose,300,mg,18 months (ORION-10),platelet_count,platelet_count_le75_incidence,0.1,pct_incidence,decrease,1/781 (0.0% as printed) inclisiran vs 0/778 placebo,2,TRUE,S-FDA-INCL,"FDA NDA 214012 Orig1s000 Clinical Review (LEQVIO, reviewers E. Craig and I. Chowdhury), Reference ID 4697450","Table 88, ORION-10 block, Platelets (10^9/L) <=75 row",public_domain,"Graded on the SEVERITY of the event (a platelet count <=75 x10^9/L sits in the CTCAE grade 2-3 lower band) rather than on the tiny incidence, per the rubric. One single subject out of 781; the FDA reviewer concluded there were 'no consistent trends of imbalances' in haematology. readout_value is the percentage recomputed as 1/781; the table prints 1 (0.0)."
TMSR019,TOLG009,clinical,human,patient_cohort,blood,systemic_dose,300,mg,18 months (ORION-11),platelet_count,platelet_count_le75_incidence,0.0,pct_incidence,no_change,0/811 (0.0%) inclisiran vs 1/804 (0.1%) placebo,0,TRUE,S-FDA-INCL,"FDA NDA 214012 Orig1s000 Clinical Review (LEQVIO, reviewers E. Craig and I. Chowdhury), Reference ID 4697450","Table 88, ORION-11 block, Platelets (10^9/L) <=75 row",public_domain,"MEASURED GRADE 0, and the only <=75 x10^9/L event in this trial was in the PLACEBO arm. Across the three phase 3 trials (n~1833 inclisiran, ~1822 placebo) there was 1 inclisiran and 1 placebo subject with platelets <=75 x10^9/L."
TMSR020,TOLG010,clinical,human,patient_cohort,blood,systemic_dose,284,mg,chronic,clinical_outcome,fatal_intracranial_hemorrhage,1,patients,increase,1_death,3,TRUE,curated_regulatory_labels,FDA_label_TEGSEDI_SPL_8513207e-b55f-417b-9473-af785146a543_v10,Boxed Warning,public_domain,basis of the FDA Boxed Warning;grade_provisional
TMSR021,TOLG010,clinical,human,patient_cohort,blood,systemic_dose,284,mg,weekly,platelet_count,platelet_count_below_100x10e9_per_L,25,pct_incidence,increase,25pct_vs_2pct_placebo,2,TRUE,curated_regulatory_labels,FDA_label_TEGSEDI_SPL_8513207e-b55f-417b-9473-af785146a543_v10,label sec 5.1,public_domain,NEURO-TTR Study 1;the common dose-dependent mode;grade_provisional
TMSR022,TOLG010,clinical,human,patient_cohort,blood,systemic_dose,284,mg,weekly,platelet_count,platelet_count_below_75x10e9_per_L,14,pct_incidence,increase,14pct_vs_0pct_placebo,2,TRUE,curated_regulatory_labels,FDA_label_TEGSEDI_SPL_8513207e-b55f-417b-9473-af785146a543_v10,label sec 5.1,public_domain,NEURO-TTR Study 1;no placebo patient affected;grade_provisional
TMSR023,TOLG010,clinical,human,patient_cohort,blood,systemic_dose,284,mg,chronic,platelet_count,platelet_nadir_below_75x10e9_per_L_baseline_under_200,39,pct_incidence,increase,39pct_vs_6pct_if_baseline_ge_200x10e9_per_L,2,TRUE,curated_regulatory_labels,FDA_label_TEGSEDI_SPL_8513207e-b55f-417b-9473-af785146a543_v10,label sec 5.1,public_domain,Study 1 + extension;BASELINE PLATELET COUNT IS A RISK FACTOR - modellable covariate;grade_provisional
TMSR024,TOLG010,clinical,human,patient_cohort,blood,systemic_dose,284,mg,chronic,immunogenicity,treatment_emergent_antiplatelet_IgG_antibody,3,patients,increase,3_of_3_severe_cases,3,TRUE,curated_regulatory_labels,FDA_label_TEGSEDI_SPL_8513207e-b55f-417b-9473-af785146a543_v10,label sec 5.1,public_domain,ALL 3 severe-thrombocytopenia patients were antibody-positive shortly before/at the event - this is the evidence that the severe mode is IMMUNE-MEDIATED and mechanistically distinct from the mild decline;grade_provisional
TMSR025,TOLG010,clinical,human,patient_cohort,blood,systemic_dose,284,mg,chronic,platelet_count,sudden_severe_thrombocytopenia_below_25x10e9_per_L,3,pct_incidence,increase,3_patients_3pct,3,TRUE,curated_regulatory_labels,FDA_label_TEGSEDI_SPL_8513207e-b55f-417b-9473-af785146a543_v10,label sec 5.1 + Boxed Warning,public_domain,the rare severe idiosyncratic mode;potentially fatal bleeding;graded on event severity not incidence;grade_provisional
TMSR026,TOLG011,animal_invivo,monkey,cynomolgus_invivo,plasma,systemic_dose,60,mg/kg,12wk (weekly SC),immunogenicity,anti-PF4_IgM,2-5,fold_change,increase,2- to 5-fold increase in anti-platelet-factor-4 IgM,3,TRUE,S-NARA18,"PMID 29846725 / doi:10.1093/toxsci/kfy119 (Narayanan et al. 2018, Toxicol Sci 164:613-626)",Abstract (Results),summary_stat,"Accompanied by a 2- to 4.5-fold rise in total IgM and a 2- to 5-fold rise in anti-platelet IgM. Graded 3 because it is the mechanistic correlate of the severe (50-90%) platelet fall in the same animals - the antibody/immune arm of the bimodal endpoint, and the monkey counterpart of the anti-platelet IgG seen with inotersen in humans."
TMSR027,TOLG011,animal_invivo,monkey,cynomolgus_invivo,platelet,systemic_dose,60,mg/kg,12wk (weekly SC),platelet_activation,platelet_derived_extracellular_vesicles,TBD,NA,no_change,monocyte activation but NOT platelet activation,0,TRUE,S-NARA18,"PMID 29846725 / doi:10.1093/toxsci/kfy119 (Narayanan et al. 2018, Toxicol Sci 164:613-626)",Abstract (Results),summary_stat,MEASURED NEGATIVE within a positive study: monocyte-derived extracellular vesicles rose 2- to 6-fold (with increased MCP-1) 'indicating monocyte activation but not PLT activation'. Mechanistically important - in this in-vivo monkey model the platelet loss was immune/clearance-driven rather than driven by direct platelet activation.
TMSR028,TOLG011,animal_invivo,monkey,cynomolgus_invivo,spleen,systemic_dose,60,mg/kg,12wk (weekly SC),platelet_binding,platelet_sequestration_liver_spleen,60-80,% increase,increase,~60-80% increase in platelet sequestration in liver and spleen,3,TRUE,S-NARA18,"PMID 29846725 / doi:10.1093/toxsci/kfy119 (Narayanan et al. 2018, Toxicol Sci 164:613-626)",Abstract (Results),summary_stat,"Measured with 111In-oxine-labelled autologous platelets. Establishes peripheral CLEARANCE/sequestration (destruction axis), as distinct from a bone-marrow production defect."
TMSR029,TOLG011,animal_invivo,monkey,cynomolgus_invivo,blood,systemic_dose,60,mg/kg,"12wk (weekly SC, 30-60 mg/kg/wk)",platelet_count,platelet_count,50-90,% decrease from baseline,decrease,platelet counts decreased by 50-90% by day 30 in all 5 monkeys,3,TRUE,S-NARA18,"PMID 29846725 / doi:10.1093/toxsci/kfy119 (Narayanan et al. 2018, Toxicol Sci 164:613-626)",Abstract (Results); full text paywalled - value taken from the PubMed abstract,summary_stat,"LANE A ANCHOR: 12-week repeat-dose study, 5 cynomolgus monkeys, SC 30-60 mg/kg/week. A 50-90% fall from baseline in every animal is severe. Only the abstract was retrievable (Toxicological Sciences full text returns HTTP 403), so no per-animal table locus can be cited and redistribution is summary_stat."
TMSR030,TOLG012,animal_invivo,mouse,BALB/c_mouse_invivo,blood,systemic_dose,TBD,mg/kg,24h,platelet_count,platelet_count,TBD,NA,decrease,acute dose-dependent thrombocytopenia within 24 hours vs saline-treated mice,2,TRUE,S-JOHA24,"PMID 39155024 / doi:10.1016/j.jtha.2024.08.003 (Johansson et al. 2024, J Thromb Haemost 22:3266-3276)",Abstract (Results); full text not open access,summary_stat,"Slower onset (24 h) than ODN 2395 (3 h). Severity band not stated in the abstract, hence grade 2 rather than 3. Same TLR9/Syk-dependent, IVIg-sensitive clearance mechanism."
TMSR031,TOLG013,animal_invivo,monkey,cynomolgus_invivo,blood,systemic_dose,10,mg/kg,26wk (once weekly SC),platelet_count,platelet_count_lt50k_incidence,6.25,pct_incidence,decrease,1 of 16 NHPs fell below 50 x10^9/L,3,TRUE,S-HENRY17,"PMID 28541820 / doi:10.1089/nat.2017.0666 (Henry et al. 2017, Nucleic Acid Ther 27:197-208)",Abstract (Results),summary_stat,Graded on event severity (<50 x10^9/L) per the rubric; incidence carried in readout_value (1/16).
TMSR032,TOLG013,animal_invivo,monkey,cynomolgus_invivo,blood,systemic_dose,20,mg/kg,26wk (once weekly SC),platelet_count,platelet_count_lt50k_incidence,18.75,pct_incidence,decrease,3 of 16 NHPs fell below 50 x10^9/L,3,TRUE,S-HENRY17,"PMID 28541820 / doi:10.1089/nat.2017.0666 (Henry et al. 2017, Nucleic Acid Ther 27:197-208)",Abstract (Results),summary_stat,Dose-dependence of the sporadic severe pattern: 1/16 at 10 mg/kg/wk vs 3/16 at 20 mg/kg/wk.
TMSR033,TOLG013,clinical,human,patient_cohort,blood,systemic_dose,200,mg,"26wk (200 mg/week, ~3.3 mg/kg/wk)",platelet_count,platelet_decrease_gt30pct_from_baseline_incidence,TBD,pct_subjects,decrease,increased incidence of a >30% decrease from baseline vs placebo; NO subject fell below 75 x10^9/L,1,TRUE,S-HENRY17,"PMID 28541820 / doi:10.1089/nat.2017.0666 (Henry et al. 2017, Nucleic Acid Ther 27:197-208)","Abstract (Results), 26-week double-blind placebo-controlled Phase 2 trial, n=62 treated",summary_stat,"ANIMAL-TO-HUMAN TRANSLATION (the key row of this lane). Authors' conclusion, verbatim: 'the consistent, self-limiting PLT reduction seen in NHP may translate to humans, but these changes appear to be of limited clinical significance. However, NHPs appear to OVERPREDICT the incidence of sporadic PLT <50K cells/uL compared to humans.' So: monkey group-mean decline -> translates (grade 1 in both); monkey sporadic severe thrombocytopenia -> OVER-predicts human risk. Human exposure ~3.3 mg/kg/wk vs 10-20 mg/kg/wk in the NHP study, so the comparison is not exposure-matched."
TMSR034,TOLG013,animal_invivo,monkey,cynomolgus_invivo,blood,systemic_dose,20,mg/kg,26wk (once weekly SC),platelet_count,group_mean_platelet_count,TBD,NA,decrease,"gradual group-mean decrease at >=10 mg/kg/wk, plateauing by week 13 generally within the normal range and maintained to week 26",1,TRUE,S-HENRY17,"PMID 28541820 / doi:10.1089/nat.2017.0666 (Henry et al. 2017, Nucleic Acid Ther 27:197-208)","Abstract (Results), chronic NHP study 20 mg/kg/wk x 26 weeks",summary_stat,"The self-limiting, plateauing mean decline. Explicitly used by the authors as the bridging case for human translation."
TMSR035,TOLG014,animal_invivo,monkey,cynomolgus_invivo,plasma,systemic_dose,40,mg/kg,16wk (once weekly),immunogenicity,anti-GPIIbIIIa_IgG,TBD,NA,increase,serum anti-GPIIb/IIIa IgG correlated with platelet reduction,3,TRUE,S-SHEN23,"PMID 37093125 / doi:10.1089/nat.2022.0042 (Shen et al. 2023, Nucleic Acid Ther 33:209-225)",Abstract (Results),summary_stat,"Same antigen target (GPIIb/IIIa) that Ionis reported for the antiplatelet IgG in the human grade-4 inotersen cases - a direct monkey/human mechanistic bridge. Total serum IgM, anti-platelet IgM and anti-PF4 IgM also rose in both monkey sources but more markedly in Mauritian animals."
TMSR036,TOLG014,animal_invivo,monkey,cynomolgus_invivo_Mauritian_source,platelet,systemic_dose,40,mg/kg,16wk (once weekly),platelet_binding,platelet_bound_complement_C3d_C4d,TBD,NA,increase,marked increase in all thrombocytopenic Mauritian monkeys; not increased in unaffected Mauritian- or Asian-sourced animals,3,TRUE,S-SHEN23,"PMID 37093125 / doi:10.1089/nat.2022.0042 (Shen et al. 2023, Nucleic Acid Ther 33:209-225)",Abstract (Results),summary_stat,"Complement deposition on the platelet surface as the clearance mechanism, and independent of ASO-mediated fluid-phase alternative-pathway activation. Provides a candidate translational biomarker."
TMSR037,TOLG014,animal_invivo,monkey,cynomolgus_invivo_Asian_source,blood,systemic_dose,40,mg/kg,16wk (once weekly),platelet_count,severe_thrombocytopenia_lt50k_incidence,0,pct_incidence,no_change,no severe thrombocytopenia in Asian-sourced monkeys at the same dose/duration,0,TRUE,S-SHEN23,"PMID 37093125 / doi:10.1089/nat.2022.0042 (Shen et al. 2023, Nucleic Acid Ther 33:209-225)",Abstract (Results),summary_stat,MEASURED GRADE 0 for the severe endpoint - the same ASO at the same dose induced no severe thrombocytopenia in Asian-sourced animals ('induced severe TCP in seven of nine Mauritian-sourced monkeys but not in the Asian-sourced monkeys'). Note: this is grade 0 for the <50 x10^9/L endpoint only; the abstract does not exclude a milder mean decline in these animals.
TMSR038,TOLG014,animal_invivo,monkey,cynomolgus_invivo_Mauritian_source,blood,systemic_dose,40,mg/kg,16wk (once weekly),platelet_count,severe_thrombocytopenia_lt50k_incidence,77.8,pct_incidence,decrease,severe thrombocytopenia (<50 x10^9/L) in 7 of 9 Mauritian-sourced monkeys,3,TRUE,S-SHEN23,"PMID 37093125 / doi:10.1089/nat.2022.0042 (Shen et al. 2023, Nucleic Acid Ther 33:209-225)",Abstract (Results); full text paywalled,summary_stat,"Mauritian-sourced cynomolgus monkeys are markedly MORE susceptible to 2'-MOE-ASO-induced thrombocytopenia than Asian-sourced animals. This is a major confounder for animal-to-human translation: the apparent incidence of severe ASO thrombocytopenia in monkey depends on the colony source, so a monkey study's predicted human risk is source-dependent."
TMSR039,TOLG015,animal_invivo,rat,rat_invivo,blood,systemic_dose,50,mg/kg,8wk (once weekly) + 13wk recovery,platelet_count,platelet_count,TBD,NA,increase,TBD (direction only),0,TRUE,S-EMA-OXLU,"EMA Oxlumo (lumasiran) EPAR public assessment report, EMA/568312/2020 (EMEA/H/C/005040)","p.34-35, Table 7 'Overview on repeated dose toxicity studies', study GO1-GLP15-008, 50 mg row",public_domain,"Table entry reads 'up-arrow PLT (M)' at 50 mg/kg/wk in males. Platelet INCREASE, not thrombocytopenia; graded 0 on this rubric. NOAEL was the top dose (50 QW), i.e. the change was not adverse. No numeric magnitude given in the EPAR."
TMSR040,TOLG015,animal_invivo,monkey,cynomolgus_invivo,blood,systemic_dose,100,mg/kg,8wk (once weekly) + 13wk recovery,platelet_count,platelet_count,TBD,NA,no_change,no platelet finding reported up to 100 mg/kg/wk,0,TRUE,S-EMA-OXLU,"EMA Oxlumo (lumasiran) EPAR public assessment report, EMA/568312/2020 (EMEA/H/C/005040)","p.34-35, Table 7 'Overview on repeated dose toxicity studies', study GO1-GLP15-009 (8-week cynomolgus monkey) major-findings column",public_domain,Same reasoning as the 36-week monkey row. NOAEL 100 QW and 100 QM (highest doses).
TMSR041,TOLG015,animal_invivo,monkey,cynomolgus_invivo,blood,systemic_dose,300,mg/kg,36wk (once monthly),platelet_count,platelet_count,TBD,NA,no_change,no platelet finding reported at any dose up to 300 mg/kg/month,0,TRUE,S-EMA-OXLU,"EMA Oxlumo (lumasiran) EPAR public assessment report, EMA/568312/2020 (EMEA/H/C/005040)","p.34-35, Table 7 'Overview on repeated dose toxicity studies', study GO1-GLP15-036 (36-week cynomolgus monkey) major-findings column",public_domain,"MEASURED GRADE 0. Platelets (PLT) are an explicitly monitored parameter in this table (defined in the table legend, and reported as changed in the rat study GO1-GLP15-008 in the same table), so the absence of any PLT entry in the monkey rows is a reported no-effect within a table that does report platelet changes where they occurred, not unmonitored silence. NOAEL 300 mg/kg QM (highest dose); only findings were increased ALP, vacuolated macrophages in lymph node sinusoids and Kupffer-cell basophilic granules."
TMSR042,TOLG016,clinical,human,patient_cohort,blood,intrathecal,12,mg,loading doses then maintenance every 4 months (SMA clinical programme),platelet_count,hematology_panel_no_trend,TBD,NA,no_change,"'There were no patterns or trends observed in abnormalities of CSF safety laboratory values or blood chemistry, hematology or urinalysis parameters'",0,FALSE,S-EMA-SPIN,"EMA Spinraza (nusinersen) EPAR public assessment report, EMA/289068/2017 (EMEA/H/C/004312)","p.~95, clinical safety, 'Laboratory findings' subsection",public_domain,"ADJACENT-HAEMATOLOGY FALLBACK ROW (is_platelet_specific FALSE): haematology was monitored and reported as showing no trends, but platelets are not itemised at that locus. The same EPAR states (section 3.5) that 'Thrombocytopenia and coagulation abnormalities, including acute severe thrombocytopenia, have been observed after administration of OTHER subcutaneously or intravenously administered antisense oligonucleotides' and that 'To date, there is no evidence in the nusinersen nonclinical and clinical safety data to suggest a signal for these toxicities' - the SmPC warning is an explicitly precautionary CLASS-EFFECT warning, not a nusinersen finding. Thrombocytopenia is listed in the RMP as an 'important potential risk', never an identified risk."
TMSR043,TOLG016,clinical,human,patient_cohort,blood,intrathecal,12,mg,28d,platelet_count,platelet_count_below_50000_per_uL,2,patients,increase,lowest_10000_per_uL_on_study_day_28,3,TRUE,curated_regulatory_labels,FDA_label_SPINRAZA_SPL_nusinersen,label sec 5.1,public_domain,Study 2;the rare severe mode appears even by the intrathecal route;grade_provisional
TMSR044,TOLG016,clinical,human,patient_cohort,blood,intrathecal,12,mg,chronic,platelet_count,platelet_count_below_lower_limit_of_normal,16,pct_incidence,increase,16pct_24of146_vs_14pct_10of72_sham,1,TRUE,curated_regulatory_labels,FDA_label_SPINRAZA_SPL_nusinersen,label sec 5.1,public_domain,Studies 1+2 Low Dose Regimen;NEAR-NULL vs sham (16pct vs 14pct) - intrathecal route gives minimal systemic platelet exposure;grade_provisional
TMSR045,TOLG017,animal_invivo,mouse,BALB/c_mouse_invivo,blood,systemic_dose,TBD,mg/kg,3h,platelet_count,platelet_count,TBD,NA,decrease,acute dose-dependent thrombocytopenia within 3 hours vs saline-treated mice,2,TRUE,S-JOHA24,"PMID 39155024 / doi:10.1016/j.jtha.2024.08.003 (Johansson et al. 2024, J Thromb Haemost 22:3266-3276)",Abstract (Results); full text not open access,summary_stat,"Graded 2 (moderate) rather than 3 because the abstract does not give a platelet count or a severity band - only 'acute dose-dependent thrombocytopenia'. Mechanism: TLR9- and Syk-dependent, IVIg-rescuable, with raised plasma MCP-1; CpG ODN also activated human platelets in vitro and drove Syk-dependent phagocytosis by THP-1 monocytes. IMPORTANT INTERNAL NEGATIVE CONTROL in the same experiment: mice treated with a 2'-O-methoxyethyl-modified antisense ODN did NOT become thrombocytopenic, i.e. the acute murine effect is CpG/TLR9-driven and sequence-motif-dependent, not a generic oligonucleotide effect. That comparator ASO is unnamed in the abstract, so no separate row is created for it."
TMSR046,TOLG018,clinical,human,patient_cohort,blood,systemic_dose,TBD,mg,53wk,clinical_outcome,major_bleeding_event_associated_with_low_platelets,0,events,no_change,none_reported;bleeding_AE_rate_similar_to_placebo,0,TRUE,curated_regulatory_labels,FDA_label_TRYNGOLZA_SPL_olezarsen,label sec 6.1 Laboratory Tests,public_domain,NEGATIVE row: platelet decline occurred WITHOUT clinical bleeding - separates laboratory effect from clinical harm;grade_provisional
TMSR047,TOLG018,clinical,human,patient_cohort,blood,systemic_dose,50,mg,53wk,platelet_count,mean_platelet_count_change_from_baseline,-6,pct_change,decrease,minus6pct_vs_no_change_placebo,1,TRUE,curated_regulatory_labels,FDA_label_TRYNGOLZA_SPL_olezarsen,label sec 6.1 Laboratory Tests,public_domain,sHTG Trials 2+3;DOSE-RESPONSE pair with the 80 mg row;grade_provisional
TMSR048,TOLG018,clinical,human,patient_cohort,blood,systemic_dose,80,mg,53wk,platelet_count,mean_platelet_count_change_from_baseline,-10,pct_change,decrease,minus10pct_vs_plus22pct_placebo_Trial1_or_no_change_Trials2-3,1,TRUE,curated_regulatory_labels,FDA_label_TRYNGOLZA_SPL_olezarsen,label sec 6.1 Laboratory Tests,public_domain,across all trials;higher dose gives larger mean decline = dose-dependent mild mode;grade_provisional
TMSR049,TOLG018,clinical,human,patient_cohort,blood,systemic_dose,80,mg,53wk,clinical_outcome,decreased_platelet_count_adverse_reaction,12,pct_incidence,increase,12pct_5of43_vs_4pct_1of23_placebo,1,TRUE,curated_regulatory_labels,FDA_label_TRYNGOLZA_SPL_olezarsen,"label sec 6.1 Table (Trial 1, FCS)",public_domain,FCS Trial 1;no major bleeding events associated with low platelet counts;grade_provisional
TMSR050,TOLG019,clinical,human,patient_cohort,blood,systemic_dose,0.3,mg/kg,18 months (APOLLO),clinical_outcome,thrombocytopenia_AE_incidence,1,n_subjects,increase,1 mild transient thrombocytopenia AE on patisiran vs 1 moderate thrombocytopenia AE + 1 mild platelet-count-decreased AE on placebo,1,TRUE,S-EMA-ONPA,"EMA Onpattro (patisiran) EPAR public assessment report, EMA/554262/2018 (EMEA/H/C/004699)","p.163, clinical safety section, 'Haematology' subsection",public_domain,"Graded 1 (mild, transient, no intervention). EMA text: 'Mean platelet parameters (including platelet counts and mean platelet volume) were also stable in both the patisiran-LNP and placebo groups throughout the course of the study. No patients had platelet counts <50 x10^9/L (CTCAE Grade 3).' The only <75 x10^9/L value in the trial was in a PLACEBO subject. EMA explicitly framed this against the ASO class expectation ('The non-clinical and clinical experience so far with therapeutic oligonucleotides (mainly of the ASO (DNA-based) class) has shown that these may affect haematology values due to immune stimulation')."
TMSR051,TOLG019,clinical,human,patient_cohort,blood,systemic_dose,0.3,mg/kg,"18 months (0.3 mg/kg IV q3wk, APOLLO / study ALN-TTR02-004)",platelet_count,platelet_count_lt50_incidence,0.0,pct_subjects,no_change,no patient had a platelet count <50 x10^9/L; lowest observed value 72 x10^9/L in a subject whose baseline was already 73 x10^9/L,0,TRUE,S-FDA-PATI,FDA NDA 210922 Orig1s000 Multi-discipline Review (210922Orig1s000MultiR.pdf),"Clinical review p.147, section 8.4.6 Laboratory Findings, 'Platelets' narrative (with Tables 67 and 68)",public_domain,"MEASURED GRADE 0. Mean MINIMUM change from baseline (Table 68) was -11 x10^9/L on patisiran vs -23 x10^9/L on placebo, i.e. the drug arm fell LESS than placebo. Mean MAXIMUM change (Table 67) was +15 vs +1.3, driven entirely by one outlier with reactive thrombocytosis during a pneumonia/SIRS hospitalisation."
TMSR052,TOLG019,animal_invivo,rat,Sprague-Dawley_rat_invivo,blood,systemic_dose,TBD,mg/kg,Q2W or Q3W IV infusion (dose-range-finding),platelet_count,platelet_count,TBD,NA,decrease,TBD,1,TRUE,S-FDA-PATI,FDA NDA 210922 Orig1s000 Multi-discipline Review (210922Orig1s000MultiR.pdf),"Pharm/Tox review p.19, MTD study narrative ('Drug-related changes in hematology parameters ... decreases in platelet counts'); MTD 0.3 mg/kg",public_domain,Qualitative only - no numeric platelet value given in the review. Reviewer attributes the change to the injection-site reaction (i.e. inflammation-associated rather than a direct platelet effect).
TMSR053,TOLG019,animal_invivo,rat,Sprague-Dawley_rat_invivo,blood,systemic_dose,1.0,mg/kg,2 monthly IV infusions (2 months),platelet_count,platelet_count,1151.8,10^3/uL,no_change,"-2.5% vs control (1181.2 -> 1151.8, not significant)",0,TRUE,S-FDA-PATI,FDA NDA 210922 Orig1s000 Multi-discipline Review (210922Orig1s000MultiR.pdf),"Pharm/Tox review p.22, Study TTR02-NCD11-002 Hematology/Clinical Chemistry findings table (females)",public_domain,Sex difference: reviewer states 'Signs of liver injury or thrombocytopenia were not observed in females'. Measured grade 0.
TMSR054,TOLG019,animal_invivo,rat,Sprague-Dawley_rat_invivo,blood,systemic_dose,1.0,mg/kg,2 monthly IV infusions (2 months),platelet_count,platelet_count,955.5,10^3/uL,decrease,"-23% vs control (1237.3 -> 955.5, p<0.05)",1,TRUE,S-FDA-PATI,FDA NDA 210922 Orig1s000 Multi-discipline Review (210922Orig1s000MultiR.pdf),"Pharm/Tox review p.22, Study TTR02-NCD11-002 Hematology/Clinical Chemistry findings table (males)",public_domain,"Study TTR02-NCD11-002, 1 h IV infusion once monthly x2, 10/sex/group. Reviewer text: 'Drug-related findings in males included dose-dependent decreases in mean platelet counts'. Mean decline only, no thrombocytopenia threshold crossed -> grade 1."
TMSR055,TOLG019,animal_invivo,rat,Sprague-Dawley_rat_invivo,blood,systemic_dose,0.3,mg/kg,2 monthly IV infusions (2 months),platelet_count,platelet_count,983.2,10^3/uL,decrease,"-21% vs control (1237.3 -> 983.2, p<0.05)",1,TRUE,S-FDA-PATI,FDA NDA 210922 Orig1s000 Multi-discipline Review (210922Orig1s000MultiR.pdf),"Pharm/Tox review p.22, Study TTR02-NCD11-002 Hematology/Clinical Chemistry findings table (males)",public_domain,Dose-dependent; 0.3 mg/kg is the human-relevant dose level (clinical dose 0.3 mg/kg q3wk).
TMSR056,TOLG019,animal_invivo,rat,Sprague-Dawley_rat_invivo,blood,systemic_dose,3.0,mg/kg,"Q2W IV infusion, Day 44 sampling (13 weeks)",platelet_count,platelet_count,730.1,10^3/uL,no_change,"-13% vs PBS control (837.0 -> 730.1, not statistically significant)",0,TRUE,S-FDA-PATI,FDA NDA 210922 Orig1s000 Multi-discipline Review (210922Orig1s000MultiR.pdf),"Pharm/Tox review p.27, Study hematology table Day 44 (males), ALN-TTR02 arm",public_domain,Same study contains the AF-011-1955 LNP comparator arm; the LNP control produced a statistically significant platelet fall at the same dose while ALN-TTR02 did not.
TMSR057,TOLG019,clinical,human,patient_cohort,blood,systemic_dose,0.3,mg/kg,18 months (APOLLO),platelet_count,mean_minimum_change_from_baseline,-11,10^9/L,decrease,-11 on patisiran vs -23 on placebo (smaller fall than placebo),0,TRUE,S-FDA-PATI,FDA NDA 210922 Orig1s000 Multi-discipline Review (210922Orig1s000MultiR.pdf),"Table 68 'Mean Minimum Change from Baseline in the Controlled Study 004. Source: FDA Analysis', Platelets row",public_domain,MEASURED GRADE 0: the mean nadir excursion was smaller on drug than on placebo.
TMSR058,TOLG019,clinical,human,patient_cohort,blood,systemic_dose,0.3,mg/kg,"18 months (0.3 mg/kg IV q3wk, HELIOS-A reference arm)",platelet_count,platelet_shift_gt150_to_50-100_incidence,0.0,pct_subjects,no_change,0 (0.0%) of 38 patisiran subjects with baseline >150 x10^9/L shifted to 50-100 x10^9/L,0,TRUE,S-FDA-VUTR,"FDA NDA 215515 Orig1s000 Clinical Review (AMVUTTRA, reviewer R.W. Paine MD PhD), Reference ID 4998267","Table 24, Patisiran (N = 42) block",public_domain,"MEASURED GRADE 0. Independent replication of the patisiran platelet-neutrality finding inside the vutrisiran NDA, analysed by FDA."
TMSR059,TOLG020,clinical,human,patient_cohort,blood,intrathecal,100,mg,"3 loading doses then monthly (study 101 Part C, 28 weeks + OLE)",platelet_count,platelet_count_over_time_vs_placebo,TBD,NA,no_change,'no difference in platelet counts over time between the placebo and tofersen-treated participants'; no AEs of thrombocytopenia and no sustained or severe thrombocytopenia in the whole clinical development programme,0,TRUE,S-EMA-QALS,"EMA Qalsody (tofersen) EPAR public assessment report, EMA/276404/2024 (EMEA/H/C/006072)","p.138, section 2.6.8.3 (safety), 'Thrombocytopenia' subsection",public_domain,"MEASURED GRADE 0 and the most informative ASO negative control here: tofersen is a 2'-MOE gapmer with a real (if partial) PS backbone - 15 of 19 linkages are phosphorothioate per the FDA label - yet delivered INTRATHECALLY it produces no platelet signal. Supports systemic plasma exposure, not PS chemistry alone, as the driver. Proportion shifting from normal/high to low platelet count was similar in tofersen and placebo."
TMSR060,TOLG020,clinical,human,patient_cohort,blood,intrathecal,100,mg,studies 101 and 102 (through 15 Jul 2022),platelet_count,platelet_count_lt100_incidence,2,n_subjects,decrease,"2 participants had a single platelet value <100 x10^9/L; both had a repeat result showing normal counts, no bleeding, none reported as an AE",2,TRUE,S-EMA-QALS,"EMA Qalsody (tofersen) EPAR public assessment report, EMA/276404/2024 (EMEA/H/C/006072)","p.138, section 2.6.8.3, 'Thrombocytopenia' subsection",public_domain,"Graded 2 strictly on the numeric band (<100 x10^9/L falls outside the grade-1 '>=100' band), but the events were transient, self-resolving, non-adverse and required no intervention - the practical severity is closer to grade 1. Recorded here so the numeric band is not lost."
TMSR061,TOLG020,clinical,human,patient_cohort,blood,intrathecal,100,mg,pooled ABCL1 (through 28 Feb 2023),platelet_count,shift_to_low_platelet_count_incidence,4.1,pct_subjects,decrease,6 participants (4.1%) had a shift to a low platelet count; proportion similar to placebo,1,TRUE,S-EMA-QALS,"EMA Qalsody (tofersen) EPAR public assessment report, EMA/276404/2024 (EMEA/H/C/006072)","p.138, section 2.6.8.3, 'Thrombocytopenia' subsection",public_domain,"Graded 1: laboratory shifts to 'low' without any AE, intervention or bleeding, and at a rate similar to placebo."
TMSR062,TOLG021,animal_invivo,monkey,cynomolgus_invivo,blood,systemic_dose,360,mg/kg,39wk (once weekly IV infusion) + 8wk recovery,platelet_count,hematology_panel_no_effect,TBD,NA,no_change,no drug effect on haematology up to 360 mg/kg/wk,0,FALSE,S-FDA-VILT,"FDA NDA 212154 Orig1s000 Pharmacology/Toxicology Review (VILTEPSO, reviewer D.L. Carbone), Reference ID 4641598","p.~22-23, 39-week cynomolgus monkey IV study (NS-065), 'Hematology, Clinical Chemistry, and Urinalysis' section",public_domain,"ADJACENT-HAEMATOLOGY FALLBACK ROW. Verbatim: 'There were no drug effects on hematology, clinical chemistry, or urinalysis parameters.' Blood sampled predose and on Days 71, 162, 267 and recovery Day 55. Doses 0, 10, 60, 360 mg/kg weekly, 5 males main / 3 recovery."
TMSR063,TOLG022,clinical,human,patient_cohort,blood,systemic_dose,285,mg,chronic,platelet_count,body_weight_under_70kg_risk_factor,TBD,NA,increase,stated_qualitatively_as_increased_susceptibility,2,TRUE,curated_regulatory_labels,EMA_SmPC_WAYLIVRA_EPAR_product_information,SmPC sec 4.4,public_domain,RISK-FACTOR row: patients under 70 kg are more prone to thrombocytopenia - consistent with an exposure-driven (mg/kg) mechanism and a modellable covariate;grade_provisional
TMSR064,TOLG022,clinical,human,patient_cohort,blood,systemic_dose,285,mg,weekly,platelet_count,confirmed_platelet_count_below_100x10e9_per_L,47,pct_incidence,increase,47pct_vs_0pct_placebo,2,TRUE,curated_regulatory_labels,EMA_SmPC_WAYLIVRA_EPAR_product_information,SmPC sec 4.8 APPROACH Phase 3,public_domain,no placebo patient affected;grade_provisional
TMSR065,TOLG022,clinical,human,patient_cohort,blood,systemic_dose,285,mg,weekly,platelet_count,confirmed_platelet_count_below_140x10e9_per_L,75,pct_incidence,increase,75pct_vs_24pct_placebo,2,TRUE,curated_regulatory_labels,EMA_SmPC_WAYLIVRA_EPAR_product_information,SmPC sec 4.8 APPROACH Phase 3,public_domain,pivotal APPROACH study in FCS;grade_provisional
TMSR066,TOLG022,clinical,human,patient_cohort,blood,systemic_dose,285,mg,weekly,clinical_outcome,discontinuation_due_to_platelet_level,5,patients,increase,2_patients_below_25x10e9_per_L;3_patients_50-75x10e9_per_L,3,TRUE,curated_regulatory_labels,EMA_SmPC_WAYLIVRA_EPAR_product_information,SmPC sec 4.8 APPROACH Phase 3,public_domain,DOSE-LIMITING;2 patients reached the severe (<25x10e9/L) range;grade_provisional
TMSR067,TOLG022,clinical,human,patient_cohort,blood,systemic_dose,285,mg,weekly,clinical_outcome,thrombocytopenia_adverse_reaction,12,pct_incidence,increase,12pct_4of33_vs_0pct_placebo,2,TRUE,curated_regulatory_labels,EMA_SmPC_WAYLIVRA_EPAR_product_information,SmPC sec 4.8 APPROACH Phase 3,public_domain,grade_provisional
TMSR068,TOLG022,clinical,human,patient_cohort,blood,systemic_dose,285,mg,12mo,immunogenicity,anti_drug_antibody_positive,33,pct_incidence,increase,33pct_at_12mo;16pct_at_6mo,1,TRUE,curated_regulatory_labels,EMA_SmPC_WAYLIVRA_EPAR_product_information,SmPC sec 4.8 Immunogenicity,public_domain,"CONTRAST WITH INOTERSEN: these are anti-DRUG antibodies, and the SmPC states no altered safety profile was associated with them - NOT the same as inotersen's anti-PLATELET IgG, which did track with severe thrombocytopenia. Graded 1 because ADA positivity alone carried no platelet consequence here;grade_provisional"
TMSR069,TOLG022,clinical,human,patient_cohort,blood,systemic_dose,285,mg,chronic,platelet_count,confirmed_platelet_count_below_100x10e9_per_L,50,pct_incidence,increase,50pct_33of66_overall;48pct_24of50_treatment_naive,2,TRUE,curated_regulatory_labels,EMA_SmPC_WAYLIVRA_EPAR_product_information,SmPC sec 4.8 open-label extension CS7,public_domain,open-label extension;reproduces the APPROACH rate in a second cohort;grade_provisional
TMSR070,TOLG022,clinical,human,patient_cohort,blood,systemic_dose,285,mg,chronic,clinical_outcome,recovery_after_discontinuation,11,patients,decrease,11_discontinued;0_major_bleeding;ALL_recovered_to_normal,2,TRUE,curated_regulatory_labels,EMA_SmPC_WAYLIVRA_EPAR_product_information,SmPC sec 4.8 open-label extension CS7,public_domain,REVERSIBILITY row: all 11 recovered to normal platelet count after discontinuation (+ glucocorticoids where indicated) and none had major bleeding - the mild/moderate mode is reversible;grade_provisional
TMSR071,TOLG022,clinical,human,patient_cohort,blood,systemic_dose,285,mg,chronic,clinical_outcome,immune_thrombocytopenic_purpura,TBD,frequency_category,increase,listed_as_Common_1pct_to_10pct,3,TRUE,curated_regulatory_labels,EMA_SmPC_WAYLIVRA_EPAR_product_information,SmPC sec 4.8 Table 2,public_domain,"ITP listed as a Common adverse reaction - the immune-mediated severe mode, as with inotersen;exact incidence not numerically stated in the SmPC so readout_value is TBD;grade_provisional"
TMSR072,TOLG023,clinical,human,patient_cohort,blood,systemic_dose,25,mg,18 months (HELIOS-A),platelet_count,clinically_significant_platelet_abnormality_incidence,0.0,pct_subjects,no_change,'Potentially clinically significant abnormalities regarding platelets were not reported in any subject',0,TRUE,S-EMA-AMVU,"EMA Amvuttra (vutrisiran) EPAR public assessment report, EMA/CHMP/689555/2022 (EMEA/H/C/005852)","p.127, section 2.6.8.4 'Laboratory findings', Haematology evaluations (data cut 26-Apr-2021)",public_domain,"MEASURED GRADE 0, independent European assessment of the same trial: 'For the HELIOS-A vutrisiran group mean values for hematology parameters, including ... platelet parameters (including platelet counts and mean platelet volume) were generally stable over the course of the study.'"
TMSR073,TOLG023,clinical,human,patient_cohort,blood,systemic_dose,25,mg,"18 months (25 mg SC every 3 months, HELIOS-A)",platelet_count,platelet_shift_gt150_to_50-100_incidence,0.0,pct_subjects,no_change,0 (0.0%) of the 111 subjects with baseline >150 x10^9/L shifted to 50-100 x10^9/L; 12 (10.0%) shifted to 100-150 x10^9/L vs 4 (6.6%) on external placebo,0,TRUE,S-FDA-VUTR,"FDA NDA 215515 Orig1s000 Clinical Review (AMVUTTRA, reviewer R.W. Paine MD PhD), Reference ID 4998267",Table 24 'Post-baseline shift table of Platelets in the HELIOS-A study. Source: FDA analysis' (clinical review p.70; [tshiftdb.rtf]/[tshiftdb.sas] 24JUN2021),public_domain,"MEASURED GRADE 0 - an FDA-generated shift table, not a sponsor summary. Reviewer text immediately above the table: 'There were no notable changes in hematological parameters (hemoglobin, leukocytes, lymphocytes, neutrophils, or platelet count) in drug-treated subjects compared to the external placebo subjects.' The single vutrisiran subject in the 50-100 band was already in that band at baseline. N=122 vutrisiran."
