priority,gap_class,missing_item,why_it_matters,sources_already_searched,next_action,stopping_criterion,owner
critical,compound_absent,Oblimersen (G3139 / Genasense) trial-grain platelet data,An 18-mer uniform phosphorothioate oligodeoxynucleotide — exactly the chemistry class the dataset's mechanistic hypothesis concerns — with large randomised phase 3 datasets in which thrombocytopenia was a principal toxicity. Current content is one unassignable secondary clause.,"Vermeer 2026 Table 1 enumerates 3 G3139 studies (source already held, SRC-71A3B9); chemistry verified by atom arithmetic in characterization_sequence_identity.json","Fetch O'Brien 2007 JCO (CLL, NCT00024440) and Bedikian 2006 (melanoma); extract platelet AE tables at arm grain","A study record exists for each with n_analyzed_platelet populated, or the paper is shown to report no platelet denominator",curation
critical,compound_absent,Drisapersen (GSK2402968) trial-grain platelet data,"The archetypal 2'-OMe-PS ASO and the ONLY compound for which the dataset's own curated row asserts a chemistry-dependent thrombocytopenia difference (MOE vs OMe, Vermeer Figure S2). The dataset currently asserts that contrast while holding trial-grain data for only one side of it.",Vermeer 2026 Table 1 enumerates 6 drisapersen studies; per-residue map recovered (mU*mC*mA*...); TMSR526 is unassignable,"Pull DEMAND-II (NCT01254019) and DEMAND-III (NCT01480245) posted results — both are registered with results, i.e. public domain","Both trials recorded with platelet AE counts, or shown to post none",curation
critical,compound_absent,"Donidalorsen (Dawnzera, ISIS 721744 / IONIS-PKK-LRx)","The GalNAc3-conjugated successor to IONIS-PKKRx, which the dataset DOES hold unconjugated. It is the matched pair for the central conjugation question: does GalNAc3 abolish the platelet liability?","Appears as member 6 of the Crooke 2019 GalNAc3 pool (8/24/32); not in oligos.csv, not in label_scan.json's 21-compound sweep",Add the compound; pull OASIS-HAE (NCT05139810) and OASISplus (NCT05392114) plus Fijen et al.,A matched unconjugated/GalNAc3 pair exists with platelet data on both sides,curation
critical,compound_underrepresented,Olezarsen phase 2 dose-ranging (NCT03385239),Bridges the phase 1 HV data to the phase 3 label pools for one half of the volanesorsen/olezarsen matched-sequence pair — the dataset's single most valuable contrast.,"Vermeer Table 1 study 85 (ref 105, Tardif, 90 treated / 24 placebo)",Pull Tardif et al. and extract platelet data at arm grain,Olezarsen has trial-grain platelet data at more than label grain,curation
critical,evidence_class_absent,PMO class — no trial-grain representation at all,The neutral-backbone comparator is the LOAD-BEARING negative control for the claim that the platelet liability is PS-backbone-dependent rather than a universal oligonucleotide class effect. It is currently one pooled percentage against a pseudo-compound.,"label_scan.json shows n_hits=0 for eteplirsen, golodirsen, viltolarsen, casimersen; Vermeer enumerates 15 PMO studies and reports no thrombocytopenia in the PMO selection","Create trial records for the 4 approved PMOs from their posted registry results and labels; a monitored trial reporting no platelet event is NOT a negative, but the monitoring itself is recordable evidence","PMO trials exist as records with explicit platelet_endpoint_evaluable, so the comparator rests on trials and not on one pooled figure",curation
critical,grain_too_coarse,Mipomersen per-trial platelet values,"The largest and longest-exposure 2'MOE dataset in existence (21 database trials, 1,414 subjects, exposure to 4.6 years) is represented here only at pooled grain; 5 of its 7 named trials carry zero measurement rows.",All current mipomersen numbers come from Crooke 2017 pooled tables; sources_inventory holds only the FDA NDA 203568 PHARMACOLOGY review (animal); the US Kynamro SPL has n_hits=0 for platelet terms,Fetch the EMA CHMP assessment report for Kynamro (EMA/305826/2013) CLINICAL SAFETY section — it was already downloaded for its Quality section — and the FDA NDA 203568 Medical Review,At least the four 6-month phase 3 RCTs carry per-trial platelet denominators,curation
critical,identity,TOLG072 / TOLG073 are the same molecule under two oligo_ids,"IONIS-TTRRx is a development code for ISIS 420915 = inotersen. TOLG073 is almost entirely TBD, so it has no sequence and the exact_sequence_group leakage control CANNOT bind it. 2 clinical rows and 199 clinical rows are evidence about one substance counted as two.",Established by chemical-identity verification; deliberately not merged,"SCIENTIST DECISION: merge TOLG073 into TOLG072, or state why they are distinct","One substance has one oligo_id, or the distinction is documented",scientist
critical,identity,7 class-pool pseudo-compounds have no sequence,"TOLG014, TOLG016, TOLG017, TOLG020, TOLG049, TOLG065, TOLG250 represent overlapping subsets of the same Ionis 2'MOE/GalNAc3 set. A grouping key built on sequence treats them as 7 independent compounds, defeating the leakage control.",Flagged by chemical-identity verification; modification_map correctly NOT_APPLICABLE for them,Give them an explicit pseudo_compound flag and a shared grouping label so they cannot enter a sequence-level split,No pseudo-compound can be selected into a sequence-level model population,curation
critical,requirement_open,Numeric purity for all 259 compounds: release-specification criteria AND per-lot test-article purity,"An explicit Phase 2 requirement at 0% coverage. The purity METHOD is recovered for 11 compounds. The release-specification CRITERION is withheld, not missing. But per-lot TEST-ARTICLE purity is a different number from a different document class and is NOT withheld - and for a toxicity dataset it is arguably the more relevant one, because the toxicity outcome came from that lot and it attaches at experiment-condition grain.","CMC SECTIONS ONLY: 12 EMA EPARs (~3.9 MB unredacted text) and 11 FDA review packages read in full; two exhaustive regex sweeps for any purity term near a percentage or NLT/NMT qualifier returned zero numeric acceptance criteria, with FOIA Exemption 4 page-count stamps as positive evidence of withholding. NOT SEARCHED: FDA nonclinical Pharmacology/Toxicology reviews, which publish per-lot test-article purity on 'Drug, lot #, and % purity:' study-header lines and do not redact it. A sibling endpoint staged 10 values (91.4-99.3%) by that route.","FIRST, and needs no contact, no FOIA and no purchase: read the FDA nonclinical Pharmacology/Toxicology reviews for this endpoint's compounds and extract the 'Drug, lot #, and % purity:' study-header lines. Record against the STUDY, not the construct - these are nonclinical study lots, not clinical lots. Do NOT average a lot reported at different values in different reviews; carry all stated values with their loci. Refuse any value above 100% rather than ingesting it. Stage as PROPOSED_PENDING_GERMAN. ONLY THEN, and for the release specification alone: recommend FOIA or sponsor outreach for user review; no contact initiated.","Either per-lot values sourced with lot id, study and exact locus for every compound that has an FDA nonclinical review, plus an accepted statement that the release specification is CCI and unobtainable from public sources; or a sourced finding that this endpoint's compounds have no such review lines.",scientist
critical,structural,"460 of 1,462 human rows have no evidence-unit record","The 451 human-laboratory and 9 unresolved rows have no counterpart to studies.csv, so a consumer joining measurements to study units silently loses 48 distinct oligo_ids. Correct that they are not trials; incorrect that nothing says so.",human_lab_evidence.json holds all 451 but has no verdict/notes/unassignable field and no registry_* counterpart; unresolved_rows.json has no source_uid key at all,"Emit a non-trial evidence-unit table for the human laboratory rows (unit_type=not_a_study), keyed on source_uid",Every human row resolves to a unit of some declared type,curation
high,compound_absent,"ISIS 5132 (c-raf) — 6 enumerated studies, zero dataset presence","First-generation PS oligodeoxynucleotide, same chemistry class as oblimersen and aprinocarsen; the largest study block in Vermeer Table 1 after mipomersen and nusinersen.",Vermeer 2026 Table 1 (source already held),Resolve the 6 Vermeer entries to primary reports,"Six study records, or a documented reason each is unobtainable",curation
high,compound_absent,Pelacarsen (TQJ230 / AKCEA-APO(a)-LRx),"The only GalNAc3 2'MOE ASO with a completed large phase 2 reporting platelet counts, plus an 8,000-patient phase 3. Exists here only inside a pooled row.",Member 2 of the Crooke 2019 pool (13/45/58); the pool record names NCT02414594 as a candidate and declines it,Pull Tsimikas 2020 NEJM (NCT03070782) and Lp(a)HORIZON (NCT04023552),Trial records with platelet denominators exist,curation
high,compound_underrepresented,Aprinocarsen / ISIS 3521 — 5 of at least 6 trials,"Thrombocytopenia was its dose-limiting toxicity: the cleanest DLT-grade platelet signal in the oligonucleotide literature. One record exists (n=21, no platelet value).","Vermeer Table 1 studies 3, 4, 61, 70 give denominators; sequence, length, sugar chemistry and ps_count=19 recovered this round from the CAS chemical name","Fetch Advani phase I/II, Nemunaitis, Rao, and the Paz-Ares 2006 JCO phase 3 NSCLC programme",Each trial either recorded with a platelet denominator or logged as reporting none,curation
high,compound_underrepresented,Alicaforsen — 3 further human trials,"The dataset's current conclusion for alicaforsen is 'this source contributes NO platelet evidence', which is true of the 22-patient PK paper it rests on and false of the compound.","Vermeer Table 1 studies 99, 100, 48; the dataset's own record documents a registry search that returned ISIS 2302-CS20 and -CS21 phase 3 Crohn's and then created no record",Create records for CS20/CS21 and the Maksymowych RA trial; extract platelet data,Alicaforsen's platelet evidence is stated at trial grain or explicitly shown absent,curation
high,compound_underrepresented,"Nusinersen — 5 of 7 enumerated studies, incl. SHINE and NURTURE","SHINE is the long-term extension, which is what a duration-dependent platelet effect would need. The SPINRAZA label also names a High Dose Regimen study (DEVOTE, NCT04089566) whose platelet decrease the dataset quotes without creating a record.",Vermeer Table 1 (7 studies); SPINRAZA SPL section 5.1,"Create records for NURTURE (NCT02386553), SHINE (NCT02594124), EMBRACE, DEVOTE (NCT04089566)",Each recorded with platelet data or shown to report none,curation
high,scope_decision,Pegaptanib (Macugen) and fomivirsen (Vitravene),The first approved aptamer and the first approved antisense oligonucleotide. Their absence from a dataset claiming class-wide coverage of human oligonucleotide platelet evidence needs either a record or an explicit scope exclusion.,"Both recorded as NOT PRESENT IN THIS DATASET by the CMC agent; label_scan.json returns 'no SPL found' for both (fomivirsen withdrawn 2002, pegaptanib superseded)","DECISION REQUIRED: add both, or state the exclusion and its reason in coverage_and_limitations.csv",Either records exist or the exclusion is explicit and reasoned,scientist
high,source_defect,Vermeer 2026 internal double-count of NEURO-TTR,"Vermeer Table 1 studies 8 (Benson 2018) and 101 (Yu, immunogenicity) both report 112 treated / 60 placebo — the same trial twice — so its headline '101 clinical studies / 6,163 patients' is inflated. The dataset holds 10 curated rows derived from those pooled figures.",Established by resolving Vermeer Table 1 against the fetched full text,"Caveat every Vermeer-derived row; do not quote its headline totals. Also: Vermeer lists eplontersen as intravenous (it is subcutaneous), contaminating its intravenous-subgroup thrombocytopenia analysis, and labels study 57 'tofersen' when it reports ISIS 333611.",Vermeer-derived rows carry an explicit source-defect note,curation
high,structural,8 clinical-document extracts left unlinked to their resolved trial,"TMSR599, 643-647 (SRC-EAC193, imetelstat FDA review) and TMSR1778-1779 (SRC-2A425E, Waylivra EPAR) are mechanistic studies reported inside regulatory dossiers whose clinical arms are fully modelled from the same documents.",Identified by the completeness critic,Link these rows to their programme's study units,No row from a source_uid that anchors a study record is left unlinked,curation
